login,cluster
AguaPotavel,2
yianzaratin,0
italosantana,1
eymel,1
Justice-Orogun,1
AndreSousaaa,0
softdream815,3
Adarsh9616,1
uadson,2
Lazytangent,1
hiagopsilva,2
driellyps,1
jsilva23,1
rafaelaprm,1
antoniomedeiros1,3
migueravila,1
MarceloIMenezes,0
brunojuca,1
whitedragon3257,2
cvinicius369,2
datrexora,2
GihanJeewantha,2
SUBSPACETR1MINE,2
xbze3,0
fschmid311,0
JagadishSivakumar,1
alicaglayan,1
Siddharth1698,2
mikegwhit,3
Programming76,2
edu-bot,3
h4m5t,1
Ninolos,1
renansantosmendes,1
GeunSam2,1
gcamargos,0
digisaude,0
taisserodio,2
LucasCalabria7,2
Afmjuniors,0
gb-franca,0
beatriz-soares,0
lemtd,2
adoniasdantas,3
marianaccq,2
kathleenrego,1
periclesmacedo,0
luciangomes7,2
marcosjoao37,0
AnneGoncalo,2
Trunkol,2
AnaGoncalo,2
carlosemv,2
martalais,1
carolmb,2
harguus,1
totabraz,2
DNACenter,0
Ramon-Mateus,1
roliveirapereira,2
BrunnoFOS,0
niedsonf,3
PedrooHcb,2
BLRocha,2
SauloDanielArts,1
joelbrs,1
alisonMendes01,0
rafaelcicerojoe,1
SamirSouzaSys,1
gabrielborralhogomes,1
xbaldez,0
gabrielsilva28,2
brvcelose,0
Soliun,1
Hematophagus,1
souza-jpeg,2
pedropva,2
neliareis,1
YagoGomesDaSilva,2
Caca404,2
GustavoMiyagawa,2
luiseixas,2
diego-rib,1
GustavoLemes97,2
gabiazevedo,1
josanjohnata,1
lucianolanes,1
bigbigDreamer,1
rapadilha,0
RafaelCes,2
vitor-m-cardoso,1
bbeatrizr,1
Arthur-Ita,2
Rafael2208,2
frederikme,2
congshengwu,2
gsabreudev,2
MoisesCatonio,2
deyvidwms,3
alanIF,1
gentil-eilison,2
nilmarlanna,1
Lucas-Braz7x,1
cogumm,1
mathlima1,0
gandhigautam,1
brunasdcosta,0
HemersonRafael,1
joaomendesln,0
vitorhenriquec,1
Larissagilliane,2
daniellycosta,2
nandomaciel,2
AndersonSMed,1
ja0n,2
italovieira,0
sarasouza18,2
gellyviana,2
jpholanda,2
edivaniap,1
thaislins,1
raquel-oliveira,1
SeuRAUL,2
santii,1
zrcing,2
StefanYohansson,1
erick003,2
gjmoura,3
AtysonJaime,1
silva-thiago,1
gashawgedef,1
Eness92,0
mjamilasfihani,1
jeroenvanwissen,1
pknb213,2
SalamanderCtesiphon,2
aniebietafia,1
El-Potato-Slayer,1
suncheck1988,2
ozturkgizem,2
abu3beid,1
lucapelorosso,1
mintrix,3
pkumars397,2
bugratemirci,2
yangvi0158,2
Theedon,2
bmurenzi25,3
DanielEmill,2
binos30,2
qmclouca,1
junxian428,2
Alekla0126,2
q33071802q,0
PMunyao,1
lcslima45,2
jyotirmoydotdev,3
tianlinxu312,0
guitarkeegan,2
bertanulusoy,1
JonesGP,2
balogun1104,2
niba291,1
LHCyGan,1
majestyjnr,2
DouglasSilva2,2
danilomonteirosouza,1
ismetskoy,3
BilalLiaquat7,2
lfrclnando,2
smahmoodh,0
fly51fly,1
Neos21,1
ugrkilc,1
caiocampos,2
tr-secgeo,1
ValenValine,0
JagaChirag1,0
Rahim-Dashti,0
Mansourtavakoli,0
kxndemir,1
SELIMCNR,1
gold0518,0
ryanfavour4,1
0xr0ss,0
aliirzid1992,2
Antonio-112,0
cyb3Rs0c,2
raulsanmartinuuc,0
milan8008,2
YigitEsmen,2
mateusvpassos,2
lucaspereirasouzat,2
jazdmiller,2
ada8fshr,2
alanursirin,2
AnuragNagare,2
pdumonte,0
huzgrx,2
BILLKOLOS,2
Gabtech1,2
rmoujan,1
lucaszaningraciano,2
Thaliaraujo,2
buemura,2
smartman1234,2
enzocaudron,0
LucasBorges4,2
azharali9,0
FelipeAlmeida010,2
technologiclee,3
fbiohenrique1,1
DyegoWolf,1
hirokisaito912,1
jeo17,2
basaranseyma,2
GessycaBorges,2
AHGh1386,2
BeamlakAschalew,0
rarikmilkrai,2
medazza,2
NimaKhajehpour,2
Barbalho12,2
marcielleal,1
JohnVict0r,1
0xopsdev,1
flyphoenix31,2
iPankys,2
benbobyabraham,2
OmniSharq,0
thyall,1
eduardobezerraz,2
mjkats,0
dougdotcon,1
shayanizi,2
Summair,2
sefaerkan,0
jawad846,1
lucaase,1
Douglas88,0
who0sy,2
neonek26,1
Igor1208gabriel,1
brubabarbosa,0
ahmadsafirun,0
wendellmeset,2
mthlssn,2
em4nuelvt,1
EdmilsonOSJr,3
RamonGiovane,1
Talita-Izabel,0
matheuslrd,0
taisadefante,2
leonardorifeli,1
roytmanpiccoli,1
cuteman9969,2
Pratikdate,2
keila-camara,2
extremecode716,1
toshinestar,3
hunnyUnicorn,0
mehediislamripon,1
BillZak,2
herialhanif,3
OlehMarkelov,3
supervoid0,2
justinm45,0
ErtungaYusuf,2
stanislav0412,1
Majumder99,1
GustavoBomfim,0
imvickykumar999,1
ProgramadorWebJavascriprt,1
Natasha2121,1
mrlemoos,1
rtkktr,2
TSolutions3A,1
typor,2
umair90malik,0
MeIzSaiPranav,0
Pierrot-l3-F0U,0
sumeet85,2
satsvelke,0
tbmeans,0
TabutcuReis,0
vishakh-abhayan,1
belajarqywok,1
LewdPain,2
deborabastos,0
MecaFlavio,2
lazarm520,1
gavanwp,1
lw9730016,0
playingbird,0
Bukunmi-sketch,1
mlpao500,1
infinitesky4444,2
aidinboy,0
alwayswithu0712,2
serhiidev23,2
mustafaayhan1,0
AbdulrahmanMasoud,1
alirezatayebinejad,0
galkinreno,0
merwin-asm,1
Ritzkhan,2
lautaroifranecho,3
timbertinker,2
FatihArslan-cmd,1
zakirkun,1
trulyursdelv,2
lalitpatidar-001,2
mary-h-dev,0
Mojtaba-Ahmadzadeh,2
josemle,2
speedspeedo,2
nnadii,1
darkhorse34,2
mickey951112,2
denpiligrim,1
enyasantos,2
lkim227,2
thamiscoder,2
General-Bradley9608,0
chicolucio,2
rafael-hsm,1
Mohamed988o,0
tiagotardelli,2
c137santos,1
aurohm,2
schrobingus,3
hectrhcc,1
IsrafilHallac-ih,2
moxie-coder,1
TgkCapture,1
Linf0rd,2
Gary-In-IT,1
moixllik,1
Arkadiy2907,2
vladislav0sidorov,2
muradorucov,1
tyronejosee,2
Floturner,2
LorenFiorini,0
Angelina1530,0
Shekswess,1
omerhalid,1
pattiesanchez,1
grini850,0
rkenneybrew,1
Farid-Karimi,1
MaximGudkov,2
keith-flynn,2
KingTiger0930,2
hamidgharibe,2
aboveStars,1
AAyar94,1
Kimyagar,2
HermannDouglas,0
TitoBotelho,2
AlbertSolomon,2
MinenhleNkosi,1
Cs4K1Sr4C,2
wongwil,1
nhatnv6767,0
adithya1010,2
rafeul19,2
mig21010,3
john-eric-rocha,2
Stormyisland,0
Sl1nd0,0
Sara-ibrahiim,2
jwald3,2
vaisx05,0
a-thind,2
NipunaRanasinghe,1
DAK404,2
G-MAKROGLOU,2
paulohscwb,3
Alitindrawan24,1
ArashShiri70,1
bstordrup,1
ATravelerGo,2
Cardkess,2
ronnmabunga,2
U-Keun,0
kadirlua,3
novacat25,2
shinydev618,2
jemmy9211,3
misterrager8,2
NikolaiProgramist,2
Teriks,2
guiIher-me,3
Ichrafsassi,2
Deangeles-Augusto,1
AndreyJVM,2
dharana77,0
Alvalens,1
quintin-dev,1
beIove,2
Marlon-Sbardelatti,2
afsalat,2
thangtrantt,2
dragon-web,0
saharmv66,2
MHasannejadi,2
Syaw0,2
eross220,1
Anpidev,2
Peharge,2
gocklkatz,1
rajarshi-mandal,2
danialtrehan,1
iiwoii,0
Bosbacl-Bobur,0
mohamedhesham221,2
Usman600,1
Alexandre-Saldanha,0
rozdolsky33,1
gokturkturan,1
Zer0-Bug,2
apenfe,1
SudharakaA,2
RameezRS16,2
angrybee7,1
muladz3gio,2
Courtney1122,0
kenrique100,1
sametrozturk,0
harunkarakaya,1
mohammadrezarouhani,2
owokosteve,1
aliemdadi,0
Frozen-210,0
welderessutti,2
JOSHUA-A69,2
evgeniy-dammer,2
Manuelentrena,3
1argeD,2
solidsnk86,1
yacin-hamdi,2
Sameersawant77,0
muklisaprilian,2
Jooker302,2
HamiltonMultimedia,2
Aali34362,3
LamichhaneBibek,1
KNOWN-AS-JJ,1
Absattar22,1
WaS-Studio,3
Zack4DEV,1
tobias-barakaa,1
syarief02,1
seyyed-amirreza-hosseini,1
weldthami,0
moein-shafi,1
Autinfit,1
Buddhikanip,1
Donald1597,0
osjasmine,0
Hossein-Haghshenas,1
EvsMikle,2
mamadohack,2
flavokrkkk,2
danielBRTanimacao,2
Dominic2000code,1
Hamzeh01,2
jitzian,1
gpbreis,0
kinuthiaduncan,2
eflatuna,0
weznn,2
gabrielmjr,2
ethvoyager95,0
nimdz,2
holikyan,2
Debang5hu,2
elephant402,2
slensoft,2
sergei-kruchinin,0
GACanova,1
djsmacker01,1
THEKINGSTAR,3
awgeezrick,1
alexspurlock25,2
krishnasism,2
LinaYorda,2
quartermaine,0
ms3c,1
Borbiro,0
grossiwm,0
Jisencc,2
nezhanour,0
amusukwa,2
TheVeryDarkness,2
404c3s4r,2
pefbrute,2
brian-chebon,2
basaktepe,0
habitCoder,1
FelipeGodoy1,0
oyabun-dev,1
Chikun2004,1
CENGTOKSOY,2
ben-dh3,2
Saeed76a,0
Susan56789,1
PessahDerek,2
erdincerdgn,2
katon26,2
Pedro0000000000,2
SpaceSkater,2
WenDEVLIFE,1
MatheusAlvesPereira,2
corecaps,2
rgvbatera,2
Paul-Cavain,2
visaladi,1
cihandundar,2
ProVisionDevs,1
spacey-cadet,0
wendi777,0
Jiimboeq2,1
tainnsre,1
pranavagrawal321,3
marmila,2
georgetoloraia,3
WellingtonEduardo,1
Mudavath-kumar,1
XpertForexTrade,0
orlein,1
7k8m,2
hmert,1
littlepanda225,0
top-comengineer,1
abhinay5993,2
dunwe,1
Nik7s,0
NellaManzi,2
Pizhk,0
AquiraS,1
erfuuan,2
Stink-Po,2
shinjons99,1
applewood101,1
BharatVarshney12,1
GKARLOZ,2
maxzaikin,1
Jon2G,1
KK-9684,2
256-daisuki,3
ubeydeozdmr,2
Muhammedessam11,2
DrxcoDev,2
indranil143,2
Ayoub-Benramdane,3
mariarodr1136,2
behnamne,0
Oliviashen12,0
BehnamAkbariBm,2
Ahiamata-Gabriel,2
Frombull,1
altifuse,2
LRAbbade,3
satenmasha,0
idkvarg,2
alvaromfcunha,1
ItaloRez,2
Gfacch,0
yaswho,0
PedroNB10,1
jenirfs,1
MatheusBraga71,2
George-Luis-Costa,0
alanfranciscos,2
Ewel10,0
aureasiqueira1,0
ghmpessa,0
vitordangelo,1
cauevenancio,0
fr4ct1ons,2
felipecolares22,2
mathiaslima,1
pegalvao,2
LucasG4K,3
matheusvra,1
oilucaslima,1
Max-X2,2
KuruiJoanjebiwot,0
sucepass,2
chris-ruther,1
Farzad-a1,0
alexist2623,2
iamirsalimi,2
Matross-20,2
Iskandarovih,2
xelvhk,1
innocentemutabazi,1
AdityaBhusal,2
jeanfsantos83,1
CodebyCyrus,2
Suryadeep36,0
LeoMSgit,2
code-polaris044,2
rmottanet,2
Samukelokhathi,2
dengaertig,2
BarriosXJavier,2
kdingin,2
urlichelim,2
Lewelling24,2
byroncarsalade,0
NathanAlmeida2006,2
joseph-smith-swe,2
ICodingStack,1
GabrieleGlinni,2
enthusiastdev121,0
Omar-Muhammadd,0
Finaldestinatixn,1
zhenrong-wang,1
bibashjaprel,1
Jackso010,1
TiyisoWolfiez,2
Emma-watso,0
md-jahid-islam,2
0xpellegrino,0
techcaptain83,2
Alirezz2020,2
7flash,1
arthurkoblet210,2
suxrobGM,1
mosipamo,1
jnopareboateng,1
RobertArustamyan,0
NoemiaGitHub,2
em-1001,0
ImanRHT,1
robertobouses,2
alwaysPasindu,2
KomkovAleksey,2
0xMatts,0
imaarov,3
OrionFable,2
DataRaj,2
johnwangwyx,0
SilverFalcon13,0
Epimais,0
ahmad01ali,2
viinii3,3
robert1811,2
TechTalkZach,2
ankitsinghh12,1
LadyJessie19,1
MAR-AM,1
klcreech,2
carloseduardobertucio,2
DzaferDz,2
getahunabr,2
MohmmadTikani,2
SinaMasterMind,2
kishan-ghetiya,1
jlcarrascof,1
nyancatenthusiast,1
Kylewalker69,2
gideon-simiyu,1
YesianRohn,1
shinaayomi,2
LonguiVic,1
whopperburger,2
Said-Ait-Driss,2
sven3270350,0
tacknuzz,3
valeriaoutr,3
safuco,2
senior106,2
tullisdebbi6,3
sarahaskel6,3
rankkize7,0
zachsbloodshed,2
Sudhanshu-Ambastha,1
devgabrielnascimento,0
Dosssei,1
cemetery-girl,1
DEVitor0,1
special-kate1004,2
japhethkemboi,2
cryptoniknik,0
Digitalpuuret,2
Seera-Kon,3
denishy-sh,0
DULCEH0RROR,1
TamarSalomon,0
tusastudio,0
RInsomnia,0
HighAmbition211,0
m7zr,0
seniorreactjsdeveloper,1
kdn0325,2
Ernestomwenga,0
Gjadam,2
peeerlesscucumber,3
siracsimsek01,1
yazid113,0
johnny-estrada,2
PixelNon,2
kafilat1210,0
ketchupowlz,2
Kami-don,2
elmur0d11,2
Sai-Ishaan,2
lucazammataro,1
mahdihasanaghaei,2
Sharmadipti98,2
AymanMady,1
kumsa-Mergia,2
xaviermontane,1
Ciprwoo,2
Danteon0,1
Pixelaspin,2
QuantumCryp,2
lwilk0,0
Areenzor,1
KKMOfficial,2
4u70mata,0
miracleheras,0
STEPHEN5576,0
amineleghouil,2
PRASANTH-MARSH,1
hoseine6,2
Magic-Glove,1
softstar116,2
NeverPlayFair,1
rdmrcn,2
githubAloksingh,2
marciodinizdev,2
randomlee101,1
themehdihn,2
JeanSousa6,2
Ayokanmi-Adejola,1
Vir4bot,2
nazari63,0
Jonathan0823,1
12ELICHA34,1
Angelysis,1
Neddie28,2
haknkayaa,2
anwartarekA,2
LanaRemenyuk,2
GeekAadityaSinha,2
Eznone,3
alikargar1,0
EmineTKN97,2
dark-royal,1
mohsen-abbasian,1
DavidJackson07,0
bolarmqioc,0
AmirhosseinDehghanazar,1
kimalfredmolina,2
rudrabhikadiya3,2
Nun-Thee-Knee,2
mahdi00007,2
topi-debug,0
TheCollinsByte,1
jhonbergmann,1
mohammedibrahimshawon,1
MuhammadHassaanArain,2
RDEV-K,3
Vishwas567917,2
mee-omi,2
Yohannes90,0
satmee,2
ahmadammarm,3
lualourenco,2
arekkusu66,2
catharygr,2
teradorad,2
RoshanKumar770,0
vanreagan,2
Intellectro,1
Chirag-S-Kotian,2
dexxxxca,2
rubydamodar,1
ShreyaTripathi1,2
karupuhhpoeg,2
Yonatankinfe,2
banuskya,2
ratanyadav476,2
ilhamjaya08,1
alexjoshva,2
ReDxDaGer,1
SaqlainMuhammadd,2
harshithur,2
muhammedshahinshapottayil,2
ismael-figueiredo,1
fordcheva,2
Ariashakoo,2
yehezkieldio,2
mubarakumn,1
Taksh-Fv-cKK,0
BrianKani,2
CombiningIdeas,2
navinxqz,2
khawnjei,2
maruguMo,0
masoudjooon,2
JosephLlacchua,1
BitCoinDanner,0
likhonsheikhcodes,1
josealvesmacieljunior,1
maskegger,0
bitsondatadev,3
suriyaa,2
lesha0,1
srcmaxim,0
crystalduran,0
chetanspeed511987,3
uFuinha,0
1Breniin,2
rafaelarojas,2
gustavo-coro,2
gabubits,0
rvieira5,0
arthurvieirasilvaa,2
Vinicios00,2
waashk,0
isaacrpl7,2
rianwagner,0
guilhermeparedes,0
pedro-gn,0
lcpmelo,0
ManoelaAA,2
lGuedes01,0
curciogabriel,2
Tucho64,0
enzocipriani,1
zRafaF,0
BrenoSantoS2,0
luigi-raynel-dev,1
elvis-s-lopes,0
DanielSSobrinho,0
WillianHilquias,0
dornelasjg,0
guidvieira,0
misterclayt0n,1
raissavieiram,2
loreggarcia,2
maluizza,3
Matheus3007,1
matheus-assis-iteam,0
joaomarcos-sam,3
filipehcunha,0
Gabriel-L-Barreto,0
samaracarvalho09,0
MarianaCostAug,2
romulo-drl,0
Isabela13,0
Rodrigo-sky,0
lucas-thedev,0
geflx,1
Francisluckyxxx,2
Brunaolimene,2
smash616,2
JoseAntonio5,2
Marianalima31,2
BrennoAlves,1
nanocamara,3
IruamCandido,0
jaciara-silva,2
abilioj,0
NeemohCaetano,1
caiolimajf,1
WalberRanniere,2
brecarv,0
gustavolaires,0
Jemimalicia,0
devPedroFreire,0
HaseoBoss,3
Olympior,0
airtonsalviano,0
rogarfil,1
SeltonB,0
renatolavor,1
clahzita,0
helenanc,2
HenriqueOtsuka,1
albuquerquejp,2
darlannakamura,0
josemar-junior,2
GabrielMCPinto,1
p-r-o-g-r-a-m-a-d-o-r,0
andres-alippi,0
AlessandroMarcioCosta,0
cma4321,0
heliobrandao,0
RossettoLucas,0
valter-jnr,0
warSantos,1
AlineDominique,2
ch-soares,0
yorevs,1
davisbalbino,0
Gabriel-MReis,0
RaphaelRFreitas,3
JTavar3s,2
Otaviosil,0
guialmm,1
coated82,0
aguainsalubre,0
mateusfcarvalho,2
joaolucasgs,3
PedroVilasBoasVasconcelos,3
IsabelaRezendeB,0
tefsz,2
GabrielGuimaraes12,2
lucerothayana,0
Felipee1236,0
Jonathan-Stefan,2
aurearibeiro,0
texeca,0
AnnaBittencourt19,0
fabiolamin,2
IamNivestar,1
antonio258,0
Rafael-Mariano-1990,0
resende1776,0
vitorsvl,2
AlaPedro,2
antenoracoliveira,0
brunopaim,2
OfficeJr,0
moimanu,2
The-greenpanter,2
Mariphy,2
jeturgavli,2
marcosbarrosx,1
joannamagdalena,2
wskraymond,2
libragold,3
rusterman,1
realcoding2003,1
cisqo,2
mbhangui,2
armujahid,2
amirofski,1
nijahdon,1
qindj,0
dannyuff,1
imanpajand,2
arcanoix,1
vikat9596,2
jmjardim05,2
V381,1
Achour,2
YauhenBichel,2
xingguang2013,0
tumoxep,0
behnik,0
EverRest,0
sanikumar,0
khallmark,2
MikeLegemah5799,1
DrumRobot,2
eltonlaice,2
cpiprint,1
RegiAdi,0
selcukgural,0
kimolalekan,2
vcappuccio,0
MiguelMendozaMolina,2
artemboyko43,2
polsebas,2
kodsher,0
ewitz,0
jimd-den,3
tromenArarat,2
0zymandia5,1
sternelee,1
normanmunge,0
mtahiryilmazz,0
BiancaADJ,1
deivisonpimentel,0
JJHannah,1
KhushiBajpai2003,1
marcosfmd,2
1two3code,3
girobusan,2
howeih,3
mascenaa,2
emaraschio,3
kotatu0047,2
fabiops21,0
antoniofullstack,2
Enoch02,0
aidatorajiro,2
houzhongjian,2
joaopaulodotbs,2
projektorius96,1
BerserKess,0
liliang-cn,3
1834924958,0
arrofirezasatria,1
tino097,1
Freezler,0
Bushra-KB,1
werdelesmarcio,1
rafallltm,0
c2700,0
m-zakeri,1
joelsena,1
moeinparvizi,2
Diegorinio,0
MelikNabiOzcan,0
wilcilene,3
KudakwasheM,1
antonio-petricca,0
ccollins77,0
GiovanniLeite,2
edumangabeira,1
minthantsin,0
WillianArana,0
athoulmuwafiq,2
rodolv-commons,2
annalug,1
manny1001,2
onuralpszr,1
joivo,2
dedesyarif100,0
noahalorwu,2
saeed-raeisi,1
joaodeconto,3
kayac-chang,1
dargor980,2
wentura,0
RamazanKara,1
spolo96,2
lucasbatistaf,0
RochaAriel,1
nima-shokri,0
thorseraq,0
Thomashighbaugh,2
Leonnardo21,2
MohitKambli,0
ahzorek,0
vorthkor,2
hujuu,2
SouzaCleber98,2
Fernanda-Kipper,2
PedroCorcaque,2
Thiago-Costa1,1
almeida0801,1
vitormanoel1,1
GuilhermeAndre2,0
pachicodes,1
hitoshidevx,2
Merces-dev,1
dev-Leal,3
Samel-OP,3
ismott,0
Meuniki,0
Leonardoliveira,3
chibobinho,1
patriciahaddad,2
jucelinopinheiro,0
carlosmorette,2
Flavia-OlSi,2
joysenaidevs,2
marianohtl,2
ksriness,2
fabiano-oms,0
Nakkat,2
odirlei-assis,0
Rafael-P,2
brubribeiro,2
Mateussantis,0
Migbari,2
RichardLucas12,0
rootMaister,0
nilson-coder,0
akhena1,0
ArielMn22,2
llucasgregorio,1
bren-lari,1
Aleixoslary,1
FernandoMello10,0
alefwhite,1
williamcamasil,1
Nathalia-Novais,0
s-f22,0
GuKeiji,2
ferreira-ed,0
SamantaMelissa,0
GSolivier,1
GabrDeme,2
LameckVieira,1
KidChoque,2
JoseCMessias,1
RenanDevWeb,2
prgfe,2
hakstol,1
JoVi0li,0
mmarcolino,1
BernardoDeveloper,2
CardosofGui,1
wesleywisch,2
ricsonl,2
denisluciano,1
HpDiniz,3
FabriciaDiniz,1
marirodriguesxx,1
rafaelsilverioit,3
DaniGomes,0
daniellf,1
RickyMarq,1
Ruandersonvieira,1
maykemoreira,0
lcnunes09,1
wilcorrea,1
KeylaRocha,2
gbrwbs,0
hiperesp,3
mauriciomutte,1
gabrielduete,1
guissalustiano,1
rheimon1,2
claudiacdlira,1
zsmn,1
viniciusnicassio,3
gabiqrm,2
eududalim,2
WeslleyDeziderio,2
GustavoGomesDias,1
VictorPMello,2
lidiamariano,0
isabellasaldanha,2
AndreWar10,1
joao-pedro01,1
pedrogamedev,2
joaopauloteo,1
jean-carlos-cxp,2
andcecilia,2
jhonatanferreira94,0
biribrinha,2
adrianlouis,2
jhordanleandro,0
Ananogueira1,2
t-rindade,2
SrAmerico,0
gustav0d,2
Streeterxs,0
kszinhu,1
edumaciel10,1
samueldurantes,2
pjonatansr,1
luanfonsecap,1
fernandacostads,0
WilksonPedro,1
pedrohenriquebraga,1
Pedromdsn,2
jeffersondenilson,0
ViniciusMaiaM,1
aripiprazole,1
GabrielaMarculino,1
IgorVinoski,2
alandeev,1
nelsonmfinda,2
julianaibiapina,2
lucasgabriel13,1
jvrapi,2
M0nicaVaz,1
contextfree,0
willamys,2
rickalves,2
daniloikeda,2
EldarAgalarov,0
josemauromani,3
NeoHuy,2
ggirlk,2
Triad-0112,1
josueschiavini,2
AnneMayor,1
luanargolodev,1
esrodrigues01,2
g1f1,1
andyosei12,2
logreg-n-coffee,1
gabrielestevo92,0
novoamz,1
jacivaldocarvalho,2
sLaNGjI,1
johnmaster208,1
4eek,2
galek,1
IaraLima,1
ferbs89,2
ya-kimura,2
tacheshun,0
davidmalcoci,0
Leo-Teles,1
ridwanzal,1
iamsywid,2
emaestre,1
KhaledAchech,0
oguzzarci,2
WhyouDev,3
umart94,0
DorovanBR,3
jhonatanjunio,0
gustavoalcantara,1
faisalantu,2
lfost42,1
mebarbieri,1
Nikola-Mircic,2
EaststarKim,1
chrislorando,2
amr88nzzal,0
enofeb,1
toptunes,2
dotavi,0
AmineArif1,1
behnood-eghbali,2
Esther-T,0
ungkaku23,1
zaioll,0
ysneshy,1
alexandrehtrb,0
stunoir,2
davenakasone,0
jeanOlivSou,3
AnhellO,1
lucaf-silvestri,0
griffan113,1
vagnerlandio,1
madosuki,2
VitorTIROO,3
juanmarin97,3
hanhlinux,2
shaykhullinsergey,0
danilloubr,1
unitop010,1
rajibyo,2
LucioFex,2
DiegoBr7,2
nthnn,2
luanbatistadev,1
DarkKnightSafe,2
sixper,0
abumoklasur,2
amirmansoor97,2
curx,3
MIDHUNTA30,1
olusiekwin,3
blitzkz23,1
matheuspdf,2
sisouza,1
RamonPPessoa,2
AbnerSilvaBarbosa,2
alexcmgit,2
Martins-Guilherme,2
gustavocastrow,1
thiagolopes-dev,1
ranielcsar,2
walacefex,1
BhoiDanny,1
dudagenehr,2
AntonioArtimonte,1
pedrofracassi,2
alexdiegoo,3
laizahpimentel,2
JG-OLIVEIRA,2
at-raposo,0
livia-lima,2
francielekuchler,2
KleberBarilli,2
JoaoGabriel-Lima,2
andreza-vilar,1
nicolyteixeira,0
dntfindmel,2
ItsTonyy,2
FranciscoWallison,1
JuMayumiC,1
athena272,1
falcao-g,2
Camesis,1
leofkin,1
MarlonJerold,0
lariiscriis,2
LeticiaBHB,2
lucasvarino,1
dionisioedu,2
Z-iE,2
celenny,1
Milleni-Karine1,0
leeunam,2
KelvinLR,2
zirondi,2
d1av,2
pablovianas,2
matheusBraga10,1
KingBael09,1
alvdelci,2
Aldevan7,0
wooonderful,2
jacksonsr451,1
jhonipereira,0
michaelvianas,0
JoaoPauloPai,2
mari4souza,1
luangf,0
endioliveira,1
brunohhomem,1
YuriSamp,2
EmersonJesus,0
JOAO-LEE,2
kauefraga,2
LuanSergio,1
wesnds,2
ElladanTasartir,1
nataliagranato,1
Daniela2319,2
AidaHashemi,2
kimya-h,0
LucasMallmannEich,2
GuilhermeOnizio,2
fabricio-fn,2
Bree-codes,0
kennyAnyi9,2
kaw101010,2
sneedman1337,2
motishokri,2
TechBond7,0
annyjhulia,0
mamaopapaya,0
devhijazi,2
victorlisboa,2
BurunoVargas,2
anabborges,3
paulovictorbrines,1
auntduda,1
valencprado,2
CADU110,1
henriquecq,3
Murilou170,2
lukeddy,1
juanbono,3
ultros,2
takeratta,2
metadings,1
bretttolbert,0
ckormanyos,0
marctmiller,2
gumuncle,0
salomaolopes,0
zokeber,2
alanhaggai,2
builtinnya,2
zakame,2
tigefa4u,0
vtorves,1
jlstr,1
djanatyn,1
abispo,1
yosvelquintero,2
kauelima21,1
natagr23,3
carolinelds,0
luysla,1
elidianaandrade,1
Heiny-H,1
LogicHarvest,1
FSantosx,0
hericklima22,2
EliveltonSouzaDev,2
RodolphoVSantoro,1
mpotane,2
poteburion,0
Octavio-Pedro,0
ramirezmz,1
chihiro888,1
CiceroLino,2
ricky-setyawan,2
Cleber-0101,1
jonascavalcante,2
Guruji2009,0
DeboraBallHor,2
vini54,2
victorleonardi,3
attractiveDev,2
celsodantastech,1
WellingtonSB,1
ruymon,2
Feruaro,1
PedroLimass,1
nszchagas,1
MaheenMohid,2
emysdias,1
fcd007,2
oloko64,2
rafaelbmateus,1
durvalcarvalho,1
andre-sakuma,3
Thiago-spart,2
gigezuato,2
leandrorangel94,2
DantasB,1
YuanData,2
FernandoMontanari,0
meugenom,0
gabyden,0
ChristopherSWest,0
hugoarcanjodev,1
joaoplay16,3
omrgrcn,2
towsif031,1
duncanyoyo1,2
sbeou,2
x0rw,2
joshuavoydik,2
rizalgowandy,2
bepersevering,2
noraliucode,0
ksmasemula,1
joelsonfoliveira,1
nathaliaifurita,1
arafajs,2
leo-reyna,2
augustosilas,2
felipecandian,2
fernandnsp,1
cassiamaria,1
thaisaraujom,2
hudsonfranca,2
PauloBarboza93,2
felipelsouza,2
muNeves3,1
andersonhsporto,2
huogerac,1
jadaun-sahab,2
JNicolao,2
YanaGlad,1
natalia-sampaio,2
alvarosiles11,1
GulsenZalova,3
Amber-Robeck,2
crismgsp,2
serapo,1
gleicelisbino,1
Marione-Tainara,3
BrilliantPhoenix2024,2
Luciana-Santos,2
sergeysmolkinhtml,0
Karen-Carvalho,2
yonahirakawa,1
1lugesya,3
developer-fernanda,2
IsabelleBatista,2
ShivangiiSharma,2
udyogi-siphara,2
NurkaAmre,1
Nabi171,1
klc-pakize,0
yaagmurss,1
michelelozada,0
Amanastel,2
kaderbozkaya,2
H-Asmaa,2
MaiaraSanto,1
Isis-gsantos,1
DevTnbad,2
marcelodmmenezes,2
gaabrielfranco,1
ronaldosvieira,1
jvcouto,0
marioasp,2
iuridiniz,2
batoreh,1
jhonnymichel,1
jeansantana,0
alicelimas,0
LuanaMendonc4,1
Felixmentos,2
WesleyRodrigues55,2
dassaev-lima,2
Rickson-Rocha,2
mtxslv,2
MatheusFC2,2
Millyanasg,2
luizfbarbosa12,2
mayaracgc,0
Lumazita,0
bruna23,0
aridsm,1
luisalviano,2
luccasmmg,1
artur-coelho,1
catherineisonline,2
Lucas-Almeida-SD,2
Elisabete-MO,0
rafaelftourinho,1
samuel-constantino,2
rafaelmaltez,1
thalles-carneiro,1
vicsantus,2
julidane,2
mikemajesty,0
mocraveirodev,2
Alecsander-Castro,1
WillACosta,2
paulohfsantos,2
EstanisVictor,1
tiotonynho,2
vinicius-gregorio,1
lucas-felinto,1
lunaperegrina,2
renatoalencar,2
nicolaswalcker,1
MarioDhiego,1
edsoncelio,1
kmandzzz,3
VitoriaCaminha,2
eduardo-borges-goncalves,2
mendesmcmg,1
Kazuto-neves,3
victorvhs,2
LucasMendes97,2
MarianaPicolo,2
JoaoCoutinhoSE,2
Creuma-Kuzola,2
Rayssawoods,1
mariana-caetano,2
eduardopinheiromr,2
allanacaldas,1
pedrro,0
simaodeveloper,2
CleoMenezesJr,1
masbahnana,2
devcapivara,1
MarceloPorfirio,2
suebatista,0
Marcia-Simplicio,1
malufell,2
henriqueta-sampaio,2
maria-luiza-duda,1
igorPhelype,2
ElisLages,2
gustavoleste,2
kalecio,2
Auralcat,2
LarissaAbreu,1
LarisseLima,2
luksamuk,2
diegowps,1
lucasjs,2
clebsf,1
madul,2
gritt,3
fernandabonetti,2
ellendutra,2
DRS90,3
Luciara-Abreu,2
onhernandes,1
leticiacamposs2,1
MayaFiuza,1
wwwbrunagon,2
topeixoto,1
kahpereira,2
Lucasmaia435,2
Lucastmarques,1
alexrocha97,1
cunhasbia,1
lorenaaze,2
amandameflores,2
CoraLay,1
beatrizodorcik,2
hosanabarcelos,2
plmsz,2
anahigo,2
thgomes,2
rehcoraiola,0
GreiceKCGM,0
AnnaAlbuquerque,1
biamuniz,1
Quellenni,3
c-Tos1wa,0
ViniGodoy,3
RafaelxFernandes,1
Honey-lee429,0
DouglasSantosF,2
vicbarkfeld,2
LuizFJP,2
Murilo-Rainho,2
sethano,0
casimirowich,2
JulianeMarques,2
pedroalles,2
paola-rodrigues,2
daiaaaa,2
allyson316,2
RMCampos,1
ThiagoPederzolli,2
joseliacosta,2
VitorLuizC,1
gabrielclaudino,0
bellesamways,1
danilok,2
Logikoz,1
MatheusIshiyama,1
Nadno,1
SuayMack,1
selinkarabel,1
burkidefaso,0
enescakr55,2
RemiixInc,0
mhmthrmn,2
Gundogduu,2
rabiayilmazz,2
RitikKr03,0
Sirius-Star42,0
Gabrielrms25,1
radamesk9,2
JeanCarlos2017,2
weixinjie,1
mousedoc,3
RumeysaKocak,2
snehashis1997,1
KhaoulaElmajni,1
JustinSingleton303,2
GabrielByte,2
serdartkn,1
selinozkan,0
KadirHaktan,2
mertdikan,0
JohnMCAdams,1
4xx404,0
chismitnick,0
Gigi-G,1
ismailartun00,0
KarmanyaT28,2
seda-aktepe,1
banobepascal,2
ErkanDemircioglu,0
ruveyharuzgar,2
ArfOz,1
ksielyov,2
Sanarielsen,1
brunadelmourosilva,1
MBTGrazielle,2
meruyme,1
Rogerio0Vieira,2
lealclarissa,2
anap-oliveira,0
DeniseLuri,2
NadyLuna,1
eline-create,1
joaovictorsoars,1
Print-TesteServer,1
ninetails,3
arms029,0
Chenhongmei789,0
lenomatos,2
Paulo77Dev,1
FernandoAz09,2
robertoteixeira-dev,2
SimoesLeticia,2
andreadcsousa,1
lorenascimentoo,2
andreheringer,1
luizabizoni,1
JPTIZ,2
lorenaleao,1
guhcampos,1
ramongonze,1
GiowGiow,0
Vince-html,1
daniellesantana,0
RianTavares,1
FelipeEd,2
callado,0
louisaturn,2
tallyto,1
arturbani,2
stormlilian,1
FelipeRosa,0
StanleySathler,1
brunodesde1987,1
victoriavilasb,3
franneves,1
huijari,0
fadynabil10,2
luisarbezerra,1
matheusfebarbosa,0
diogocezar,1
thiagocdn,2
Allyson04,1
CarinaGouveia,1
francinesanto,2
yorsh82,1
NoctisHsu,2
AhmadJaber,1
mustafafindik,2
Hilverton,1
mustafaermehan,1
csguojin,0
banushanv,2
cangnss,3
thierrymarianne,0
Theodory,2
thefatihcinar,2
melogabriel,2
BadMastropiero,0
sgtkuncoro,2
OrchaniousS,2
jcmn182,0
rahmancoder,1
emresr,2
lazaroq11,1
imadMansour85,1
JacobFV,1
dreamerparadise,1
esencgr,1
mikana0918,1
Vinicius-Brito-Costa,3
beerkaya,0
kamaludin21,2
russo97,2
Dark1922,2
wellitongervickas,1
meryemtnkt,0
lyraxvincent,2
lykheang1,1
xmxvii,0
BrittanyMBui,2
steveokay,0
Salmandabbakuti,2
SmartPolarBear,2
BaronKimaru,2
cledsupper,2
johnniembugua,1
undef-i,0
mathiasgodwin,1
ayan2809,2
ulascan54,1
jerrybuks,2
nzncngz,1
GabrielaAmbos,2
mrakhgari,2
jparadae,2
Flyur,3
BruceFelix,2
GuilhermeCandeia,2
EIDOSDATA,2
dataskeptic,2
berat02,1
Pitson3,1
yosraemad,1
Gealber,0
masterchef2209,1
dporkka,2
furkanaygur,1
PabloMelo11,1
RaptorialThing,2
Theophile-Kango,1
rezasmind,2
gmarink,1
zariuz,2
nair0lf32,2
jjnanthakumar,1
hunghg255,1
WalidRH,2
masaless,0
virtual-error,2
vefghmhassan,1
ayhanunal,1
GaziAkviran,2
SmilodonCub,2
DmitryPimenov,0
pauloogliano,1
ybear90,2
pavel-wh,2
ilhamfadheel,0
erikasantanaa,2
Antonia095,2
uthanhercules,1
dominguetigs,2
farnetani,1
opinfay,1
ronaldosegundojr,1
Jessicalemosgomes,1
viniciussidrim,2
kaue-magalhaes,2
mateuspegoraro,0
LMaverick,1
ericksilvadev,1
Brenda-Raposo,2
VagnerBellacosa,1
PabloDantasDev,2
c-viniciussantos,1
AlexsandroRyan,2
victordm6,2
nahtanPNG,1
Mvergilio,2
giselegarcia,2
marriosdev,0
charlyBraga,1
joshbarros,1
Blacklist14,1
AlvarocJesus,0
huzzahh,2
welton1986,2
gramedsan,2
mpederiva,0
rodrisoares,2
MatheusChein,1
naolip,1
nenodias,2
heloisafarias,1
vitorserrano,2
DanielM08,1
izabellaribeiro,3
lewandy,1
andrekutianski,3
ayimdomnic,1
Thales-Eduardo,2
MateusCouto,3
goncadanilo,1
p-perotti,2
MarianeAlgayer,1
lucxsbueno,1
RaiannyM,1
LeannonS,1
frederr97,2
mercyharbo,1
Chelik-Nassima,2
juulhao,2
alexaandru,0
H3llHammer,1
sudeepsinghvi,3
XXXalice,2
metamezzo,0
strongdan,2
Bonelol,1
xsliang,1
danielmmf,1
rodolphonetto,2
vedmaka,1
kelu124,2
mambax7,1
madcato,2
ashish2,0
Rivsen,3
hagelslagvier,0
johnteee,2
pcbrsites,1
felipefmb,0
amnashanwar,2
douglasgrodrigues,2
Sehaba95,1
RuralRaki,0
Fabiochapola,1
gabrielcraveiro,2
HigorAlves,2
jessicaespindola,2
manjitkumar,1
Lucasbrunoferreira,1
naeliofreires,1
ViLourenco,2
hyanmandian,1
vinihf,1
rattones,1
agnxsh,1
bitPanG98,1
abderraouf-safsaf,3
MysteriousSonOfGod,1
muntasirmustafa249,3
MajesticKhan,2
sirsa4,0
tanaya123-comp,2
ClearCut3000,0
Gariel4562,2
gabriela-gnsales,3
skitala,1
omeraplak,1
GustavoAca,1
humbertodrc,1
cyplx,3
xirc,2
rafaelcarvalhocaetano,2
zerofinding,1
ricardobecheli,2
e-medeiros1,2
fatima19962,2
RizkyKhapidsyah,2
oswhytecodes,1
Adejuwon-00,2
Gilchrist32,1
neeraj182,2
abhirick23,1
Thermiee,2
xmelsky,0
davoudarsalani,2
premdevapp,1
1GORDON,1
Techseeker-404,0
OnyenaucheyaEmmanuel,2
0xN0x,2
terasakisatoshi,1
domingoslatorre,0
sombochea,1
Greiciane93x,1
tayynicc,2
Wandrys-dev,2
mineoran,2
sharkbait2,0
DanielMabadeje,1
luisgrange,1
prodseanb,2
mauricio-hub,2
birseykoo,0
babimingatos,0
justinraydev,0
Electogenius,1
halilxibrahim,2
ChernoBen,3
MDSSCML,0
AhmadRaza09,3
Yorsyboy,1
Tr-reny,1
Paramkushamlokesh,2
GDSimpson3,1
bgsouza,1
yanlinlin82,1
njZhuMin,2
aspenmayer,2
sergey884,0
kkipngenokoech,1
KutluhanAkarcesme,1
hoangthai1997,1
JehanKandy,1
nemecdev,3
CDevelopEF,0
wedleycso,2
guilhermeicarofr,1
GEEKGEEKOP,2
ekisler,1
ylm-coder,0
frk-sandkake,2
AlcemirMacedo,2
jaopanes,1
namideus,0
rezimaulana,0
BAE-JI-WANG,1
amanvyas1,1
ting-prado,0
AbhishekMankame,1
sergjun,0
edurezende10,1
DouglasPimentel,2
EduardoDevSantos,2
ivad8080,2
jeff-monteiro,1
ingridsj,0
Mauro-Pereira,2
trupakufi,1
DanAzevedo,2
o-mago,1
douglaszuqueto,1
ilnanny,2
RicardoBeltranRamirez,3
ArthurSampaio,1
taylanguneyaktas,3
desertSniper87,3
Muchwat,1
jp-cordeiro,0
rtu,2
heeybeh,3
vspedr,2
Pispros,1
brainbox15,2
barbarachagas,0
dedanirungu,3
arthrocha,0
Gail529,0
Toxa03522,1
HugoPorto,0
ericbsantana,2
vermilion4,2
Hasitha-Lakshan404,2
MaxiFerrioli,1
AlessandroGeras,2
Laisfragoso,2
ttmuller,2
newbornfrontender,2
Horman69,1
mamun9ey,1
romkravets,2
begoat,0
dbkangaroo,1
OSINTAI,2
tsukamoto-takemi,2
frederic34,2
AliBagheri2079,2
sigridjineth,1
aleksandrresetnikov,0
aldinurfarizha,1
osiota10,1
JesseSandvik,2
arminmehraeen,1
dineetha,2
RaviChitiken,2
yogasrivarshan,0
henriquetroiano,1
amin-da,1
akirarika,2
Ricgloria,0
rajeshkumarkarra,1
DrDab,0
Joguli,2
lazywe,1
TanviManchanda,2
mariodev12,2
phpenterprise,1
bruno-capim,2
AbuzarZaidi,2
Abdelali12-codes,2
Joelson-Fernandes,0
ayoubrajabi,2
Coastony,1
umutsesen,3
yilmazcite,2
scillapinheiro,1
Shinbatsu,1
oewertonlopes,0
whitney333,3
danybeltran,2
Alejandroid17,2
Archi00,0
HimanshuSinghNegi,2
sonukumar1212,2
KirinyetBrian,1
BugCui,1
alexnpz,2
pereira-alexandre,1
lianastavrou,0
25zcj01,2
masoud-bahamin,2
DiegoPereira12,2
raquellvazquez,2
gorkemmadran,2
rodrigoepacheco,0
DanielGouveiah,2
julianasdev,2
Kaua-Marangoni,2
jonathannunesdsouza,2
crispyzingy,2
ecematacli,0
sudo-victor,1
champi-dev,2
engk0ng,1
asafravid,2
anihakutin,2
sm-alfariz,1
pshreyasv100,2
jawand,2
moeenio,2
adielsonjunior,2
thaisascastro,2
saeid95,0
qwe7002,1
GiulianoCriscuoli,2
BedrockDigger,3
bhavya104,0
eldblack,2
alisonbuss,2
kasali,1
nhankiet,0
constantinosergiou,0
robercicksimiyu,1
davimm96,1
roshad,0
craigevil,2
luizpaulogroup,0
imalisiddique,2
edcastanha,1
aliorhun,1
harneeblayze,2
gabriel-cruz,1
c0sta,3
TimothyMeadows,2
eaktassssss,3
dalvesc,2
lucasferreiralimax,1
Zainabgul,0
Toqxin,2
gtadashii,1
ikpehlivan,2
Murathansolmaz1,1
pramit-marattha,2
lnxdxtf,0
MaaniBeigy,1
pah-10,2
JarrodMalkovic,1
royhu,0
gabs-sh,2
petekmunz,2
Kaique-Dirceu,2
nh037,3
Hanieh-mn,2
Adriandias1997,2
thefazeelahmed,2
cristiantela,1
Akshaychdev,1
ReneSena,1
nametsego,1
guzin8,2
lucasti-cba,1
muhammeddilmacc,2
ridwanediallo,2
Fresh-Teacher,1
FelipeSdsilva,2
KingNelx,1
alexandreasilva,2
Athos13,2
sohamsinh31,2
jwjepson,0
deltanode,2
amal-nassih,2
gkagklo,0
Fino59,1
ampodo,2
jonnahfreire,2
smallzee,1
douglasmardegan,2
sb-child,1
heshanu,2
abeljrgit,2
Gabriel-Hansen,1
PatrykMamica,2
RamosCassio,2
kiokoshedy,2
suryakanigolla,2
Deepu84,2
fusismamun,1
jhonatasv,0
myriancristina,0
NathanHolanda,2
aqsagul2007,2
diascarolina,1
essadeq-elaamiri,1
MaferRs,2
bograh,2
HugoMonteir,2
matthcarter777,1
blakecpowers,2
victorpothin,3
jumbamark,2
fred-olsson,0
MestreWilll,0
Axe-Pearl,2
CodeMaverickHQ,0
markmesquita,1
bhoung,1
hanliumaozhi,2
licksjp,1
leticias20,2
cenkbasarannn,2
melihgl,3
Emceyy,2
Asroyx,2
lincoln1883,2
parsa-black,1
SebnemDemircan,2
furkancingoz,3
fegastal,1
akoselioren,0
mehmetcancetin,2
Douglaskav,0
joaopedro7423,3
rangola,2
liku88,2
mehrdaddjavadi,2
alikperislam,1
Erivaldo-Montes,2
ViniZap4,2
Euclid556,2
irvinehawks,2
gpm22,1
isaac-oliveira,3
bhavyakrishna001,1
knm8643,2
daniloamsilva,2
azevedovinicius,1
cephurs,0
emreharman,2
jvclisboa,1
MarcosPauloSR,2
miguelcarmona23,2
lucas-jdev,1
nasoma,1
motazelgendy,0
misaeldossantos,1
MeiLinLee,0
jonasermert,0
naveen42266,2
Kage0923,1
ramichabchoub,2
theabbie,2
grisreyesrios,2
yigitarpacioglu,1
mountain,2
joaoponte,0
Apenas1Anonymous,0
GhostDovahkiin,2
huduarte,1
viniciusmuller,0
guustavomv,0
ljluestc,2
pedrohti,2
arrudadev,2
vagnercardosoweb,1
mateusralv,0
jonatas-lima,1
fredcoutinho52,1
ALaurinne,2
mandimartins,1
wilsonwagn,2
lucasdksan,1
EddyPBR,1
CarlosRhedney,1
MTevangelista,0
daniszcode,0
Piergiorge,0
abjesus,2
doyubkim,1
jonlk,2
marisabrantley,2
ayse8888,1
Deciliano,2
gmihran,1
jaykobpc,2
yule93,2
jasper1001,2
urbanstech,1
sant19,0
abuti,2
thiagoa-martins,2
stefanlester,1
1001daysofcode,2
ildsonLeno,2
joseluan,1
Mohamed-AH,1
CarlosHrqSouza,1
Cinorid,1
lahiruchalana,2
jessicaMarquess,1
Ishita-0112,2
luizsp7m,0
zt4ff,0
nihandincer,2
aton-py,1
ooguzyuksel,1
Felipeb26,2
gokhanturer,1
RianMarlon,1
hajirodeon,1
mercykip,2
k-kyler,1
marcello222,2
tugnt,1
nancyalaswad90,1
shaddyshad,1
jgalanl,2
TroyD9241,1
melihkaratekin,2
andreglatz,2
seydanurdemir,1
RamankurGoswami,1
osman-developer,2
ufocoder,2
b1u3b3rr7,2
canxkoz,1
orafaeloliveira,2
ahmet-cetinkaya,1
vlari,0
theatina,1
ultimus11,2
dariooliveirajr,0
s3mPr1linux,1
kshtj24,1
Benardi,1
rafaelclaycon,1
cpprates,1
hewmoreira,1
o-leandro,2
LeandroMascalhusk,1
santoswillames,1
Alexandrehideki13,1
SAVINDU-DESHAN,1
estrng,1
devhyunjae,0
davismelo,2
sohailmahmud,3
jonassyon,2
luizagontijo,0
lutrapp,2
HelenaDittert,0
AnaCarol-PR,2
iMaary,0
CaduPinheiro,2
criisfg,0
kris-olvr21,2
DanusaGianpietroSzot,2
buchevitss,1
erickmedrado,1
batteringram-dev,1
Weverton-Vitor,1
kebele,1
Bayu12345677,1
Morty-debug,0
viniciushleandro,1
Henriqueiru,2
mark-ruddy,0
kevenLeandro,0
Alen-Mo,2
lunatic-fox,1
VoipSip,0
albuquerque53,1
gabhernandes,0
DiegoEvangelista15,1
Afrikan-Son,2
paulomunizdev,2
isabelamoraes,0
fernandamullerb,1
aksel-blaise,3
Mohammadbill,2
Robson-Carvalho,2
frinsdev,1
tgn76ok,2
joaoh4547,1
FelipeRupertiEsteves,2
brunacm-dev,2
LCDS97,1
DiogoMalfatti,2
thaaarruda,2
Wiu0,3
gabrlcj,1
Luanperez,2
aremartins,0
tiagofrancarita,1
bertdev,2
BiancaSBrito,2
anjupriya-v,1
Uallessonivo,1
mariludobrescu,1
majid-757,2
samuelikz,2
da0hn,1
brantheoliver,2
Luccasoncini,2
Romansth,1
andriksantos,1
rodrigoKulb,1
augustolimads,1
aymanesarrar,1
thiagojoseSS,0
jeidison,1
Ruubia,1
ThalesB,2
simonsan,3
lifa123,2
FarhadDorod,2
r1n1os,2
mgraphic,0
pkindalov,0
VRgWfapFT,2
aindilis,2
Gabriellavoura,2
avidLearnerInProgress,1
magedeungaro,2
nicksagona,1
furkandemireleng,0
LeandraOS,1
Rafa-Oli,2
annabeatrizlucena,1
biancacpacheco,2
sergioduartte,2
marianacoimbra,2
elayni,2
RuanGOA,1
williamtorres1,2
LuannaLeonel,1
AlfredoAndrade14,1
nayarasps,1
samuelribeiroc,2
JRobsonJr,2
JuanBarros2,1
gabrielcatalao,0
brunoh3art,3
felipealvessi,1
Colt-M1873,2
pedro-candido,1
MatheusMMonteiro,3
g4bh,2
pmagalhaes2,1
karlapereira,1
bruno-rodrigues-d,2
murieldelvaux,2
paulomatheus,0
MarciaTzannis,0
omersavas26,1
adrianoenache,0
navy-ss,2
juliamaciass,2
AloisSailer,2
Matheus-nb,2
AlineSanches,2
PSLuan,2
ElbertRibeiro,1
afornalimatheus,1
victoriandujar,1
pauladiniz,2
PhilipRamkeerat,1
pedrohzwang,1
dimitrimarinho,0
luisvonmuller,0
NatSatie,1
isyuricunha-zz,2
Grubba27,1
Jvmendes021,2
HappyBeautysmile,2
rafinhadufluxo,2
hudsonmelo,0
ThiagoSuzuki,2
ToledoSDL,1
M-adeelnasir,2
NilloGabriel,1
alepeglow,2
zayzay8998,0
Wagui13,2
kpmnta,0
Sophia-15,0
marcusedu,0
YasmimVieira,1
ZeroOneTV,2
Feitosa-V,1
neninja,1
thmarra,3
viviangcastro,2
fonluc,1
gregoriLima,2
nildogalvino,1
johnxMartins,0
Matheus2004a,2
gbmsaraujo,2
Monicabishnoi,1
aadambrownn,2
satarii,1
hagiomassaru,1
r4mi4,2
RakelMacedo,1
priyacoder5151,2
SaulGrez,2
amanpratapsingh9,2
MaiaraM,1
fakenickels,2
ThalesAbdon,2
luiscarlossf,1
AleBL,0
henriqueln7,2
talitagaldino,1
claudiodantas,0
RochaSofia,3
mxlysb,3
RodrigoEC,1
beatrizadm,1
scarletquasar,1
manassesss,2
gmoreiraa,2
FelipeTorress,2
PedroLucca,1
MrPinabutter,2
lucasew,1
ArielleSousa,2
fabioladiniz97,1
juniorstreichan,1
jacksonbrunoss,2
PaulloClara,3
jacksonbss,1
rkeppler42,2
suhassalian27,2
JosuaSitorus,2
leonardojribeiro,2
thalytafabrine,0
tamyrespereirasilva,1
alvesmatheus,2
ceciliakemiac,3
iandark,0
Harleywagner,0
MateusAndrade,2
jardessonrb,2
marmitoTH,1
kaardeco,2
antonio-yves,1
carlosdanielpohlod,1
Jonatan966,3
threos,0
omur8819,2
Ananya2306,2
leoworkcp,1
thomasdsc,2
leandroschabarum,1
fredysomy,1
ItsCbass,1
wasseypro,1
kangmincho1,1
Fabriciooml,1
NeroMohn,1
iheblhbib,1
MushEater,2
Rennatts,2
anish-ansari,0
indrapaul824,1
lucassouza0807,0
Aarush-Goyal,1
mahbubul14,2
matsuboshi,2
rfso,3
Arcanjo32cassiel,0
Pereira-Araujo,2
Gabysx,2
eneskarpuz,0
pjdurden,1
byrdie,1
iancmilan,2
orhunyuksel,0
LauroCosta,1
bora399,1
natalia-sa,2
marciocamello,1
kjaylee,3
Corlobin,1
gulinmerve,1
Hkc1673,1
yasminia,2
erayaksv,2
stalhakaradayi,1
erichm1,1
TechLord05,2
coolkei,2
iceYami,2
Anurag2618g,2
Robert-Marchinhaki,2
axeljunior,3
eustaquiofreitas,1
jvictor23,1
andrentfs,3
larissaag,2
iris135,2
mylxn,0
arduanov,2
caetano-dev,2
qa1,1
hemerson-git,2
splhead,2
MustafaOzer20,2
frknbskn,2
ven-del,2
MichaelDouglasPIX,1
kellyanesantos,2
AzdineElJattari,1
luscalima,2
qservices-process-automation-partners,1
Just2Deep,2
rcmuniz1994,2
evangilo,0
Alencast,1
GlauberC,2
Melnatal,2
Paulo088,3
amandie-ct,1
renatomb,1
daniellehonoria,0
italommf,2
VCLM,0
felipexrn,0
TarsilaSamille,2
lucasnr,1
josefilho,2
guilhermeggloor,1
joaopaulopmedeiros,1
raixasantos,1
diegodiogenes,1
diego-lima,0
rdsilva,1
pablo-holanda,3
Stevegates,3
gabicavalcante,1
jeffersonxplode,0
nirvanadantas,0
mjuli,0
emelynfreire,2
jeorgivamjunior,1
wasnio,0
weskleymb,3
sinarakarla,2
allythy,2
hyuko21,2
henriquehorbovyi,1
henriqueap,0
lexmarcos,1
thiagoamaral0,0
wmikael,2
emanuelfer,3
EdsCads,0
feandres,1
giovanna-esteve,0
Gabriel-Bastos-Rabelo,2
weltonms20,0
bootstrap4cc,1
vituenrique,1
arthursrr,0
williamvsmartins,2
andre-fil,2
LuisMig-code,1
juliane-maria,0
brunnuh,2
zucazama,0
PETCompUFMA,1
alissonphp,1
desk467,1
jvitorfranca,1
LucasPires2807,1
isaacmsl,1
DuduKramer,0
mthmontes,2
kamuridesu,1
maycon-mdrs,0
miguelrochajr,1
sergiodantasz,2
anacarol-r-santos,2
cGenivaldo,0
julianadallasta,2
Lima08,1
Strongreen,1
wetdeveloper,0
TonyyCruz,2
marsleite,1
phassis99,1
mauricioruviaro,2
joao-sillva,2
DouglasDrozda,1
LuizaAntiques,2
68tiago,1
visantiago99,2
AlessandroFMello,0
chriscsantosqa,2
MarcosDurval,0
Brunotbx,2
gjoao11,2
Phuong39,0
devmayara,1
TamirisShigaki,1
Micael-M,1
Ana678,1
Pauloolt,0
wislaargolo,0
marismar,1
jackson541,2
natanvbc,0
WesleyVitor,1
YaakovDantas,2
igorsilvam,2
Anderson026,1
renanvcb,2
IcaroEmanuel,2
Gbrlbrgm,0
padawandr,1
vinicius-virtuoso,2
dvargas42,1
keikomori,2
romulosous,0
icaroVerilog,1
DiegoImperiano,1
msouto,1
joepreludian,1
allysonbarros,1
pabrrs,1
Matheus-Rangel,1
carmems,2
rafagarcia2,1
AroldoFe,1
danielaraujorn,2
RayanXY,2
martinsspn,3
passjoao,2
davisonv,1
dav1rm,2
genarciso,1
clarabez,1
joeldorosarioo,2
sassmatheus,1
ythiago03,1
negreirosleo,0
thaydds,2
guigaoliveira,1
danilo-medeiros,1
lucasmiqueias,2
claranobre,2
ozifrankly,0
naldogomes,1
KelwinPF,0
luanxmedeiros,0
brunnomatheuus,1
netoairton,2
igorabrandao,1
ritallopes,1
dayvitoria,2
MatheusAlvesA,0
matholiveira91,1
everson-ever,1
wendelleloi,0
larisse13,1
joanerocha,2
joffilyfe,0
Liellison,1
israelsousa21,1
carlosbne,3
JacquesGomes,2
cleberson-vieira,0
andersonpedrodn,1
ajee10x,1
llopes05,1
erisjunior,1
JoseTobias,3
yagobmarques,2
lucashsilva,1
Yvan1995,1
Ferst1,0
ibraheemosule,2
gmg0829,1
AminPmi,0
buddhika85,2
falconlee236,2
sidineyr,1
SmirnovO,0
Abhinandan-2,1
shivvamm,2
Bskasan,1
BeniSyach,1
hamidgasmi,0
FloweryK,1
selenslmn,2
ali-rabiei,0
thiagoassantos,0
giasraya,2
lyyf2002,1
DanielRivera03,1
mohamedelhacen,2
jmelo-435,0
aexnimbus,1
melkamu372,2
ARMMM96,0
rayhankinan,1
gregoriodelucca,2
SteveParson,2
ruby-kim,1
0xNuru,0
seb-art,1
Tom-Lewis-Coder,0
Cemberk,0
mrkeshi,2
braboj,0
immohamedba,1
Himanshu4776,1
cs-schmidt,0
revertongustavo,0
kiche-allan,2
ekurt,2
mfajririki,2
renatohvo,1
pranaybinju,2
AmmarMohib,2
prasanthreddympr,0
fadyayad7,3
rsadwick,1
phlbrz,1
daniloladeira,2
faezehrb,2
Daniel-J-Cho,2
Murplugg,0
brendenozie,2
brgman,1
gachezra,1
G1lind,2
KrystianZybura,2
apps-online,0
currlybracket,0
wagnermm,0
EvansRobbie,2
Aditya-y9,1
meshack34,1
datungyeu418801,0
muganga-charles,3
puko313,0
panhongsheng-eng,1
jp-cortes,2
strahovka0825,0
ithunter0428,2
elhaddajiOtmane,1
ecearass1,0
Den608,2
sajjad-rp,2
piotr-bak,1
4bdul4ziz,1
fowardcoder,0
irvn0x,3
Eduardoss45,2
ligiastalves,1
literalllyitsabot,1
lsl17,2
hieutran2016,0
MUAZAlimi,2
escummy,1
wenMoonx,2
jeevan8888,2
sergejsulepov,0
shiviam1,2
Ariamoradi1,1
Khar0maXX,2
jackcxp,0
fsjuagamskhdnam,0
ecomdragona,2
Emptyme21,0
mcanthony,1
AntonioIrineuFilho,2
tobiasantos,0
leofn,1
ghsaueressig,1
karolbelo,1
victorddantas,2
yusufbali13,1
tajerian,2
tonylloyd2,1
Konstans8,2
Semen8515,2
sandrosyahmed,2
spadeA777,2
jhcode33,0
ngalamac,1
romafill,1
stavkv,1
murky371,2
JhonnatanDouglas,2
Pit2203,2
Jr-Broz,1
adelalizadeh13,2
Stasy145,0
jerryberlin,0
yanicopper,2
Edualvesilva,2
EJINEROZ,2
marcosdelgado0408,2
matheus-pessoa16,0
CinthiaKatiane,0
judsonc,1
MatheusrdSantos,2
GustavoAC,0
yu-fu-xiang,0
mohmmadi123,1
marcosacj,0
raphaelramosds,3
arjkashyap,1
MRebati,1
amirphl,0
shanmdphd,1
AsHkAn-Django,2
theodesp,1
ndymm,0
senthil090,2
emevonlou,0
c4devart,2
nicolasestanislau,0
y-sugiyama654,2
SergioVenicio,2
megandavulpi,1
nshikov,0
sctv,2
stoweo112,1
yama-dev,2
amitkalsi,1
Patrick160893,2
minsle,2
yassabdulrhman,1
dianbugas,1
jmziya,1
faragh47,1
lwardzala,1
priyamervana,2
KennethMiller18,1
southwolf,1
MattMcFarland,3
kode4food,0
diegomartinsoliveira,1
BrillianceOsprey,1
BigHouse0405,2
eduardo-antunes,2
anaclaudrs,2
FernandoCesarFA,1
carenferreira,0
GuiMagnus,0
Aline-Anjos,0
isaiasnhantumbo,2
pedrollopesb,1
Pent,2
Bruno-Filadelfo,2
iannak,2
jeanchilger,1
brunoalves99,2
d0ugui,2
David-Pires,2
roycuadra,2
GearHiram1397,1
CREDO23,1
CStre,1
markl-a,1
h9akora,0
nikolliervin,0
luz-goretti,2
Alefros,1
soukaina-debug,1
WarmUniform,2
0xdeadbad,2
0dayNinja,1
ozgekaral,0
mattmagrin,2
aleksdmladenovic,0
sarasnts,2
ZaraSdt7,2
OxygenXXX,3
Darksoul764,0
vdelimpa,0
saeed-esmaeilzadeh-anari,0
julianocamposcode,2
superstarlancer,2
DevNylo,1
developer-S-H-Sajib,2
shaykotselim,2
Jim-Huo,0
mumer29,0
Jasmine-brush,0
Manka-Mohamet,2
elifsz,0
naninu1001,0
harismexis,2
dasjubin,1
fundor333,2
erniewade,0
Rafawastaken,2
shivani170,1
tsukitaro,2
Edicemi,1
Amit0417,2
justleoo,2
jonatassouta,2
xoThatsmeVeahxo,2
ashihara15,2
AndersonAlvesCoelho,2
robertogriel,1
LyeZinho,2
tonivucodigital,0
thehassantahir,1
FahimWeblogicAndCyberTechnologies,1
tiagoryandev,2
Cadufc91,2
Henriquecesar139,2
dewitt4,2
joseotaviopc,0
timoteobentes,1
lih-90,2
filipecalm,2
thiagokj,2
luanrramos,2
Leonardolira01,1
Alerrando,2
Kizito007,2
codecygen,2
SibaPrasad2221,1
bbshark99,2
isaacwrk,1
thematrixaditya,1
legendaryangelist,2
dinever,2
wizardigor,1
MaryamFarshbafi,2
ronoctua,0
geeksourcecodes,1
trietptm,1
witt772,0
KARANLIK06,0
bearanatolie,3
satishwithcode,1
riosmigu,0
N8python,2
Shiva-10,0
Celia4love,0
johnamata,2
wanders21,0
viaches001,2
brandaow,2
SunRise-11,1
leodziki,0
AbdullahANoman,2
Jeanpk12,2
software-venus,1
mars9541,1
awesomePC,3
luizchaves,1
fernand3z,2
GreyTechno,2
purrplexed,0
Hajjimeee,2
tausiq2003,2
redblame315,2
amirQuf,2
assassin990123,2
UrSourceCode,1
Anifyuli,2
marcosandremsfilho,1
rich-iannone,1
cleytonjesus07,2
MasihMuhammadi,1
victordamico,0
lahatra3,1
AddyMiller20,1
softpluspro12,2
BinaryBreaker,1
hamidjk,0
elourenco001,2
eriwek,2
tusadesign,0
Amirhossein-ZareH,1
javiergold112,1
devjoydeepdas,2
pearlkhatri,0
Guru-Bean,2
simlets,0
Vivekgupta96,1
Luchia777,2
sleinkaraman,2
RubelMehmed,2
zevireinitz,1
yasminvasconceloss,1
marwancodes,2
l0s0s,2
chris090-dev,0
norahc-x,2
mde3,1
diegobarbo,0
ffrmns,2
kopobaeth,0
deye1986,2
Ttamez68A,0
MainaAlexM,1
RobertMShort,0
Bl4ck-H4ck3r,0
mann2moon,2
Leroy-sama,2
fabrinucci,2
falcaozane,2
Bluecode77732,2
DerrickMoiben,1
davidt10,2
refirst11,1
Rosanakuniyosi,1
Jevxtn,0
aslansverdlov,0
Oludefiyinfoluwa06,1
zikzakio,2
SarahAbuirmeileh,1
Serdanof,0
CiceroWesley,0
skayvo,2
MulahTeni,0
TalhaSariii,0
ThalisFernandes,2
PJDude,2
Klavdia33,0
leoGeraldino,2
hmimid92,0
Daeho-Son,0
saikishorr,1
VinayKanase,1
axel358,2
sserhatacarr,2
ucheobioma,2
mustafayildiz12,2
Rezende-Fabio,1
ByteBeem,2
henriquelima1984,1
GreatHorse115,2
Dagogo-Clinton-Uranta,2
matheusrf96,1
helixedra,2
LuminousChestnut,1
Hyun-June-Choi,0
CyprianFusi,2
achhibi,1
sametcn99,0
powerstrong,1
mjoshua97241,2
rlaehd62,1
Ti7801,2
musama619,2
macxb,2
Kaio-Ribeiro,0
DUQIA,0
Kindit87,0
meleksabit,2
v15ar,0
nstarlike,1
96vini,2
NovoaDev,2
MasamiYui,1
eric-py,2
WilSegale,2
MutanPlex,3
armanjscript,2
MKamelll,0
KeithArogo,2
rdesarz,1
adokhugi,2
manojkumar-jmp,2
AmadNaseem,0
timoteidumitru,1
armandevs,2
grant-king,2
DadaNanjesha,2
visualsbytheRob,2
sam1365,2
deeprock2,2
allan-kirui57,2
mrgunkin,0
saguileran,1
feehnscmnt,1
tianhao909,0
anatoly-bobrovsky,2
0xDeadUnicorn,0
itsbhavsagar,2
jerry0339,0
buriihenry,1
mahmoudAcm,0
Ezeh20,0
MayankMadan97,0
supercodingninja,2
HanJaeJoon,0
sammarxz,2
lucca-kz,3
Eugene-prog,0
sajithrw,2
criszst,2
nakajima97,2
kTz1,2
transpchan,2
ClaudeBrilliant,2
Priyanshu5088,2
ejunior89,2
nidhish-nayak,1
vedanty3,1
Radzivonn,2
durieg,2
shashank-indukuri,1
MRiDuL-ICE,2
AnudeepKK,0
aras72h,2
0xkimi,2
SadeghZareeii,0
davidldennison,2
NPollito,1
Smak64402,0
Jack121232,0
morteza1987b,2
Gomezzzer,2
javadfarahani1995,0
Vickouma77,0
0xlli0n,0
saidibnerradi603,2
nicknjagi,2
PatrycjaBochnak,2
miasif,1
outlook313,2
CodClever,1
tesa-klebeband,0
Fgaoxing,1
RafaelJohn9,2
StephVergil,2
Suleyman001,1
ishi720,2
AnnaCVrecruitment,2
marina6coneto,1
aksinuh,2
Sarah627,1
abhiya492,2
Ellen010,0
noreyni03,0
MrPowerUp82,1
yuriikindryk,2
m-sebteahmadi,3
dogukann-aydin,2
Argen1sw,1
infinityistar,2
DarkHorse109707,0
pagimos,3
obahchimaobi,2
hossein-noor-ramsis,0
upcsueb,0
sakthivel8181,3
FunTime-230,1
echandsome0106,0
Perun98,1
brilliantstory2,2
Lavz-8,2
SasadaSaumya,2
ercanMZR,0
houimliraed,1
shinytrend,3
arthurmorganCode,2
WilsonCruzz,1
Jeoungseungho,1
gokulyc,2
mohammadmp66,0
Naresh-chandanbatve,2
mojtabanpe,0
RecepKeremZeybek,0
tcharlesfr,2
Denso-Air,1
Zakarialabib,2
mpersia7,2
useCallback,2
hamidds,1
straj7771,2
Grimmjow2904,0
madhavaprmr,0
thomasnynas12,1
cryptostar7,1
mouna0404,2
SonerA1,2
arvin-1367,2
Pfrommer1982,2
Beau28713,2
Mina-KohyariHaghighat,3
abhimax,1
myfemi2002,1
Mulusoy-dev,2
loveq369,0
SilverIceKey,2
arunangshu01,1
sopeKhadim,2
CYBki,1
Willie169,0
Sarrac3873,0
BGWEB08,2
karimihup,1
nawodyaishan,1
Elsayed-Rady-Elsayed,2
Panos32gr,2
MamarezaAlipour,1
daphneruth,2
wokurka7,0
r0se2609,0
PycraftDeveloper,2
Jay-Karia,2
TomasSorgetti,2
sushantkr961,1
NITIN-VERMA-afk,2
CodeConnoisseur74,1
Ekkanit,1
bayram-ozkan,2
lacegiovanni17,1
samueltuoyo15,2
bezzang-dev,0
krzysztof293,0
dialguiba,2
yousufmunna143,2
Jorge-Portela,1
kenchikuliu,2
Stojanovic94,2
yaso09,1
Hugh-KR,2
jenab47,2
sfazli96,3
WillDev12,2
AhmedWithJSDevelopment,2
asekibaala,2
Kriss-Kross33,3
limongi1234,0
TuranDURMUS,2
azurejoga,1
karalex,1
billyrigdon,1
FractalCodeRicardo,2
ToyZeynep,1
illionillion,2
Ariaaghakhani,2
basarballioz,1
Iamtsquare07,1
GregMasterBr,1
Roshanzha,1
jeftenunes,2
SP4R0W,1
naresy,1
j0rd1s3rr4n0,2
hcoco1,0
bashow0316,3
YanBFalcao,1
Anitasilvi,1
abdulrohman19,2
skieabad,2
monahidalgo,1
NeisserMS,1
shovon2464,0
drzz21,2
hua-bang,1
imay-dev,3
monda00,0
amkorousagi,1
sulaiman-dev,1
wjs5025,0
millukii,3
samih713,0
R6cky,2
toomastahves,0
user2212,0
alptugidin,0
setiawanjoddy,3
nilpeep,2
aifia105,1
callmeumair,1
mohdxnizamv,0
diegoalvares,2
hhznmrnayeri,2
EricOliveiras,2
MlungisiN,1
Rodolfo-Sampaio,2
Flaviodc7,2
mays-najjar,3
mohmadalamansari,2
Qyfashae,2
aligheshlaghi97,2
Noudi03,3
ceyhunonac,0
seattletravis,1
Abhinandan-Sah,2
DarrelA,2
eurekaP,2
code-sum,2
N1ki-by,2
simabilony,2
Amanuel-1,1
furkancanzirek,1
rameshmane7218,1
mandyfarrugia,1
lucasvolpati,2
KevinWilsonAT,1
PedroCozzati,1
alaminediallo,2
erdincozdemirr,1
Raherinotoavina,2
SKB-TECH,1
LuizFelip123,0
atmarcosrodrigues,2
Daniel-Tambee,0
Jamshdbek,2
kesharinilesh,1
SergeyRust,1
sldimitrov,2
Kauaseara,2
jafarsaberi13,0
imf-ali,1
roman1900,0
gumburtu,1
Jakub-Laska,2
gaiuszzang,3
shevonne,2
alexsanderlinux,3
heisnam-sunrose,0
Aura7988,0
mohamedx2,0
SandeepChatterjee66,1
dai,1
OmarElsakka1,3
The-Able,1
SkyCaptainess,2
paramountsky9990,0
farzin146,2
FabioSantos99,2
magical-to,1
emrekaradag11,2
AlexS28,1
sbonelosth,1
claboran,1
HystonKayange,1
Shawn-Ogbomo,2
0xTan1319,2
smebad,1
nodesandcats,0
samnoonabrar,1
fbmgh,2
bokveizen,1
marek-jakub,1
Rmin-cell,1
bugdetector,0
vinimorad,1
ElaheMahmoodi,2
Gianneves,0
zeeshan-thedeveloper,2
anamika-1,0
scayho,2
ThiagoJaweb,1
salmonGowa,0
AnoopCA,2
antmarinho,2
hassonor,2
ossan-dev,1
Zezi6290,2
farzinfara,2
Ashkan1987,2
cashblaze127,2
Serenitychic,1
Ageyc,0
ahmadadibzad,2
ariaazy,0
Hokkyokukou,2
elmurod5676,2
GraniteBeltWebAndSoftwareSolutions,2
tayfuntoprakcioglu,2
prissycorrea,1
YashBhindia,1
etopian,1
AvalinAir,2
aikmman,2
fhaftadi,0
moultamazert,0
DMinair,0
grogrobombano,1
luanagribel,3
RuanPS01,0
nathaliascampos,2
fernanda-avelar,3
thales-goncalves,1
Raissarodrigues15,0
Arthur521,0
LucaFelipe,0
Jcarlos1999,0
urbanaviciusleo,1
ThulioBalbuena,3
Christiansalles,0
BrunaDev,1
IsaAuad,2
BrunoPivoto,0
FelipeZeferino,0
Matheus-Bernardo,3
leomendesjr,2
NathanRibeiroC,0
danielmagri,0
bruno-candia,1
sno0s,1
pedroblimaa,1
LucasSaldanha21,1
avillasilva,2
LuizFhelipy,0
piuMoreira,0
SarahToscano,1
wilicarol,0
VLAfonso,2
pedro-abritta,3
Jhone93567,0
otavioalima,2
AntonioAugustoo,2
DanielJardiim,2
PedroRosaSus,0
NicEscobar,1
igor-rufino,1
pedroveloso,0
profxx,1
dudakanhet21,0
Lucasgscruz,0
avnermax,0
AndersonPTSN,0
itstherall,2
cbaker145,0
Bhyan,2
MaryaAlexandre,2
Ruggery28,2
Kingdrasill,0
mairaallacerda,2
josemarconi,3
werneckspx,0
LucasMagras,1
GHFerreira,1
BernardoSilvaAndrade,2
isuruK2003,2
nebadesmondc,3
Bartholomew62,2
fawazdevx,2
suemeyyecevik,2
tushar-br,1
Contractor-x,1
BeadChain15,1
alevit90,2
menendev,0
mohamadanasfattoum,2
mohammadxonel,2
cyber-hokage,0
beastzai,1
ALiENSTAGE,2
C4NDACE,1
megalodontia,1
Siyuziq,1
Viniek,3
AbdiIbrahimAdan,2
Gakiri001,1
UncleSocks,2
rezeda15,2
Github11200,1
jeffmakuto,0
wasd52030,2
Jevaa-kharthik,0
EduardaMendes01,2
Agungvpzz,2
zizaaa,2
sara-be,2
ImmediateMurderProfessionals,1
YoungriKIM,2
ayushhharyann007,2
zapabob,1
Dani-Ps,2
khiba-k,1
parsaa74,2
nathan-pugh-fsn,1
GoldRift,0
itsryu,1
alprojects1,1
ivan9paunov,2
software-dogukan,2
MANU-de,2
intondiscott,2
karolencina,1
dariush-bahrami,0
viniciusldiniz,2
MARiam-2002,0
farukh110,1
PSLeon24,3
2kha,2
Tugbars,1
Ayyoub-Kasmi,2
Abdul5786,2
abdurrakib129,1
seckinyasar,3
James-Muguro,2
Tom5521,2
MorisMwai,1
hamdi4-beep,2
SAShameem,1
ahmedelazab1220,2
james-cordova-ray,1
shaddybett,0
IsTimeGone,0
redwhiteeee,2
dharmanan,0
TaTaKae9558,0
medisanaa,2
Nsoro-Allan,1
Bart-Plange,2
scarymonsters,2
aeren23,2
ProgrammerSiam,1
yasserderbale,2
ozilpr,0
colee5,2
sagarpatel288,0
gulnurdadak,1
rontea,2
1ArisD,2
osmansefayuksel,2
EliotGuy,2
nikhilgodfather,2
NargesZn,0
oliviamartinez99,0
onetechwolf,2
Ghiathalsoki,2
Rabnail-SOL,2
hauckchristian,3
maks1302,2
borermisty9,3
devlegend524,1
Armin-Abdollahi,1
GhMamadreza84,0
amirroox,1
amirhnajafiz,1
kincsescsaba,1
raulmarindev,1
miladparvaneh,2
emptyfist,2
Sina-Taghizadeh,1
aliBenhenia,2
tamjidaWeb,0
anissafia90,1
darlingmanda,1
rompelhd,2
Muhammad-Tayyab-Awan,1
svillalobosdev,2
sonnylazuardi,1
moseshope,1
Skeletonkiss,2
EhabMahmoudAli,2
issamElkhadirYC,2
abduadem,2
duyguerogluu,2
thenuka99,1
jpeggrapher,2
SudaisK19,2
Matheus-Neris-Rocha,3
lucatosc,0
codegrann,2
valenty-nka,0
DandysLostTapes,2
danylokaliandra,2
Malina777,0
ehsansoraya,0
usmanmalik07,1
grellified,1
deviI-may-cry,0
simonecbm,0
vanze962,0
jeferson-paz,2
SHIVanshuSingh07,0
valentinaivanova1910,2
frensisdrake,0
cmiygl,2
dzulaj,1
Aeenic,1
kyostro,1
madeleinephantasms,1
pawsuri,2
zipward,1
VensGTH,3
Rational0302,0
jefferyklass8,1
JessemanGray,2
Znaxh,2
umutsar,2
Chavas950906,2
TRIPATHISHIWANSHI,1
huzarh,1
doggino,0
dengyi1992,2
YoshiTheChinchilla,2
RichardMulambuzi,1
naruto227,0
zackyfachrur,1
missAnneThorpe,0
sandei-travolta,2
Iharss,2
W47-KRTS,2
simsimient1,1
KingsLandingCS,2
nati673,1
GavdzinskyiVeacheslav,1
BrunoMSantos04,2
Bel24-boss,2
SakshiFadnavis2003,2
HasanPiash,3
RyouSY,0
coder7475,1
arafat-rahman17,1
fslmultiservice22,1
karasikmasa,0
Ilyass-FIRAR,0
goldsky69,0
MadhawaRathnayaka,1
Szabolcs888,0
Bombenheimer,3
AdityaPatadiya,2
EvanParden,1
shree-bd,2
dearisabella,2
novarva,2
Khalilheyrani6367,2
aoto959,0
Rocky528,0
Technoxerq,2
jester-sys,0
xfloksyx,2
rishabh1S,1
AkhileshKumar10,2
Betelhem-Demsis,0
auguste2003,2
Numeer,2
jasonsreid,2
mrendyg,2
dirtytears,1
eltonninja,2
Hamidrezaepr,0
lucasmanrick,2
AbdelrahmanELsokary,2
RanganDas,2
fontainianhound,1
sam145g,0
Dhruba2004,2
emreakay,0
FlorenciaRecruiter,2
yeabtsega45,2
shivakumarzishnuviknesh7,2
KadirYazadzhi,2
combatjimbo,1
TzN3220,2
alexysb9032,1
mohammadprogramer,1
ansiace,1
jackson951,2
jassercherif,1
mefroenropa,0
morph-many,0
ejrv,1
hedaetul,2
monamani404,0
izzetfurkancari,2
aliasghar1379,1
SedrAlex,1
velosoberti,1
Shah114,2
BAslani,2
300f20t,0
joohannese,0
fatemeabdolmaleki,2
saygo566,2
mohamed-sayed-elmahdy,2
dqwe223,1
Shadowzora,2
SolAriass,2
ntsmk,2
imtiaz-cnits,3
marciofelicioo,1
bonsoul,2
VEGLOgabin,2
kalammakhfi,2
RAJA2023H,2
birkankaraer,2
geeky02,0
AP2Topper0127,2
mdccg,2
jahidatamanna,2
SacredDever,0
lastnames,2
freakysixsiege,1
jonathanitgithub,1
alvinalfandy,1
HYPER-00,2
Ck07860786,2
mdriscol,2
kleahaka,2
ibroman12,2
monuxx,2
abubakar508,2
shivkumar991832,2
Tokugawa123,3
Shifin-Malik,0
cnomsangaphi,0
johnmbambo4,0
shanjidakhany1,0
aminuabubakar00,0
elyargeek,2
Dangoo2002,1
hispertos,1
Capi-nemoo,2
saintbenjamin,3
vicentee148,2
TAJ2003,2
Hamidstp,0
shadiaislamankur,0
Arefpoor,0
Isaac-Gomes-085,1
ObiwanKenobee,2
Hannanofx,0
sulalith99,1
aliallam123,1
sama-babaee-web,1
AmirhosseinHashemi,1
angelskisses,2
ychaaibi,0
ParsaMehdipour,1
furkanaliakbalik,3
royhankamil,1
canering,0
osman28tr,2
Dev-MihirParmar,2
iampranshu2003,1
Leondoff,0
iman12g,0
beyhatun,2
devopspass,1
jacksonguedes,1
ryan-d-graham,1
JessDataNLP,1
Kate941-su,2
cleotestt,2
shivamshekhar,3
guhill1,0
AssahBismarkabah,3
passionatedev724,2
JohnDominicJasmin,2
GustavoS7,1
Tosinpeter,1
lucaspiquera,1
TBERT31,1
navid2099,1
anopsy,1
nayanishant,0
BenjelloAB,0
sawcrz,2
jeffreywangzhi,1
ATHAANGGORO10,1
itsocoldhere,2
cubby-dev123,0
spirito7phil,0
Teasty172,0
Upwork-Job32,2
EmpgBinary,1
Irina-Ichim,2
aylinsarioglu,1
Baruk1-netizen,0
ArafaFarouk,2
berkaydgn,2
devstar829,2
kentaurse,1
solguru310,2
leonard-sanya,1
K3irill,2
Murtuza-Ahmed,1
CelmarPA,0
RafaelDesenvolvedor1,2
kluivstar,2
micanduamon,1
pinmonyvicheaa,1
FelypeDantas,1
En-Dhiaa,1
Dapjzl,1
BeyzaNurKeskinn,2
OleLukCie,1
smailyk83,0
sinanazem,2
chominho96,1
sireesha-siri,1
MaryamKalantarii,2
plopezgit,2
uzairjanmalik,0
r0valdez,0
DonGroovy1120,2
Loading617,0
ali-e-n,1
pnwarner,2
rwxayheee,0
LeoSousaJesus,2
Mo3tasm52,0
rewcoin,0
v1nybarreto,2
chiratid,2
AhmadHRai,3
AldowadSimanjuntak,2
seferogluemre,1
JustMrNone,1
samparsa1,2
tasha-dev,2
technxlxgy,2
luckminer,2
acen20,2
RasinduPesara,1
plpedreira,2
naqateener,1
marcos1394,2
emineugurlu,2
space-bio,1
AloofAli,2
Shaimaa01,0
XP-HKhalFaoui,0
ayylmazslmn,2
DeveloperOmarFaruk,1
suq-weer,0
Ajayfrizzy,0
sudotty,1
zeronewb,0
hongsonjs,0
jhonatanseminario,2
paulh27,1
Kei-K23,1
pedroferreiiraa,2
miyoko-shimura,1
brissach,2
saadnkhawaja,2
ad-itya07,3
Dudimath,2
amartinezbrito1,1
pavanpagan,2
harinadh76,2
umutramazanegi,0
zengfr,1
frieren-mage,0
nightghost1117,0
higormarcelino13,1
H1RKANY,1
hiroyukikumazawa,2
danielmuthama23,1
tstreamDOTh,1
EX0TICLXVE,2
suzannaprze,2
sudkc37,0
to-journey,0
facelessman,0
DjangoWithArif,1
skyhawk000,2
CodeRaven516,2
alimbekum,0
barbara-pereira-byx,0
Marc0zDev,2
dardengo,3
vicenteartur,0
MatheusGiarola,0
vitoremanuelpereirasilva,2
Rodolfo1705,0
iismaeloliveira,0
vfranca123,2
ArthurHMS,2
mateus500lhp,3
rafaelsnr,0
fguarana,0
brashi,1
brunin-do-codigo,0
davijannotti,0
Gui-MB,1
HomoGodzilla,2
Wallz98,0
OnaMKTiq,0
DanielsLuz,0
Psouza-queiroz,0
larabzs,2
Linkrif,0
Andraderoberta,0
Trecto34,2
forzasistemas,0
Hoff-Otavio,2
IamPamella,2
rebeca-mbrito,2
Phenrirs,2
vinicius-CL,0
Thaylor-Hugo,2
Felpzzz,0
odanielaugusto,0
Victor-Varjao,2
KesneyFerro,0
eliasbiondo,1
Joao-Duart3,0
tannyblen,0
DeM4rcio,1
Felipao98,0
ssammii,2
KellerimKeller,0
Luisfileao,0
julialedo,0
Brunoarbraga,0
darlinton,2
RobsonCrLira,1
anabenedita,0
arthurbuenos,0
YuriDrumond,0
BraianMelo,0
netang,0
michellemarques,2
viniciusmiquelao,1
LucasDLMaciel,0
miojusam,0
joaochiquitin,2
VirginiaPrettz,0
rafaelCacador,2
oPedroOliveira,0
moreira-lab,2
Jonatas-MS,2
fabriciomatsunaga,0
gaboHolanda,0
leticialnmoura,2
Zeryotes,2
lauraaliceoliveira,3
Lianfs,0
myladyamaral,0
felipeaugustonatal,0
douglasmd3,2
Nayevsk,0
Catusan,2
davi-tk,0
clownexe,0
diogofonteles,0
matheus-swenson,0
ellenalbuq,0
sarinhaxp,0
gztanjy,0
Rendrick,0
leandrolrs18,0
thbraga1,0
lmyller,0
tainararcs,0
Eaxmin,0
Juanelcol,2
CharlesAquino,0
KrulDev,0
euvoiid,2
BRMicael,2
wallaceAnterio,2
elisafa,0
dsilvahenrique,2
Guxtta,2
maarcos4g,1
evandroarlati,0
sabinorodrigo,0
ronniepettersonn,1
GabrielFoxDev,0
Artur-Santana,1
atomoxetine-old,0
luizpcferreira,1
GabrielRibeiroUD,1
rsantacroce,0
MatheusRobles,2
Val2021,2
rcaliman,2
TiagoFleischauer,0
Pedrobbs,0
lucas-caetano-reis,2
jdN0106,0
MattRangell,0
Lucas98903,0
MvLeronn,0
aline-dos-santos,3
JuliocRibeiro,0
isabelafdevito,1
MariaRitaRR,2
EduBertozzi,1
RennowT,1
gabrielmmart,0
J-c0d3r,2
leticiamerssENG,0
JoaoIgreja,2
AlvaroBreno,2
CamilaCSilva,0
talecozinho,0
Taciofpra,0
Renan-Sousa,0
nicolaskbs,2
arthur-craveiro,2
ppinheirosiqueira,0
NayaneMazaro,2
msoltanov,0
kongo02,1
GonzaloMartin,3
ricardoassaad,0
rwhite35,2
katesteinmeyer,3
robinhood-jim,2
g-milligan,0
vantonio1985,0
morieskie,0
Rockyspade,1
cwt,1
s3idi15,0
moch-sudharmono,2
sboussekeyt,1
ksora94,1
junaidrao,0
elvismartis,1
Rasha88,2
handyc,1
UpgradeRapier40,0
CampbellD84,0
KisingiMichael,0
A35G,3
ichynul,1
silvericarus,2
yubraj-rai,0
kursova,0
toliveiradev,3
unicolored,1
thiagolazaro,0
kukushking,3
bacdillon,0
MarlonJD,2
JpnTr,3
julienbrg,1
2222-42,1
jomonkj,1
acsenrafilho,1
wojesen,0
sako810,2
johnhaverh,1
mgarnett,0
shah2266,0
tuyen-vuduc,1
jerry81,3
ziishanahmad,2
dcorrea777,2
jhalljhall,1
vincejv,3
Crystyanno,2
indrayoga,2
JulianSong,1
ronoaldo,1
lalroshan590,1
fucheng830,1
englianhu,1
LordRahl90,1
AndiKod,2
muroko,1
gpicchiarelli,2
ChiperSage,1
paladique,1
mauriciopiber,1
BlockRockAdmin,0
Hckmar9,1
iodone,0
Fuzzworth,2
ilmsg,0
kirtivr,0
Bindles,2
joshuamabina,1
shervinchen,2
habtom,0
bryanperris,2
ContardiC,2
abmiah,2
kylewburress,0
hanez,3
PrinceKex,1
javierlopezdeancos,2
nguyenminhtien1411,2
Dariushdragon,0
Yanggum,2
mervick,2
aaalqarni,0
melihercan,3
akileez,2
franferrerrodriguez,3
nikolai-shabalin,1
nalabi,1
Suwandi,0
angelobelchior,1
wwwroot,0
Gurpreets11,1
hanrw,1
frandepaula,2
gui1andre,2
ricardotavaresit,0
alirezah95,0
NickolasAndre,2
bcsurf2822,1
Neha-Pal,2
Alexapro22,0
codevea,3
6Glow,0
MeriemBoujamza,1
Helly-4,1
SiChiTong,0
SandraSoares,0
ericagalves,0
petergi,2
yakubori,2
adammoro,0
nyinyithann,1
kathyonu,1
anderson,3
samsheff,0
myke-oliveira,3
WarutereIan,2
denizsult,2
allamxvictor,0
ibukunakinbami,3
ViniciussMelo,2
daniel-oliv3,2
douglastenfen,1
ngeorger,1
nakinnubis,1
CesarAugusto88,2
Lokeon,1
whuhxb,2
ericssondelima,3
DumplingSociety,2
canberkakcali,1
wangyysde,2
finalfantasyfan87,0
rm3l,1
edenio,1
sarfrazkhan18,0
demetriusvissarion,2
msantosf,1
castillo777,2
loprx,0
carlosdealmeida,0
AkechiShiro,2
Roccha,0
Blackscure,3
sagezoic,3
parsa-abbasi,1
RenatoExpert,3
kadirbelkuyu,1
mufidmb38,2
Bouhfid-Mohamed,2
superswan,1
jetleebruce,0
sokz,0
vector-man,2
fengjixuchui,0
CarlosZiegler,1
caslabs,2
JhowSchuuder,1
ademkocamaz,1
fazleyrabby,1
Disura-Randunu,2
limavit,1
darci,1
LarissaCroco,2
theCompanyDream,2
edpadua,2
ash4rk,0
nguyenanhhao221,1
CRY-D,2
amirhakimnejad,3
krankos,1
mehranasghari,1
jovemdan,1
kleva-j,2
alijvhr,2
jovicon,2
nabeghe,1
EdvaldoLima,2
tzerok,0
u5surf,0
notdanhan,2
patrols,0
souzaitor,1
jiang-24-gdufs,3
buhngwi,1
Zundal,2
anacvignola,2
cristopherpds,2
big-ricardo,3
Thxssio,1
guilhermecdo,1
kriskappel,2
igormaurell,3
pedromchd,1
vassao1,0
Alexsander-oml,1
Henrivaz,1
Gabrieltlt,1
RafaelHuszcza,0
luisffee,2
ricardoGrando,3
richassis,0
alikolling,1
Marcokbc,2
Ste452,2
felpssdev,2
erivelton-jr,0
Biel-H,2
Tiago-V,3
Gustavo-oficial,0
fernandoaraujodev,3
azevedontc,2
gabrielaoliveirasilva,0
yasminrmg,0
guilhermecostadev,0
lucas-borgonovi,1
VitorMartinsAlves,1
enzzo-dev,2
lari-sant,2
EricaSobral,3
marianarafaela,0
ErikaLeite,3
Chingling152,2
FernandoMonteiroOficial,0
JosiasCalebe,2
EmilyBarbosa-m,0
Manuele-Xavier,1
luanacarolina,0
hayaxii,0
joselainejrs,2
carolline-alves-barros,0
Okuma-wq,0
MathPSantos,1
alexiamelhado18,1
joao-devmaster,0
Tamashi19,3
Leal-Matheus,2
regiamariana,2
danvitoriano,1
Luiz0809,0
EricFernandes26,1
gabrielsilvao,0
eu-micaeu,1
AndreBarroso495,0
otonielnn,1
GCRusso,2
Deiseaneoli,0
FagnerLira7,0
Well-Mariano,0
Jabriel122,2
wbc-code,2
Lucca-gOn,3
brensmiranda,2
henriquebayer1,0
KamiMilo,1
AllanR1991,2
alaanvv,2
gustavomolina17,2
JoaoRoccella,1
michaljaz,1
SaraahBR,1
ailamaralves,3
KalebeLopes,3
Lucascluz,1
vcolen,1
ThayranGabriel,1
nayara-nunes,2
Joao-Darwin,1
anderama,2
larabeatrizms,2
rochacbruno,1
kleitonm,2
lysonjeada,2
pfanovaes,1
Rychillie,1
coelhobf,1
JPCBRGS,2
cacaudev,2
caroldonadel,0
DiegoTeles,1
matarms,0
thiagofp0,1
villares,1
luizmellodev,1
KastroWalker,1
giselesousar,1
yuri117,2
JadirJunior,2
guiquintero,0
GabrielOliveira23,2
PedroBuenoRios,1
duartemariaa,2
weirygon,2
hmartiins,1
titanpolo,1
lupy100,2
deverebor,1
saviocamacam,1
vitorCamargo,1
paulosestini,2
brunomariz,0
dueiras,1
guilherme-francisco,2
gaialucas,1
AZANK7173,1
luisrguerra,2
CarlosCraveiro,2
GabrielParreirass,2
dan-santos,2
GabrielCout,1
JuliaMdA,0
wulcao,0
TetsuoTakahashi,0
thor-the-rat,0
kaorikamiha,0
henriqueyda,1
hfcaio,3
guazco,0
hmoyen,2
paramt,3
Rafael-Yokoyama,1
rfdornelles,1
tamirysnogueira,2
Warrior17GB,1
mgnischor,1
jashscript,2
Victor-Raony,1
michel-costa,0
RobertoEhlertOSF,0
JunioResende,2
Biabborges,2
maayconslv,2
leokalid,2
LuizaRubim,3
EduardoHOS,0
andrehutzler,0
gui23g,0
jestfuljoker,2
silveiratalita,1
mariatassiana,2
LucasRZamboni,0
richard-brides,2
AmandaPiva,2
GuilhermeRdgo,0
pinhobrunodev,1
renatoReboucas,2
gustavomalheiro,1
luisgbyte,2
LucasLM1,1
LeoGonzaga,3
BarretoJ20,2
joaoaugustoalves,0
lessa1717,1
Raphael-Aljona,0
97revenge,2
GabrielSelvenca,2
eltonrds,2
marchitiello-vitor,1
Brunodonadei,3
MauroCortez,0
alanmmartins,2
JoaoNascimento-cpu,0
jeffersonsouzasilva,0
gugaSouza-dev,1
Kauancph11,0
elissonx,2
kingduffiy,0
Vnxc,0
GustavoTolentino,1
Daniel-Reis01,0
Kaik-Lima,0
MaristelaMaia,0
lucass-teixeira,1
juanvianadev,3
fabriciominowa,0
Strilicherk,2
tamigld,1
thamiavicente,2
TatianeCMessias,1
iseanstevens,0
Dan-Mqs,2
isabelabu,2
Muratawga,2
dellamora,1
enriquebeta6,1
gxstavo19k,0
igorfelipeduca,2
berutodo,2
pedromihael,3
brunoeduardodev,2
PedroCost4,1
JoaoVictor6,2
izakdvlpr,2
larissatoledodev,0
brenu,1
rafaxtd,1
Guilherme-RSM,1
pamellafernandes,2
kuy,0
nic,1
peterp,1
H1gor1,2
annakarlasganderla,2
brMonteiro-G,0
beamedeiros,1
Pekito,1
c1bergabs,1
andrevks,2
filipebraida,1
dabliu-rodrigues,1
SampaioLeal,1
arthurpolon,2
osantana,2
affonsobrian,1
CaiqueMitsuoka,2
felipebernardes,1
mtheusbrito,1
tiagohs,1
brunobertolini,1
wakeupmh,2
M1CH4EL-ux2,2
renatomno,2
wendell-kenneddy,2
maarcusvinicius,2
kennedybarros,2
AmandaAilin,2
cmatt7,2
giovanni1351,1
eduardoj,0
hionei,1
ntcaetano,2
Mauro2888,0
albanelshani,3
alexanderthegreat96,1
darwinz,3
diegorodrigo90,1
Ikziriv,1
natanfelles,3
ppmendes,0
narbota,2
lucasperrotta,1
gilcimarbarros,2
PauloCollares1,2
lucasaraiva,0
anderson-oliveira-git,1
FelipeSD,0
jsldvr,1
pauloAlba,2
deniscass,1
lucascnunes,0
Phrozbug,2
aperera,1
angelajholden,2
edjamakated,0
abinashdas,2
ismailgok,2
jetyamato,0
amiss18,2
Ligiasf,0
AneleMbabela,1
tommyseijkens,3
Alexandre-A11,0
georgedlm,2
alldias,1
cavazani,0
jacques,1
janus,3
plu,1
Gabriel-Lucena,0
MarinaSantello,2
FernandoAvanzo,1
kplian,3
AlucardNosferatu,1
marianafreis,0
haku-d,1
fabiancook,1
DavSanchez,1
plvhx,1
KemillyFerreira,0
fghpdf,1
jethoo,1
mohammedsalah7,2
Karo-12,0
ShaikeMukul,2
Ratkovski,1
yassinmeligy,2
desoga10,1
GabrielAlonso,0
MikeTech93,1
sguzman,0
chuikokching,1
itok01,2
whitebumblebee,0
DreamDevourer,1
gustavoaraki,0
papas8105,1
imalbert,0
iakunin,2
N-i-p-o-l,2
rzakaan,1
zhixe,0
anubhav823,1
hector98,2
ucnv,2
matteius,0
wangjing013,0
rochman25,2
osama-ahmed,1
marcoswoc,2
ndatrick,0
OVarLaz,1
andersonsouzabass,2
Lyc-heng,0
mauriciotamez,2
alaugustin,0
malek10xdev,2
paolomainardi,1
orinayo,3
suumiizxc,0
hanfengsunshine,2
RONNIE-RWS,2
JuanvictorO,1
LaxrLee,3
hinriqui,0
repson,2
pedrovs3,1
RodrigoBatis,3
GabrielaGonzaga,1
ElderGr,2
gicaAlves,2
sabrinadotsantos,3
MatheusAlmeidaNascimento,2
Renorog,0
armezit,0
emiliegervais,2
AndersonPort,0
danillogoncalves,2
alientechsoft,0
moraisacr,2
anaURL,1
okduund,0
over-light,0
temirlanZH,2
sinanbekar,2
Guilherme-07062002,1
hiccup1803,0
DannyBimma,1
Aczy156,1
DiegoVP66,0
suadbadusha,0
valloon427428,1
gabrielnunes0204,1
ais1175,0
kodebae,1
apantzar,1
naji1368,2
AdiulesonArlen,0
JCSkater,2
ro0tmylove,0
thamyreslais,0
brutalzinn,2
AnaPaulaPAraujo,2
Marx-wrld,2
Shahlovez,2
abril-bazann,2
Salman-Samian,1
humunal,3
superior57,0
Couto28,0
mackblake,1
bunyamineymen,0
rafaelkano,2
macielsevilha,2
code-free89,0
Gabriel-FerreirasSantos,2
MauroMarchesan88,1
Felipe2077,2
behulovely,2
kisakyamukama,1
rflmoreira,0
pozito31,0
kandayama,0
ebaketa,0
rapharosa,0
Rochaadm23,0
CasalMiriam,1
jacksontenorio8,2
alesuzuki,2
Ruandiasdesouza,0
fabianomonteirofarias,2
wesklay,0
luizfrodrigues,0
carolsuelen,2
gabrielevbrito,0
nicolasauler,1
Lukovsk,0
marcelofeitoza,0
Delistoianov,2
Anag0es,2
jampow,3
joselitojunior,1
farias-77,2
jjrkkj,1
kkpan11,2
GuilhermeSerafim,1
souzajv,1
Rennanlg,2
idail,2
EvelynMurasaki,2
marireis,3
DeysiLopes,1
juliansempre,2
jailsonh3,2
thaliadani,2
paulsaenzsucre,1
ggpereira,1
geissonlucaso,3
Rodrigo42,3
jurandirm,2
thiagosant,0
RafaelAmaralPaula,1
jsvatre,2
sirguilherme97,1
gabrielmop,0
walber-vaz,2
ewertonds,2
Vagodev,2
mvictor10,1
LuizEduPP,0
matheusg1,0
alsomalo,0
profhdeivisson,1
Redwars22,2
brunoienne,2
guerlak,0
alissonjaques,1
FelipeMiiller,2
DanielleRodrigues,1
wallacefreitas,1
artenlf,2
SabrinaRF,1
leafaar,3
Tinnyschz,2
brunaquignoli,2
Xandebrabe,0
samuelgomes0,1
ermogenes,1
GabrielCoelho01,1
codigoisaac,0
IsabelaSiqueira1,1
oragic,2
Mr1984-Pinheiro,1
NathanDeodato,2
PedroJorgeSA,2
palomavila,2
EricNeves,2
Andrius-pacheco,1
PeterStark000,1
flaviogui,1
pedroricardo14,2
isgabrielast,2
alliehenrique,2
ZauJulio,1
ArthurGorgonio,2
maggiemarques,2
ianevictoria,1
aryanneacosta,2
veronicarubim,2
nathaliakoetz,1
anabeatm,2
eduardowada,2
Andressa-Madureira,0
amanda-bea,0
joaolima16,1
LucasFelicissimo,2
bruniibs,2
Navarriin,2
LarissaAngioni,2
Tav1nnn,1
araujodai,2
joaovictorcs29,3
Caaarolb,2
rafaelaaugusto,2
diointhegit,2
AndreCFranca,2
CiceroLucas,1
mcavalcantedesouza,0
Ranieeery,1
wgirhad,3
SantinizX,2
zAlves31,3
Marqzzs,3
RubensMoura33,0
julialamenza,0
HlfDev,2
antonioscn,2
Vafernandes,1
ghisiluizgustavo,0
vitoriazoche,1
guilherme-teixeira-gomes,2
rrafush,1
fabinzne,1
julianafmotta,2
mauricioromagnollo,1
LucasApparecido,2
leticiar-io,0
Amad3eu,2
camilaffonseca,0
fonsecguilherme,2
VictorHugo00,2
HelenaSiena,2
selcukAltinisik,1
Caruso37,0
bmarroc,2
tunlaton11,1
MohammadGhnim,1
omk-coder,2
ntlcs,2
develvisilva,2
leandropiagno,2
werewolf22,2
marcelajcn,1
LucasCavalheri,1
M4kram,0
danmacode,0
imJessicaV,2
contepablod,1
turanedizsacakli,1
Elizah7,2
kassiaschipper,2
regex412,2
gamma19,2
lillianferreira,0
barbaraportes,2
AriadneCavilha,0
ilanacaetano,1
saashstan,2
Cixayah,2
laahnanes,2
KellihKey,2
mrcpicanco,1
lumoura0,2
joao-henrike,0
LucasCoFranco,2
Buriola,1
Tubagao,0
IncognitaDev,1
lranacleto85,1
dnsouzadev,2
annalaura2,2
andreztz,0
Tsugami,2
gboncoffee,1
francocontigo,2
xand3,2
caiquearaujo,3
allthecoder,1
LcsCefali,1
sylaht,1
joaobenigno,2
toniswx,2
WelberC,2
SamBlackLotus,1
leandroAntunes00,2
duartetech,2
maripzlima,0
mariaseverino,2
GabrielNunes12,1
MoDasby,2
geloodev,1
mattheusp,2
enzogennarii,1
gabriel-lopes-dev,2
BrenoItalo16,1
lucasshira,2
seherkoroglu,0
AraujoTech1,2
sieunnnn,1
vasloui,2
laughing-nerd,1
mahabadboy1,0
arthurviaro,0
Gamzeysr,2
jonathanmperes,2
Asifr001,1
estercarvalhocv,2
MiguelSouza232,0
gabrieldelucc,2
rayssaxq,1
raficfarah,2
C-Icaro,0
Reimar-Coelho,2
pedroonovais,2
PabloVenino,1
LuizLimaM,2
luisnreis,2
GustavoSilverio,1
pedronicolascosta,1
Breno-Cardozo,1
gferri-projects,2
guhrodrrigues,2
rahbespalec,2
marcellepaiva,2
LauraCastilho,1
vicitel,2
Japu431,0
tommygoto,3
ModestooLucas,1
victorbetoni,1
isinhah,2
erickcestari,1
nathanSeixeiro,1
Joao-Haufes,3
Felliny,2
miguel-barros,2
VictorPortize,1
Thomas-DEV7,2
lordjack,1
leandroaragao31,1
caroll-ac,2
otavio-binder,2
arthurfernandesj,1
Gabrielcarvfer,2
MariaClaudia1328,0
Gabrielsoac,1
falaneh,3
gabriel-lima258,1
thegm445,0
GabrielCastelo-31,3
CaioHabibe,2
artrsousa1,3
bottinolucas,2
salmoel,1
lucaskeep,2
gc-barros,2
allbertuu,2
AdneMoretti,2
BiancaPatrocinio7,1
Fragellii,2
JohnJMN,2
guilhermeromer,0
jonthomasson,2
kingportipher,2
IgorDePaula,1
toxtli,1
ibrahimlawal,1
mmeyer2k,2
blogtheristo,1
w32zhong,0
d0mme-zz,2
somaditya,2
harish-garg,1
paveldanilin,0
hiro21,0
Georgijs,0
matsuyuki-a,0
catalinc,2
influx6,1
EliseuTorres,2
glecio,3
libetl,1
iezed,0
pfcoperez,3
zicro,1
mastermt,3
baskeboler,2
jzse,0
stpettersens,2
nenadg,2
lucasrpb,2
ffreitasalves,1
cirqueira-labs,1
leotada,1
mseclen,2
anakarinacn,2
IsadoraFerrao,2
oestradiol,2
dudaholandah,2
ABMHub,1
renanrgarcia,3
VianaMarcioDev,1
JDelier,0
barroscruzc,1
victorear05,1
renatainacio,1
eikecaina,2
LeyvinoBezerra,1
SuranSandeepa,1
gscolombo,1
dbreskovit,1
HauedyWS,0
gabriellopes00,1
evandrocapo,1
wesleyorrr,1
matheuscamarques,1
giovanadionisio,3
EduardoGurgel,3
jnaraujo,2
edceds,0
richeroveis,0
abreuraf,0
samucosta13,2
Ali19533530,2
augustoaraujoo,2
murilogds,1
lvidal-gs,1
vitordiniz25,2
antonimso,0
Officialsmart,0
medi256,1
JuliaSAntunes,0
F1reFinger,1
c0destep,1
thecastrodev,2
KarlaCSF,2
MoranggNormal,1
brabeem,3
MatheusLCSantos7,2
raphaeldcout,1
g4o3,3
osmanatam,0
Sabanai104,1
lboaventura25,1
ValentinBarco,2
badu09,1
Mohsenzergani,2
benmacario,1
JuanRRodrigues,1
victordsantoss,1
fcventura02,2
GabrielDVpereira,1
Kitsune110,2
juliateles22,0
ThabataAmanda,1
stariel123,2
luiz-hfz,3
CaioDalo,2
ruanoli,1
kleysonfmadruga,2
Josimar16,1
Michaelchinex,0
eduardapalm,2
sumitkhudaniya,1
ewcajado,2
EnzoHenrico,0
AlphaLawless,1
andrelucasf,1
rafamaneschy,2
Kwame-Minta2021,1
ZiyadOuamna,2
BeyondMagic,2
Nanashii76,1
viniciusfgx,1
henriquefreitassouza,2
clarice42,2
analiviagarbin,2
PabloMirRC,1
Aislanio,0
sr-bauducco,0
ManuelPauloAfonso,2
gasparzinh0,2
EricLoBin,0
sTrkalec,2
thiagomachado,0
EricaFer,1
analisti,2
aclbrandao,0
lixianxiang5018,2
celiorscosta,3
jmar1998,1
hzg0601,1
iamdeterminedd,1
igorfersantos,2
jdpalmares,3
lucasgonzalez2,2
ynskrc23,1
sergiofasilva,0
unsalsoftwareentwickler,2
ndohvich,2
maktiny,2
intheshadows,0
temitopeohassan,0
laureanray,2
rogeriolippert,2
tjacobconley1,1
hasanhakkaev,2
santosediego,1
pcdajr,2
jwillker,1
andreymudri,2
jung0han,3
wiyadawii,2
LWFlouisa,0
a810950448,0
Atsu0601,0
cris-the-creator,2
barshy,0
RUCO13,2
tvieirabruna,2
JulianHysi,0
rpajf,2
devicemxl,1
ahmednasserzaza,2
auabake,2
guMcrey,3
Sciederrick,0
rohit20001221,0
bntngbgs,0
fabiopapais,1
Windows87,1
Kadidjah,1
guilhermecapitao,1
fergracianoo,1
adrielborges,2
bprofiro,1
diego3g,1
airtonsena10,2
analopesdev,1
AnneCosta,1
AmandaCarvalho1989,1
julia-finassi,2
TamaraKathleen,1
JessicaLopesDev,2
iannsantos,2
akaenrico,2
Larioficial,2
dougborbabass,0
felipesantos17,1
annerland,2
adrianoapj,2
willnogueyra,2
Williams25,2
AnaB-hub,0
carolinilaila,2
giovannabetti,3
sonegobruno,1
Talita-8,3
araguaci,1
bruno-sotam,1
taisesoares,2
Rafsdias,0
je4npw,1
clarafonseca,0
patrick-engelmann,1
omarcoaur3lio,1
ikarolina,0
adam-singer,0
ozkanpakdil,0
lorenz075,1
traversaro,1
MariSIN,1
abhithemauryas,2
aninhafofazap,1
ashishkumarpalai,2
Thamasha-ru,2
rahulmk19,2
dharmikpuri,2
mizginesen,2
anshumapunia,2
vishal-girhepunje,1
7GnG7,3
lRauane,1
vitoriashapiro,2
Figueredo13,2
Lucero06,0
parsapanahpoor,1
Solangelis,2
nilamkhose2001,1
bmediato,2
KeremAkkusDev,0
Divyansh9058,2
Sarah-Hesham-2022,1
UmaSahni,2
Sumeyyehas,2
gamzeaslan,2
lorainecalamba,0
Dilanngul,2
ray396,2
menv25,2
vidhi86,2
zenab12,1
ashutosh0640,2
MillieBB20,1
JanaGoncalo,2
sumeyyeguler,2
ansu-kri,2
BereniceValle,0
Delfina8,2
YasmineElbh,2
KanhaChhirolya,2
acarnilsu,0
dayannaold,2
rafakeller,1
Anku9053,1
LauraBigoni,1
akbulatesra,0
Irenimoyan2,0
AlperenYcdl,2
darlenedesenvolvedor,2
TanviGaware,2
Salwa99,2
Nanda-Souza,1
jaleyerdelen,2
RosyMazeto22,0
meryemozlem,1
kotaRamyapriya,2
gorguluarslan,1
ruthinunes,2
mervezcm,2
prashant9191,1
juuwes,0
badicev,0
guptaneha0111,0
alexiagregorio,1
rafaelmakaha,2
viniciussaturnino,1
VerasThiago,1
DanilloGS,2
LeoSilvaGomes-zz,1
opiero,1
candidoalfilho,1
GiselleMelo,1
natan-dot-com,1
gustavo-loiola,2
fferraz07,1
paulohbsimoes,1
keidsondesigner,0
dmrib,2
BernardoTM,0
k13b13r,0
erickfigueiredo,1
eloisasmorais,3
PkNeves,0
paulagibrim,0
henriquepgomide,1
matheusscarvalho1,1
Lazz-dev,0
amelco,2
clenia1e,0
fladson,1
dinatalrn,0
murilovarela,2
jessuircleydson,2
chyumin,0
afcjunior,2
lucascassiano,1
isaacbatst,3
CarlosJSL,1
evandrohpereira,0
weslenbreno,2
AmericoRodrigues,2
Lucas-Devv,0
sviegasdc,0
kakanetwork,2
Tobias-fernandes,2
andr-marc,1
MoizRed,0
paren-thesis,2
Makson19,2
Igor-Brandalise,2
laiscrz,1
SergioBonatto,2
mareduds,2
Aristeu-Dantas,1
renanaqn,0
lucasmateuslid,1
davidyuri,2
ClevertonCodev,1
Hagliberto,2
felipeaz3vedo,1
1l2pf,1
gabriellldev,0
tharinduyalegamalucky,0
sam1975sam,0
laliitze88,0
Gabsop,1
luisgustavopn,1
EvertonSouzaFerreira,0
lpdcalves,2
Errac,2
peixotons,1
tams-42,0
RuanMiguelGit,2
daviazev,2
Gavioli91,0
DanSmaR,1
sergiovieirawebb,1
Rafael-Assad,2
feeeeeda,0
Iro2021,2
rodolfo-code,0
Raph2ll,2
tndanjos,2
edibertooliveira,1
cauemustafa,2
Edi-Santos,2
lindainesv,2
eliel-oliveira,2
lzzhenrique,2
ViniciusmnLacerda,2
GMODias,0
miguel-inacio,2
lucasquearis,2
frantend,1
GabrielFonseca13,2
RCVigil,2
camila-mp,1
antoniocunhadev,1
davypaulino,1
MarcleyRosa,1
lauroandrade,1
joaolelles,2
GuilhermeSRibeiro,2
Thesamuel01,2
leo606,1
douglasCajueiro,1
mariabessa,2
jhonatasmatos,1
myoui01,2
magno193,0
Romz16,2
nicholasscabral,2
souza-marcos,0
RiltonMax,0
whowon2,2
LeonardoTedeschi,0
ribeiroguilherme,3
fcidade,1
Aleyucra74,1
matg0mes,1
guilhermedinardi,1
camilamaia,1
AlexBitar80,2
ventura-v,0
ItaloMedici,1
Bruini,2
luizdepra,1
lariadeoliveira,2
brunolcarli,1
wallacesilva,1
liloven,1
edvitor13,0
Barbara-Morais,2
giselegomes,1
karlaathamiris,0
GabrielleEmanoela,3
enymartins,2
RaquelFonsec,2
lrolivera,2
joicereis,0
JhenyfferOliveira,2
apenasMarcos,1
matheusassed,1
jyuky,1
pnlpcarolina,2
AndressaMattos,0
TheK6,2
FernandaMaresi,1
brunosb,0
abnerpersio,1
henriquecrz,0
dudaporto,1
gusstavotelles,1
luisrondow,2
rafaela-soares-a,0
Vivi3008,0
stephanyas,2
SaraTuma,2
allankildare,2
anvitrola,1
duarte2025,1
hick97,1
raissamartinsmenezes,1
Camie-M,0
bboth,2
mainanina,2
amandamcmolina,0
rafaellore,3
Kassiakim,2
anafrancadev,2
CristianeBranquinho,2
Wallace-Bezerra,2
ShiellynFerr,2
davinyleticia,1
lopesbrenda,0
irlaandrade,2
pcSegatelli,2
carlaespindola,2
BrunoSaibert,1
rmax,1
lisandrascruz,1
luzialeticia,1
Thomass94,3
tatielirb,1
caiobep,2
chocoelho,1
felurye,1
nbluis,3
thayseonofrio,0
naomijub,1
codedbytati,1
LucasViniciusC,1
phtoselli,3
fabioalmeida100,2
dionesmichele,2
JuCSMartin,2
GODiiKING,2
r4skaren,2
paivakarine,2
fdolzanes1,1
danielejsantos,2
oluiscabral,1
vanessa-dev,2
Leojunkes,1
jmreisswitz,0
paulogrillo,3
SMarkus27,0
LizandraBonfim,2
NicoleSF,0
Natan-Abreu,2
nicolasmelo1,1
pmartinsn,1
mila-developer,2
BiancaPereira,1
nasciba,3
marilhacariolano,2
SimonePedrosa,2
renathaoliveira,2
KarineCosta15,0
FernandaBroch,3
daianemsilva09,2
GabrielyO,2
thiago-guerreiro,2
carollas,1
olucasmac,1
memeco,1
ianffcs,0
odineiramone,0
matheuslenke,1
annacia,1
nalvescabrera,2
antedeguemon,3
barretoana,3
sonecabr,2
AndersonMolina,2
brunagil,2
KarinaThomaz,1
uelberhenrique,2
vpanjos,1
CarolinaBatatinha,0
esron,1
enzoz,0
dzvid,2
dmitryrck,2
miohana,2
gustavocardoso,2
backinkansas,2
rafakabuchi,0
VaneskaSousa,1
fesanto,2
talitaoliveira,1
danilovaz,1
maikenegreiros,1
danianith,2
natizui,0
tatianimeneghini,2
viglioni,1
mibsbalsante,2
vicduraes,2
velascosi,2
erenbrito,0
inessadl,3
gilmara-barros,0
mikaelhadler,2
frontfabi,1
manzoliric,1
woliveiras,2
alinebrito,1
inaborges,1
lohannaaires,1
Kaiofprates,2
armand1m,1
ArianeCamilo,2
ferreira-mariana,2
carinebatista,1
FernandaMendonca,1
diemoritat,1
rodolfostark,2
kcami,2
Lorenaruiva,2
rhaynnelopes,1
CarolinaCedro,1
giuliabriao,1
RBianchi-Al,0
CarlaBruckmann,2
francisco-devjs,2
amandaperrone,1
bruno-ralmeida,1
Magnarecrut2020,1
aguiartalita,0
dougluz,1
vluzrmos,2
isabellasouzas,2
graziellecafe,2
laaridiniz,1
JenniferDominique,1
lacerdaisab,0
rmftelier,2
thiagoandrecardoso,1
proxygo,2
julliebelmonte,2
giovanatg,0
VanSharine,0
1cadumagalhaes,1
apwill,2
Especio,0
AbraaoM,1
ivangomes,3
murilothink,1
caroline-boaventura,2
deborateodorico,2
IanaCris,1
BrunoFay,2
CarolinaAriadne,2
walaceborges,1
RoyMusthang,2
adrianycmc,2
lanaiconceicao,1
VivianiMartins,1
yurigarrido,2
thomasravache,2
maurilosantos,2
Wesley-Maia,1
Ttamires,0
DanielaCosta12,2
leticiaamelloc,0
nmonalisa,0
CarolPinheiro,0
DarlanCaruso,2
santosmat,3
elionaimc,2
ogiovannilima,3
irsdora,2
wilsilva,1
JeffersonCN,1
tlholanda,3
rafaelshayashi,0
the-physicist,2
knienkotter,3
LuizGMiranda,1
mateusKoppe,1
caro-marks,1
devLeSilverio,2
leticiamazzo,2
elisboa,1
FernandoKGA,1
moniquetrotta,0
Mostela,1
cstenico,2
apdsrocha,0
vinyguedess,1
grazirs,2
thi-costa,2
pedro-isacss,2
NadiaaOliverr,1
togarci,0
JodanGalas,2
me-marchi,1
salihkamas,0
LuccasRMedeiros,2
ELDJAZAERY,3
Andrie21,2
Marabunta01,0
aurelienheude,1
menesdev,1
ArthurMaverick,1
victoriasuarez97,1
kevembuvak,0
cmcWebCode40,1
iareis,1
erika-h7,1
skywalker-its,2
ahuseyn,1
adili0505,2
mariomthree,1
miami78,1
Ankita-3107,2
ahmethakanyldrm,2
WellingtonVicen,1
renanstn,2
Halibrat,3
esfreitas,0
ekaranjaa,1
ewertoncmiranda,2
ulaserkus,3
somedd,1
saransh317,2
Grateful55,1
Mehmetagkus,2
imssurya,2
Pedrolustosa,1
yumitgyuler,3
pulkitmehtawork,1
CoskunTugcenur,0
onuranl,2
umiitkose,1
awesomeamit1998,1
MathCouple,1
gulzade-35,3
MustafaCelal,2
luizrosalba,2
Qilwar,0
Shepherdsimukonda,3
onurdemir0,1
elvanyalci,0
gurkanaltunok,2
durmazdeniz7,0
sameterdogan,0
morganagomes,2
EsmaNEren,1
carlosinhani,1
jocelinoFG017,1
miiraaayy,2
eyupduran,2
muammerakilli,2
nathsouzadev,1
roberson-miguel,1
morgannadev,2
carlossantos74,2
lorraine-crst,2
RaphaelaJVieira,0
GeniltonSantos,1
tonistorres,1
ropdias,2
bernaRocha,1
ElisioWander,1
sararrodolfo,0
laizapaulino,0
GAGABY03,2
AndersonRFerreira,0
marlonfrade,1
CyntiaMatsu,1
luizhlelis,1
DenFerOli-zz,2
camiladcm,2
itsferlima,1
eakeur,1
lisboaxd,1
carlamaximo,1
TuanySantos,2
TheJulius,1
igorhkd,1
Dayanaferrer,2
marcelascv,0
developer08895,2
romanellipereira,2
RR-DevGirl,2
Aline160,3
Audry-prog,2
elvasthaisa,2
niltoneapontes,1
maaysiq,2
marinamare,0
marianyqueiroz,1
marianafreitas13,2
priscilaestevao,2
ltsaiete,2
SrVictor1,2
DanielSBaumann,2
PedroViniciusMelo,2
lebLuiz,0
clrbc,2
Joselucaas,2
anidio,1
izabellalbuquerque,2
pedrolgsoares,1
LaraYasmin,1
heloisaldanha,1
Dhebbora,2
everaldocmachado2,1
aladearchives,1
vandjalili,1
asifmuntasir,1
AgnyFonseca,2
ThalesLuizCosta,2
devlobao84,2
rogeriomussoco,1
julimoraislima,2
itoncorreadev,1
renatavitoi,0
claracosta154,0
biancapb,1
jailsonsntn,2
EufranioDiogo,1
elainesteolla,2
yagomouro,1
LucasRittes,0
JhonatanSSantiago,2
brunotech,0
mpgxc,3
mohammad-mehdi-mohammadi,2
clcmo,1
tawanysimoes,2
andresafabiany,0
ftathiago,0
perealvees,2
rebeccamoraes,2
ReAraujo,2
ligiacmcs,0
amandagdev,2
diegodrc,2
PaulaViriato,0
lucasclopesr,3
botelholarissa,2
idontwantcookies,2
shyba,0
Guilherme26,0
Xunjin,1
eugeniopacceli,1
tatiana-scda,2
andre-motta,2
marcopollivier,1
ChrystianMelo,3
iurirodrigues,0
Hybbon,2
rennancl,2
henriquesa,3
mateus-nsilva,0
RonanFelipe,0
guilhermeolivsilva,2
albertotimoteo,0
lucasmbastos,1
viniciusveigadev,2
renadeveloper,1
joaoteodev,1
iaraoliveira,2
lcnascimento,3
AnaReisM,0
rodrigoea,2
dielduarte,2
douglas-he,0
huras,0
geraldofigueiredo,3
paulotrindade1,3
RaiTamarindo,0
MarcosDevBr,1
RaphaelOliveiraMoura,1
arthur322,2
lucasluca,1
HenriquePalote,0
luansapelli,1
gitflavius,1
laryssamagalhaes,1
m7ez1n,1
samuelcunha,3
angelinopires,1
guilhermedecampo,1
renanbona,0
luiz-berto,0
caioraposo,3
luigidcsoares,2
danilo-p,0
monsalex23,0
Engcompaulo,1
kalebemoraes,2
otaviolms,1
lcsdevs,3
GabrielleRSAlbergaria,0
pdropaiva,3
HenriqueCheik,0
eduardonigri,0
ThiagoDella,2
dianavile,1
FoteiniK,2
markoboy,1
PerezLucas2903,1
vgpessoa,1
vitor-mafra,1
mcatrinque,1
gabrielmirandaBR,1
roger067,1
diegoroso,3
andyboli,0
alessandrapaulaf,0
felipeireslan,3
LEduard0,3
fabianasugamele,0
MilenaCarecho,2
samsantosb,2
alitsavirginia,2
breardon2011,1
gabedeko,0
ruslanbadaev,2
Ynraw,3
BaydoganMirac,1
MutlucanKarinca,0
geankaminski,2
dannyp777,2
tisljaricleo,2
00lucasm,2
fromgopi,1
CarlMartins,2
1996scarlet,0
ietienam,2
carloseduardodb,2
busramerveaydn,1
pejmankheyri,2
977812671,3
Asterka,0
RangelMoreira,1
na2shell,3
pwamly,1
patilkrunal,1
jadielsonnsouza,2
FabianaCaroline,2
meleklacin,2
lilangbr,1
ratamranjith,2
davidmusembi,2
okyayeda,0
Abdou-Hidoussi,0
LUX14Zx,1
mike-liuliu,2
eyEminYILDIZ,1
eliezerantonio,1
y3rb1t4,1
goltong1,3
kchikech,2
saadazghour,2
DiegoRoney,2
rohan-bhautoo,2
joshuacassidy,0
glaucoreis,2
firebuggirl,2
muhammetemrevatan,1
MarcusVinix,2
shreshthajit,1
erfanghorbanee,2
tugrulhkarabulut,1
CodePracticeComputerScience,0
realkevinbrian,1
emredemirr,1
AloyASen,1
coderinblack08,0
dennisMarcelo,2
henriquerochars,2
devssun,2
marcosatsf,2
amirmojarad,1
98saiful,0
BionStt,2
samyev,3
KellisonSilva,2
edu-Fender,1
gustavosimon,1
omazdev,2
Laguna1,1
spacekitcat,1
gognlin,0
androyt1,2
riungemaina,1
NSEcho,0
miladsec,2
thelilnix,2
twglhk,2
aliyildizoz,2
cs-hasibul,2
feyzanursaka,0
mustafaemreozmen,3
biggaji,2
foskyblue,2
AyrtonPereira1996,2
bretoreta,1
imalisusan,2
makaulucky,2
PranavArya37,0
ElkmanY,1
SkajeDev,2
belsman,0
PamelaFeijo,1
machadinhacega,2
hbianchi97,2
awelllle,0
kimpro82,2
lucatsf,2
Ovsjah,0
matheushbezerra,0
Josssanfrei,2
luarakerlen,1
Xicojr,2
davicn,2
juarezsantanajr,0
muriloviscondi,0
isasanchis,1
eduardorcury,1
HenriqueOCabral,1
fhbcyberguard,1
IndianGhost,2
antuniooh,1
mohamed-helmy,2
Grazinascito,1
PauloZanluqui,1
vitorcarvdev,1
SpeciousSoup956,2
tarcizio-barbosa,2
Nathybozzon,2
LeonardoFebba,1
bartolomeusantos072,2
MikaaOliver,2
lchenrique,2
rafaelspa,0
EduardoFrAlmeida,1
Christian-M-Silva,2
vanzacher,1
renankalfa,1
joaopaulo342v,0
Rafael-doctom,1
Jose-cyber,1
Hudsonhfreitas,2
apolimax,2
vkThiago,2
MarcusVinicius21,1
LeandroNeto,0
danielvieiralopes,1
AlisonK2,2
gabrielasertori,2
HenriqueBarucco,1
vitosdeveloper,2
diegocar448,2
oLadeira,1
luciana-pereira,1
Ari-jr,0
Newton-Duarte,1
lupercode,0
Georocha,1
eriquinhos,2
Neandro-Silva,2
vilelaGa,3
CamilaKampmann,2
Mocroski,2
leandroswz,2
Felipe-M2,2
pedroesli,2
yasminmarangao,2
lucas-dantas10,1
JonasJesus42,1
italobbarros,1
Aguiiiar,2
lemoscaio,2
orlandomotapires,2
ElimarLucena,1
depaulaigor,0
oalissonbatista,2
maysaraujo,3
barbap,1
rafifos,1
biancagualter,2
Jefferson-devs,2
cfleschhut,0
AlvesAline,0
WillianMotta,1
geanfarias,3
blamoo,1
omarkdev,1
hfabio,1
LeonardoZ,1
MatheusBaldi,0
JulioCVaz,3
rbentivenha,3
rogigs,2
Shizuzu,1
Claudio-code,3
profluizangelo,1
elizeulouzeiro,1
trofinomelissa,0
andre000,1
felipefialho,1
IzzyDomin,3
vccolombo,2
victorhos,0
CModernel,2
Juliamello8,2
erikomis,3
Tauana-Pacheco,0
GeizyCarolina,1
sinval-albuquerque,2
PauloAlves8039,2
dev-dougie,3
FernandoPiacezzi,0
ElandVarse,2
rafalmeidas,2
mnscmart,2
Wayfiding,2
larissabenedet,2
leorodriguesdev,1
MarianeCipriano,2
demelomatt,2
yuzokamoto,2
Josias-Ribeiro,2
rodrigofelipejr,0
laenderoliveira,2
leonardo8787,1
Sr-Souza-dev,1
rafael-campos,1
raframil,2
magalha7,2
JoaoCRDias,0
lucamps,0
Mai9550,0
rafaellx10,2
marcio-basilio-js,2
TiagoSilva92,1
PatrickMuoka,0
billsomen,0
xxGus,2
raphaeldoratiottocamargo,0
lucasugarcia,0
sol-oliveira,0
luisfop,3
umtkas,0
vertical-blank,0
maxcrous,0
antigones,2
KagenLH,2
1ambda,1
mconyango,1
DincerDogan,2
Cambridgeport90,2
andreasantillana,0
pkiop,0
Wellington01,3
jarpi,0
rodrigopivi,1
Wanhenri,2
Emersongit,2
starry-time,2
drsantos20,2
codeblooded,0
arachchi,3
pathcl,2
mikeyb,2
vacom,2
jincheng-jason,0
SMcDonnell,2
maksa,0
mxdpeep,1
alibby,1
marvinick,0
Brianmanden,2
j69,2
dennerevaldt,3
RobertoAlbino,1
well-ington,0
diogeneszilli,1
GauravWalia19,1
gdfreitas,1
deyvissonAGP,2
brendonguedes,1
YuriLopesM,1
bcremaschi,1
brognilucas,2
ananeridev,2
priscrb,2
rafaelamiranda,2
filhodanuvem,1
DanieleAndrade,1
SubaruSama,2
mohammadkarbalaee,1
irevenko,1
programaticia,0
tenmark86,1
ruedalibre,2
Ayodejioladimeji,1
zzhsec,2
SeePetulaCode,1
kolaynurdan,2
mkaraca25,1
PieroValencia4,2
s-v7,2
fang-kang,2
yunusemretoptanci,2
tryy3,0
seydaozdmr,2
doguyilmaz,2
DevPianist,2
janinesi,0
JNYH,1
birdsofsummer,2
SCOTTY0101,1
abdelrehman99,2
leonardo-oc,2
AnicetFantomas,1
brinhosa,2
Dagic-zewdu,1
Vit0rg,2
fayismahmood,1
AbdElrahman-Rafaat-Amer,1
ananias18,0
bekto,0
Jack1634,0
deep-woods,2
dre1597,3
jadson-medeiros,2
fed1k,1
gandolfoni,2
rafaelcastrobr,2
Mamun-NSU,0
designwal,1
Stilic,2
MustafaAltas,1
burakguldiken,2
zeyasar,2
MuhammedKaradas,2
omamazainab,1
bogdan-Kozlovsky,3
ribeirosaimon,2
hichem-bouzourine,2
JuniorCundari,2
thygo10,2
ebrusakar,2
carlosfrodrigues,2
bhumikatewary,2
leonardevans,2
Achette,0
Arun-purakkatt,2
JoaoG23,1
WJC5197,0
RafaFurla,2
aristidesgpg,2
onurerdem,2
Mestevam1976,0
rwerplus,2
YarlleySilva,2
n0tank3sh,2
marcos-asdes,2
wfedev,2
Hamdyx,3
caleabc,3
SrOliver202023,1
7ia,0
victor4pinheiro,1
JerCar,2
Classytobs,2
0Mouiz1,2
Dima-K-A,0
ahmedabdelsalam22,1
0komo,2
Goldfromgoldwila,2
ahsan2002,1
caroline-scc,0
Shilton7,2
geosheehan,3
Aswinvt,1
mehdipayervand,2
Matheustsr,1
LeeKLTW,2
saawhitelife,0
thejohnlima,2
xslyr,2
ciccioska,1
0-vortex,2
t2dbabz,1
mcnic,2
Nandu-Chandran,0
soumya997,1
erhangocen,2
senioresin,1
manisha069,2
cihanicelliler,1
leandrohorizon,1
Jkalio52,2
jonathancbrito,0
dsnehasish74,1
kayoderock,1
caidevOficial,1
sidratulmuntahagul,2
gulistanay,2
MelihKayali,2
usmanatmojoo,0
SirFelipeMiranda,2
TarikSogukpinar,2
daliborkoenig,2
AbolfazlAbdi48,2
andersonmag,1
Voltranex,2
iamgabs,1
henriqueritter,1
rkavlak,3
agtonclemente,2
tugbayavuzz,1
lucasramos95,1
TStavale,2
c0d33ngr,2
JonataRocha,2
DuaneScheepersWebDeveloper,1
lgf-roverbytekok,2
takanome-dev,1
mhdsadique,1
jsiu93,0
rubenmarcus,2
lucasoneves,2
vaughan189,1
kyungseo,2
dmvjs,1
imaun,1
MohsenShahbazi,1
JMXPSX,0
tarikdavis,0
richinhim,2
ALOK6103,1
sshilpi110,1
r3ihan3h,2
mansitee,1
defrein,2
heminsatya,1
Ismail366,0
Comen35,0
emjjkk,1
saroshfarhan,1
mohamed-ahmed-yousef,1
Vincenteliezer,1
MATHEESHA2,0
Temitayo-spec,1
shaina-12,2
k0i,2
prabhatpoddar,1
ersinisgor,2
dr34m14,0
igorFrotte,1
BrunoPdSilva,2
tubacvn,0
Gabriiel-Barbosa,1
MetehanMuradTali,2
ABOBAKAR-IT,1
anmoljhamb,2
DevPedroVII,1
sabitunsur,1
amakaluvitalis,1
DogukanBaygut,1
koechvictor,2
BlasioGodi,1
nattheriddle1,2
souleonardobrasil,0
Pop-Apple,2
ioannispol,1
zelihaznk,2
tupokraju,2
RC-Regalado,1
kibrug,1
Gabriel-sFernandes,2
Dikachi-official,2
maks-nenashev,2
michaelamponsah,2
guilhermeroberto,2
nelleuSant,2
sriramalavalapati3,2
mmaslan,3
MouidMS,2
kotamachan64,0
manoj7654,1
fernand-a,2
NathanSFon,2
mariaclarahl,0
gustavolabela,2
joao-vitor-marques,0
annnyc,1
thalitatholiveira,0
brandodevr,2
Mileide-Mikka,2
penasNipute,2
rafaelarruda,3
kamimartins,2
Joaomzera,0
RB-Matheus,2
JBSilvaDev,2
ronaldprofile,1
nathaliaguimaraesdev,2
Gers2017,2
EdvanSS,0
tamirespatrocinio,2
TOPTOPUNIVERSE,0
wandosantos,2
kleberamalho,0
valentim-vh,2
MatheusPMC,0
TiagoBaratieri,2
gdeggau,1
drishtigup,3
mayaemerson,1
klebergeo,2
jefftermayron,2
jayjaycrown,1
kevinmukuna,1
vdsou,1
ysh-rael,2
ClaryAloisioHendgesJR,1
ednaldosdl,3
Diego-rosas,3
OneUnicornToFox,2
juanozorio,3
the-matheuslima,2
y93r,1
bruninhadioli,1
DaianeL,0
hmslima,2
Orlandoj77,1
lellismaria,2
Margarida-Andre,2
lucas-devstudies,2
manuelcunga,1
ruanltbg,1
vanessametonini,2
killvxk,2
douglasbarcellos,1
wanjiiru,3
newtonmunene99,1
lucas85cunha,1
sergiocabral,1
Suarsan,2
RodolfoSilva,1
fdaciuk,1
douglascamata,0
lucrp,0
omerkocbil,0
joseaugustoss,2
KathleenPorter,1
hxp-plus,0
HelioSilva,2
juansolution,0
paulstandley,3
raag,0
neymarsabin,1
wagura-maurice,1
krzysztof-magosa,1
yyuuiii,0
MrDave1999,1
AryamannNingombam,1
Fabunmiegbe,2
david-malpica,2
salitha10,1
5Diraptor,2
clivetc,1
spencerochieng,3
kudak3,0
rafiiramii,1
bradleygichuru,2
Cerne17,3
JP-sDEV,2
Julio-Norberto,2
rahimasalman,1
Abd3lwahab,1
alvinkaiser,2
BeGentleman,2
cholis04,2
brunaluisasilveira,1
Acir-Moreira,1
Yosiefmohamed,0
mmmmimic,1
ranushka-lakmal,1
birdeveloper,1
travis103,0
Grayforever,1
GeyssonAguiar,2
mygoal-javadeveloper,2
JellyfishMIX,1
fmpiza,2
MetaverseNinja,0
celeron533,2
cqqccqc,3
drevdine,1
Alikhoshkholgh,2
ozgurbaybas,2
sergioriv2,2
adel-gu,1
AndreiMartynenko,1
celalcan,3
Jokebede-Coimbra,0
khloudHisham,2
rodprogramdev,1
italorafaeltavares,2
mongoloidkhulmikuki366385,1
shikhar13012001,1
nadiaahmadian96,2
dinoaqui,1
wvieiras,0
Trigve-Hagen,1
JohnItoo,1
websiteinfo,0
roferreira89,0
ZimboSebastiao,3
mamenesia,1
awran5,1
guilhermespro,0
sidarkelse,2
RicrdoMedina,1
skymach97,2
jeferson3,2
burakyzn,1
gabrielborc,3
Joycekellyy,2
AsmaaAlamrawy,3
wellingtonsa,1
fogeid,1
ozgursarioglan,1
adryansf,2
marlon-Symczecym,1
jeancabral,1
thebylito,2
christian-de-ornellas,2
antoniotex,2
antonioanerao,1
vitorpdasilva,2
wesdeveloper,1
gabriel19913,1
Novout,0
gleidsonf,2
Joaovsa7,1
ambegossi,0
zhangshan575,0
sarkioja,1
rk119,0
PremApk,1
zerontec,1
DanilooHenriquee,1
kquirapas,1
KhadijaNaz,0
dclark,2
alpagu872,2
lordoz234,2
Pratik-Sanghavi,1
amirnilofari,2
ahlag,3
JrAdilson,1
wendel-passos,1
mohammed-bahumaish,1
c4lyp5o,2
thebunnyelectric,2
kamleshjoshi8102,1
tanavurs,2
mostafasoufi,1
ibuilder,3
nicklima,1
karimlanguedoc,0
MarcelFagundes,2
deepneko,2
Amirsamrezv,1
m-oniqu3,2
yk-yong,1
hotddul,2
about-joo91,2
sergey090977,2
mustafayucedev,2
WinChester1723,2
nessibet,0
wre9-tesh,0
vladimirkozak,3
HugoLSPaulo,2
toum120,0
KorirC,3
bvucode,0
gabriel-assana,1
rodrigolessadev,0
Ronnie018,2
evertonpila,1
Bikram1122,2
Enes-Kayiklik,1
AnukaMithara,1
tee-jaay,2
Amporu,0
MohamedHNoor,2
SyedMustafaImam,1
aliine98,2
CodePaula,2
jadsnet,2
gyssa-prince,1
MioMauro,1
igorcampos-dev,1
liberatricebaizer,2
WallasAR,1
joaofelipeas,2
pedrohnf688,2
Akramwired,1
emrahburak,0
natBizitza,2
lucastravagin,1
AlexR1712,1
rborgesds,0
AhmedSayedMansour,2
YoRobotCop,1
NeimadTL,0
bruno319,0
XuBin8866,0
chandan-ojha,1
jacksonsr45,3
catelina777,2
mehdiradx,2
DanielSchuette,1
Mobink980,1
streltcov,0
geraldo-netto,2
muhammetcangl,2
myw3schools,1
italopenaforte,0
dougtq,3
AnnaMut,0
eyobofficial,1
matheusdoedev,2
osuobiem,2
tchnorider,1
SaraLatif99,0
fk1018,0
malibagci,3
Petkoski,3
SefaKonac1,0
bahachammakhi,1
juniorbuba,2
jmpfbmx,3
Harry-Muzart,1
Katheesh,1
ainyava,1
Nazarikk,2
jamilxt,3
suthicha,2
teslatickles,2
lr5420511,0
WebertiBarbosa,2
LeonardoCHb,0
NamhoGim,3
ograndoptimist,1
hashika2,1
DanielNgandu,1
Pedro-Krw,1
peueueu,2
ravinduf,2
ManojKiranA,3
johnadan,1
khirotaka,2
alagiz,2
JasonHaque,1
KamonLeigh,1
Oner-T,2
damadormoreno,1
lg-gonzalez-juarez,1
wellnunes,1
KadriGbemi,2
icheglakov,0
abhishekamralkar,2
jaeminkim-ee,2
lillianphyo,1
romarioarruda,2
haniueo,2
DarioCabas,2
jpablodrexler,0
weisuoke,3
hillarymutaik,2
frmatias,2
BabatundeAlo,1
francisuloko,2
thomashfr,2
personalnerd,0
sampaththeman,1
jonathanatuscpsu,2
shortymc,0
yukinon-,2
sydowma,2
StefansArya,1
viini42,0
puzzlecollector,0
rodipm,0
threeal,2
pedroldk,0
ageis,1
nailsonlinux,0
RamonSilva20,3
Ahacad,1
sharur7,3
WelingtonZanon,0
victoriaogomes,1
FalsoMoralista,1
adkatarine,2
rakeshkarkare,2
HugoHoffmann,2
mustafal,2
johnnynavarro,2
williamlims,1
raphaje,3
Isadora22,2
jenniferhr,0
valsonpereira,2
chriniko13,2
Max-Oliver,1
denielfer,0
ostapyshyn,2
ronaldocuca,1
hugovelasco,2
TiagoHA,1
yullobomfim,1
nathanzilgo,1
PedroHenrique-git,2
elvikalinoski,0
MatheusNascimentoti99,2
SarahSantana,0
daneccc,1
davymatos,2
alainkaiser,1
bragamateus,1
aquiles23,2
basharovi,1
Kelta-King,1
willian-santosalves,2
devangelaguilar,1
ibrahimkanber,0
TanweerulHaque,1
kunwarabhi7,2
Denis-san,1
fflorezz,3
nooras,2
nehasoni05,1
mainhoovishesh,0
mbolukbasi86,2
jeffreybaoshenlee,2
Renatojr2,2
Mastechnology,1
NascimentoMatheus,1
Coderberg,3
rafaelbucard,1
JEN-dotcom,2
opensource-joe,2
kulasedat,2
RodgerCodes,1
Nass42,0
joellacerda,2
D-Wolter,2
OverHype98,0
MailingDelgadoMedina,2
belhajjamorsamar,2
lf2a,3
tongoonamujera,2
oguzhancvdr,2
glxnull,2
aakashratha1006,1
Mahikolhe23,1
yilmazmusa,0
eric-zanchettin,1
qudusG,0
markhv-code,2
jamieus,2
JohannGordillo,1
EdanAlmeida,1
MamadouAlySy,2
jorgejoshuatt,1
IronOnet,1
silvaignacio,0
wwwbijay,1
raziyedogan,1
Dee-nDee,2
AmyKrizanWang,2
mmalbr,1
LeandroDukievicz,2
jdx-code,0
Paulodiastst,2
JonasFiechter,1
adrianotribeiro,0
Rodrigo-Palma,0
yusufadji,0
muratcansarkalkan,0
rumeysayurtseven,2
RhutvijChiplunkar,3
amirahnasihah,2
marckesin,2
dtm85,1
gfouz,2
metin95yildiz,0
LimaAmanda,2
KelvinWevertor,2
Marcos8060,1
jgmsantos,1
muchirajunior,2
SamaraMacedo,1
hsiaofongw,2
pambus,1
Finyasy,1
marques-matheus,0
Famenontsoa1,2
StringRafa,3
LorenaDrumond,2
Tejaswi-Kumar,0
tamtocode,0
yes-pripri,0
ERICAVN,1
gabrielaraujo3,3
ixc7,0
baranzen,2
basturkerhan,2
Msajt,2
yurigabr25,0
Emerson-02,2
hudayihancerli,2
igorRicci,1
pronepoet,1
Rafael-Araujo-dev,3
OSHMOS,1
amirkarimistr,2
Marcos-Soares27,0
hfl0506,2
mertess,2
ohyuchan123,3
Gustav-dev97,0
Sajadssa,1
ouseqqam,0
Sevdag,0
Lucasssanto,2
Dinesh101041,1
elychr,3
JairOliveiraDev,0
AlfabetaWeb,2
IN0C3NC10,2
gsggamer,0
ElissandroMendes,1
lucianoseibel,2
SergioHs,0
ramcandrews,1
honghuac,1
zzy404,3
rgeorgiev583,0
murshed,1
Viijay-Kr,1
acmerev,2
x213212,1
dipespandey,2
seenyat,0
andrewhayter,0
joelouthan,1
digiry,0
agabaandre,2
GioF71,0
aaron47,2
giacomotrinca,1
ozgurlukkorosu,0
semioz,2
ozbirmustafa,1
ozguraktas5,2
ilaydasahin,2
esraarsslan,2
ESA1979,2
masayukipy,2
SuelenSCardoso,1
binaliyd,1
Idriz4work,2
bilalaymak,2
AgustinKassargian,2
Hilalbasibuyuk,2
Fatmaaktar,2
onurkecee,2
cloris098,0
amritabithi,3
abdul-k-shaikh,2
joaoquinto,1
Justinldub,1
jchoeup,1
achmadlutfi96,2
seifrajhi,1
nabilfsd,1
kakaingalu,2
DonnaReilly,1
rushasdev,2
tcandra24,1
kobbycyber,2
Howard0401,0
Wes-Coburn,0
hanyeh00,0
serranuraran,2
ozencdurur,2
ysfcbn,2
EmreKabali,2
noumecha,1
Jack-Christopher,0
abderrahmaneMustapha,3
WilsonSe454,0
JonasCaetanoSz,2
prowebdev119,1
leonardoccipriano,2
raissacampos,2
hesnacaliskan,1
DoingDog,0
tynist,1
TomaszModrzejewski,2
antonio-dev2710,1
jamesshoemake,2
Kaivalya4,1
sam-mara,0
JorgeMeireles95,0
o-gi,0
tjccooper,0
Roberta-Oliveira,2
AhmadShallal,0
passenger3e,0
DhyonKeyllon,1
MarlonWSantos,0
denizsecmen,0
steelsnake93,0
hanifecennet,2
ecoknows,2
leohb07,2
Aman103767,2
Henderson-da-rocha-porfirio,2
unameit10000000,2
Joao-Inacio,1
dmitrykorochkin,2
gil-sdev,2
rajeshbyagalwar,1
ilhanfurkan,3
iAmWayneBenedict,1
WalidSahnoun0001,2
Therealblackgold,1
irisbrito,0
tchiarello,0
pmbhatiya,2
OtacilioN,1
lfbond,1
mairaspilack,2
AriadneSa,0
ojuliomiguel,2
Xandowski,1
albrtinoaugusto,1
fordream,3
golddiamonds,0
Looxor,2
dijitalxyz,0
sebastienrousseau,2
irsocafuso,2
leondavidtb,1
Rodrigllb,2
juselania,2
EduardoAraujoB,1
alailsonko,0
amandayuu,2
EduardoRFS,2
Pilgriman,3
shaikhjavedofficial,1
aasthasaxena217,2
ishwargov,2
frankllin15,3
andrea-porceddu,0
fathimanaaz,0
zainmehdi,2
mesalilac,0
mertozgenn,2
pooridev,1
Thiti-Dev,1
vinicius-solon-silva,1
Chiko-V,0
Alice-63,0
jill-macdonald,2
emaferr,2
fab1opinto,2
Aminsehati,2
DouglasPeci,0
osmandgn,2
jerrod00,0
kufre-abasi,1
PrantoshB,2
ws-jm,1
isun-dev,2
gustavo-zsilva,2
uncomfyhalomacro,2
Ejiro-Edwin,2
vivekadi,1
safi-alt,1
belgincoban,0
TheKr1z1s,2
Andressaffs,2
eliascarv,2
marcus-castanho,1
bivarz,1
JWCosta,2
FaruqueBraimo,1
Cnilton,1
mlssystem,2
dhmiguel,2
WINGLYst4rk,0
flwski,2
DanielSalarini,2
ednanjhony,2
eulaludmila,1
jvitorn,1
dioumedeiros-zz,1
tonoliveira96,2
marcos-dev14,2
Flipesouza16,0
victorbrayner,2
lucasfeitozas,0
AmosAureliano,1
TARGINO0110,2
matheuspadilha,2
EdisonJuniorDesigner,1
MicaelaAndrade,2
clertonf,2
fabriciocunhauk,1
Coldiblaster,2
GustavoDuregger,3
gustavo867,1
luizeduul,1
srsantosdev,1
lucasgehl3n,0
Iago-s,2
FelipeRRPereira,2
Adoilson-Freitas,2
amanda-santos,1
JonathanHenriqueCWB,2
lukatassano,1
jonathandr9,2
lucas5g,2
marcossilvaxx,1
NewarkX,2
eltonlazzarin,1
Willian17,1
Lukinhasssss,1
gabrielmendes151,0
jgazal,0
andersonzeroone,3
clovisnunes,1
xcasluw,1
etakao,2
Gregorio-A330,1
Francisco-Carlos,0
JhonathanWeber,1
JeffyMesquita,1
mbmauriciojr,1
ookm1020,0
filippoquaranta,3
ptkrm,2
waseem123,3
ahmedfoad,2
marcelobns,0
Haeeul,2
krsakshi,2
cuixuage,2
fabricegauglin,1
gangal86,0
diegowinter,2
Pumily,2
AKSHYA1997,0
weykon,2
kazimanilaydin,2
moezbaccouche,1
pockerman,3
ariady-putra,2
dbcxx,1
Josh-D18,2
ceo991,0
Enes-s,2
Shayuru,2
Space-Cowb0y,2
madmesi,2
amanmadov,1
hirayGui,2
phaedonv,2
agrestu,0
Precise03,2
farguto,0
sylvainSUPINTERNET,2
anton683,2
gantgarrett,2
aimahdi,3
emekambachu,1
Victoria-Pinzhen-Liao,1
Wiilderson,2
Massas,2
lucasdelvillar,2
thafanseid,2
masanori0209,2
KeithLin724,1
taoria,2
richardgourley,2
hugokce,2
rosolmehdawi,0
HackyCoder0951,1
fibremint,0
sladjana95,1
GregoireF,1
negin-shahani,2
surfer190,2
josephwasily,3
mycroftanthon,2
RNtaate,1
mohamed351,1
kunlong-luo,1
Eddyflawless,2
levos-snr,1
taua-avelar,0
Vanessa8000,2
aarana14,2
ovictorjo,3
leolautens,2
PranciskusMacevicius,0
SpiffGreen,2
1995-Matheus-Lima,2
krunal-gamit,0
Akash52,1
seanmrnda,0
pedrorizzo,2
EricaSerpa,0
Billocap,1
sueecabral,0
Pericles001,1
mynameiskayky,1
AtosNeves,2
jcgsr,2
JorgeLNJunior,2
MarinaAlane,2
GianluDeveloper,0
biancamr,0
MatheusWanderson,2
EhsanQA,0
Anndrei87,1
guiofsaints,1
nakano16180,0
IndianaLora,1
rodrigogregorioneri,1
MatheusEdnei,1
dilancetinkaya,0
horberlan,2
joaoprferreira,2
honam867,0
chidimo,1
EmAchieng,1
HDK101,3
gabznavas,2
SehejBakshi,0
ronaldomendes,2
Pedroor,2
eduardodangelo,2
manyunyu7,1
malikKadri2010,0
Sulecs1,1
Yusuf-Kara-Git,2
paramsiddharth,1
omerayyildiz,2
SpidySamurai,1
sinan-aydogan,3
elmehdirahimi,0
ogiovannyoliveira,1
Ajulibe,1
Yashank18,1
fabriciocovalesci,2
subham2107,2
santipm29,1
prakhargurawa,1
tulinaktas,2
SatYu26,1
WesleyIsr4,2
nathmelop,3
rodrigoferrazazevedo,0
gokay,0
erenaslandev,1
a-dera,1
ozgegn,2
guilhermelima18,2
aliazimoshan,1
ahmetikrdg,0
Jargs25,1
1d0n7kn0w,0
mateusrodc,2
anapaulalins,0
cristianmayo,1
Mirayy,3
dev-mgkaung,1
JaviPardox,1
ahmetonurslmz,1
VivanVatsa,3
arifBurakDemiray,1
abdieldeathayde,2
codeshruti,2
aelkhalo,0
Innovator007,1
lucasrbezerra,1
lucasjc98,0
lucas-deschamps,1
Stephenlaye2,1
nickcarva,1
deepakkumar1984,1
AdiTCG,1
ugnoeyh,3
vicainelli,1
goh-chunlin,1
opportus,0
edelciomolina,1
jhonatansabadi,3
berkbatuhans,1
nickyiliwang,1
trustyoo86,1
paesrafael,1
fabio-beutler,1
Zakelfathi,1
igor-s-ribeiro,2
guilouro,2
gomex,1
claudimf,0
diegosfc100,2
vyrs,1
maxbarboz,2
yasmini98,1
lucasfelipeluz,2
gustavofbc,2
Biancaa-Costa,2
tainahcarvalho21,0
RobertaFlx,3
GabrielaSch,2
brunoGaddini,2
danielh-oliveira,2
mdar4,1
ttp3r,2
samreis,2
BiankaIbrahim,2
VeronicaBertozzi,2
lisdrl,1
jeniferplacido,2
gadgetvala,2
brunosana,1
JuniorJWJ,0
LFC222,2
Francisca999-tina,2
UellingtonDamasceno,1
MarcusAldrey,1
ricardvsilva,2
blalyasar,2
IngridFCosta,2
Wendemberg,2
rodrigobarbosa12,1
planetsizecpu,2
ShortlyMsg,2
gf-nunes,0
soham-samanta,1
Tovim,2
JorgeMartinezz,0
EwertonCXavier,0
gankun26,1
andrem91,1
RomeroLucas,0
jacqueqa,2
Rivaniadj,2
leodisarli,3
petruciadayene,2
wanessalanne,2
lucasclf,2
yagomathiass,2
apcks,3
spurdow,0
Riverfount,2
tanvirstreame,1
sydneyhen,1
danielle-rodrigues,0
biancacristinaalves,2
MoniqueFracarolliCamargo,2
carthy93,2
Mayara008,1
jessicacordeiro,1
topjohncian,2
AODiakite,3
omerfdasar,0
Mustapha-Smail,1
yessine-agrebi,2
Lucas-Reluz,1
VitorFerronato,1
kmh-no3,0
SamuelMenecucci,3
Ambush3,2
sidramwaseem,1
Tommyshub,3
thecovarrubias,1
ibraheeamm,0
steniomax33,2
fedy69,0
yasinarik,1
mochaaP,2
wlvvs,2
BertanT,1
MelqSantos,2
CalRodrigues,2
luiscns-alt,2
Sweetlight95,2
AlexandraParra,2
DevWoody856,2
cristian2213,1
BrunoRagner,2
armanhtm,0
AjayiMike,2
sttscc,0
Notye1K,2
ricardoyepezz,2
kuragna,0
DiogoAMLima,0
JulianoMir,2
Alan0170,1
cybot-des,1
oguzcandemircan,2
samaraneves,0
mindsgn,3
Emiliainvestment,0
Festusnkrumah,1
fireAi-Cloud,1
G01d3nW01f,2
vanshitatwr620,2
rodrigo-marcolino,2
omer1abay,1
hurutta,0
MihrimatriX,2
Neto002,1
kleandrav,2
paolagarb,0
priscila-rocha,1
santo556,1
ManassesGoncalves,1
uanderns,2
Matheus-Pontes,1
jonatancarvalho81,2
leticiafernandes,3
jhonatangcavalcanti,3
gsmartins96,2
kaztraz,2
renatalima05,0
Sabrinadelpache,2
Mati365,1
punker76,1
basaksokmeen,2
Amendolaflor,2
hcchappy,3
yanjinhuagood,1
nobrupsiq,2
mariaccarolina,1
amandavsamorim,1
larsonax,0
vitoriagalvao,2
marcieleadivincula,1
alexiaassumpcao,2
limazia,0
PauloHenriqueJr,1
Tulanics,1
leandrolesnik,2
rogimcos,2
leovd100,2
GlenilsonSantil,2
Duarteze,0
EiLucas,0
Braga451,2
BielFeliciano,2
marianelamana,2
brenobiancardi,2
renatamoss,1
maxsanttos,2
romulodev08,2
valeriedania,2
anderson-cst,1
annecarv,0
FilipeMarx13,0
Danilo-Xaxa,1
jamesjlv,2
hiago-ramalho,1
Anailson,2
thiagohrcosta,2
VictorN7,2
mattnicee7,2
aj07mm,3
lpolon,2
fguisso,2
gbarcella,1
gugapadilha,1
tierryhahn,3
Marcoantonioo,3
weescoelho,2
jusdy,0
mauriciorocha1968,1
kanastasov,2
murilo-andrades,2
matias-manoel,1
rafaellaevboff,3
gon-khaung,1
AmirmuhammadShk,1
adjeielias90,3
thiagogcv,2
AlexandreKimura,1
yosiasm,1
pwoltschk,1
0xbaha,2
RA9,1
shuyueW1991,1
mimipeshy,1
pcesar-costa,2
lengjibo,3
ggrunewald,0
apples3627,0
drblack8,1
Allovallo,2
RezDev94,0
K-H-Ismail,1
blasius,3
eanerdy,2
craigh33,3
matthewrmccall,1
barbzlornah,1
uiralima,1
vjerci,0
LoboArkano,1
MAbdurahman,2
mehmetserifpasa,2
loktionov129,1
peperoschach,1
rootVIII,3
shiqingyun1024,2
FelipeBrugnaro,0
fpenbegul,0
sk8Guerra,1
alrtas,1
saddamBD,2
Senzenjani,1
igormartins4,1
flavioccf,1
RuanAyram,2
otoshimtoshi,1
Soroush98,2
zhangran653,0
nunees,2
lalosh,2
Jo-Yewon,0
Sabareh,1
MohammadForouhesh,1
albertolopes,2
erico-au,1
farnamatic,1
iagotito,1
paulojuniore,2
ekarani,0
marcellasiqueira,2
matheusarauj,2
LucianErick,2
MarcosDaNight,1
deboraleda,1
raissonsouto,1
yurisds,0
thyagopereira,1
JGuilhermeCoelho,1
luiz826,1
MarcosGaiotto,0
Pedro-Murilo,2
testitesti22,2
vitoriadevalois,2
kasilianaoliveira,2
avmachado,2
Kr4k0w,2
matheusjferreira,0
miistrass,1
EdgarOlv,1
AamirSohailKmAs,1
GuilhermeGraeff,2
biancviana,1
MarianaAntunesJ,1
DisassembledSharper,1
Edilson-EJ,2
katiacih,1
felipefbs,2
danirosadev,0
JuliaPinheiro,2
AmandaDuart,2
mateusavila,1
gabrielacsalesc,2
RaissaCorreaA,0
mayrazan,1
patriciabarnabe,2
caroAlvim,2
robertoalcaras,1
armitage420,2
DiegoGuinalia,0
RealSollyM,1
ionutnechita,2
kimhaegyeong,2
DSkilton,3
yangyang14641,1
joelmss93,1
caroline-fonseca,0
amontheape,1
eduzrdo,0
renanNun,3
DeniseYuki,2
isisfa,1
josiane-rocha,1
Jessyzap,0
gabrielipavlack,2
shahzadthathal,1
vibm,0
stnc,1
nikolayvoronchikhin,1
ugurozoz,3
NikolasMatias,2
danilolutz,1
jemluz,2
rvmoura96,2
jhonatanmsc,2
LucasAMiranda,1
jmrepetti,2
brunarafaela,2
oaraujocesar,2
adellylima,2
jairft,1
brunogaefke,2
vgeruso,1
Ricnaga,2
aquilamedeiros,2
FelipeFama,2
Mpbarcelo,2
LucasQueiro-z,2
mkyy,2
MichaelKnopacki,1
swelam0,2
theuntamed839,2
gabjohann,1
IFlipIt,0
SATILAM,2
menezesledilson,0
julian-gamboa-bahia,2
emersoncarneirodasilva,2
rafaelcanovas,0
joaotinti75,1
jjoaovitor7-unit,1
lucasrls98,0
taisgehlen,0
Yvzbey,0
SORMRITHY,0
rca0,1
andreyaraujo-dev,1
vitoriajaco,1
amimaro,2
mguilhermetavares,2
gabrielvieira1,2
JuanLinkout,0
LuccasTraumer,1
NicolasMeles,0
giovannimota,0
ignaciojvig,2
Luisnadachi,1
devsfer1,1
souz-dev,3
eduardoaraujogomes,2
joaogabriel-sg,1
marivaldocarmo,2
grochavieira,1
jhonylucas74,0
WellSims,1
guicoutinho-dev,2
marceloavf,0
faustinopsy,1
Janjaaa,0
brunodmartins,1
marcoslima-dev,1
Lipemanso,1
alcideswenner,0
Polokghosh53,1
livialim,2
httpkevin,0
Ti-Smartx,2
Vinnybrunn00,2
OtavioCanedo,1
martinsjeniffer,2
luqnex,2
marisellen,2
lesivieri,2
Fyre-Flye,2
marvelefe,3
aldemirneto,1
Dusinha,0
matheus-kittler,2
danrleyney2210,2
Reynanwq,1
Brunatremura,0
DFelipe1,2
marcinhojazz,1
zakarialaoui10,2
ErikFerreira477,1
MiroBenicio,1
thang-tran-tt,0
aabreusilva,2
natanfeitosa,2
rpjansma,2
eduardoamorim-dev,1
jeronimofjr,2
Jacsonx,1
MarioFronza,1
JVictorV,0
alessandroaires,2
theusfelipe,2
GarciaGP,1
henriqueclaranhan,1
DefRuivo,2
MarciovsRocha,1
monikode,2
Joel-Irineu,2
LucasKleaL,1
eduardonunesp,2
Jyuury,2
eliascmurat,1
felipejourdan,1
catiau,2
jonathan010603,2
L3019,2
art-santos,1
hugoFelippe,1
vanessawin,0
bernardcaldas,1
acarolsf,3
valenthinatemudo,0
PedroOstroschi,3
AntonioWeb-dev,2
otaviothor,1
paulorenan,0
CelsoAlmeidaLF,1
andresmontoyat,1
barisertugrul,1
edwardosamosir,0
iAmKankan,2
atimilson,1
rezkyfm,2
marcosvcorsi,1
malaimo2900,0
pranavhunagund1993,2
sharp46311,0
X-itachi-X,2
Akinyemi-samuel,1
marziehbagherinia,1
alidehkhodaei,2
IasmineSilva,1
sahmed1o,2
maykonmichel,1
dirkarnez,1
sreedeepta,1
bludnic,2
pandebono524,0
ali1129js,2
JackWh0,1
AkshayAnand2002,0
NTDEV-byte,0
mamroax,0
CurtisChou-51,2
itllsendamsg,2
IsaacMagno,0
kevinhearts,1
softking0503,2
testhesabimacg,0
theamallalgi,1
Ishtiak007,2
moha999DJ,2
best-journey,0
GylanSalih,2
Ahmad-2785,0
sarathk73,2
bayisagit,3
battlebrain,3
Umutplvn,0
craftsmanapps,1
sakshikore16,1
shining0611armor,2
Fernanda154,1
acalanato,0
nicollylemos,2
Catarina-Carneiro,2
senhorbento,2
tthaisnunes,1
PedroMoreira87,2
sabaoempo,2
mhnx,1
hatatori,0
Koji-desu,1
AlineBCBenjamim,0
anna-albuquerque,2
davilopess,2
rutefernandes,1
hevlyo,2
IsraelKleber,0
joaoarthurolv,2
dgoscn,2
joaofilipenasc,1
andyrodrigo,1
DreadPirateRobertt,1
thurbridi,0
GabrielGSD,1
RafaelaPapale,3
JonThomsen,1
JaineBudke,0
pablossousa,3
mohammadhouda,2
eben619,2
HarrisonCaetanoCandido,3
mohanbabi,2
craoliveira,0
laki88,0
gauravmatta,2
nhesusrz,0
ejklock,1
waltereidi,1
Siris4,2
dawoodkhatri1,2
shahzaman900,1
crocamper,0
kkousounnis,2
AudeizReading,1
jovsz,3
njtalba5127,1
kebasyaty,0
iammuhammadumar,2
daley-mottley,2
AlexandreRiff,3
gabizinha12,1
Stradivario,3
victorbadaro,2
klajd,3
4e1e0603,0
brnathanlima,1
rosooares,1
bawejagb,2
ProfessorMB21,2
sarahesari46,2
Swanstonn,2
LysCiprianno,0
0xmainak,0
CoreUnitNET,1
Fraganya,1
MartMbithi,1
Stobertonf,1
parisam83,3
MichalPaszkiewicz,1
hieudku,2
cloudhighfive,2
moraes-webdev,2
anaclarabck,2
IgorMendez,2
gabrielafeijo,1
matheusinacio7,1
santoshpanda1995,2
Hexzilla,2
thagyu,1
Biblotrh,0
Yohaan-dev,0
urmasa-tar,0
DevvObiero,2
xtoben22,2
reid-harrisson,2
LSUDOKO,0
anma-dev,0
Prometheus2677,0
karianne50m,0
danijelconsulting,1
Erolcntd,2
mohsenemami0011,2
dev-hafiz,2
Gaurang5704,1
valtou007,0
MasterTJ123,1
dennisurtubia,3
lucastrschneider,3
lucascampardo,0
marcosfons,2
alferesx,0
silvanaamaral,2
StefaneAL,0
Mariinoue,0
MirandaFernando,2
adelino-py,0
gustavo-aesanto,0
Igorolivei,2
Pvictox,2
Cvmcosta,1
lorainegarutti,1
KarolaineAlencar,1
diegoshakan,1
hechfx,2
PiluVitu,0
leonextlevel,1
bperezdearce,2
bluetechn,0
G-ilian,2
Pettecco,1
guiboava,2
Mandy8808,2
ValeryyEmelyanov,0
softrebel,2
undextrois,1
bermarte,3
gjovanovicst,1
yzld2002,3
ishandutta2007,1
waheedi,1
andreterceiro,2
buzz8year,2
badgids,1
ellen2015,1
teamchong,2
invisibleBully,2
izemskov,0
yozzd,0
Balajichandra,2
meory101,2
rafsanahmad,1
duhowise,2
ratson,1
emirozturk,3
jgadsden,1
Uxxxxxxx,1
helallao,3
HadzhieV777,1
volodymyr-yaremko,0
DT1010,0
Suraj-Upadhyay,2
savio591,1
CarlosDevBr,2
Mitesh411,2
natanvalimcardoso,1
victoroalvarez,2
MeghnaS21,2
claudiajkang,0
idealre,3
akshayitzme,1
xitarps,0
jessecarvalho,2
dev-captain,0
SukeshRondla,0
Only-to-top,1
Stardev1127,1
opengineer,2
moeinimoein,0
rodolforezende,1
BryanAnariba,1
Notlynoel,1
windev0609,1
alekskiselev2014,0
Blockify0,0
abrehan2,2
techietrend,0
kpshivaprasath,0
Abdullahsaleh203,2
softdev019,3
santiagoxlopez,0
Clint171,2
Emawi7,0
Negin-Shams,2
PouyaSonej,2
anahi-hub,0
PedroDeSanti,1
FelipeMarra,1
mozart-maia,1
carlosantq,2
rickyalbuq,2
ViniciusJPSilva,2
FernandinnnQ145,0
MaiaraSilva,2
Duduuz7,0
R-enanVieira,3
likannp,0
shayan-taheri,2
rayanne-barros,2
mylenaoliveira,2
GabrielNegreirosLima,1
thejanesol,0
juliabfluz,1
Raisess,1
KRochaS,2
Lilian411,0
Flavia-Soares,0
Kamilasilv,2
kurisosan,1
rosalyneduarte,1
Node-23,2
xGabrielR,1
agathalafaiety,0
valter-junnior,2
AngelicaAlbano,1
leomttx,1
claralima1,1
luishgh,2
JoaoPedro150,3
breeeno,2
PauloLuczensky,3
itmoura,2
gabrielss2406,3
ErickBGoecking,2
kadutheway,1
DevThiagoRamos,1
John-Mukhwana,0
EugeniaPais,2
DevenLu,0
cano392,0
tinaponting,1
ekouekam,2
rajbhatta,2
manuel12,2
EpicDeveloper0928,2
Alireza-WebDeveloper,1
dgam777,1
0xb0b1,1
mek1986,2
andersonmatte,1
omarsoufiane,0
grace2riku,1
OmaarElAmri,1
ysfmrbt,1
andydptyo,0
mabiamabia,1
harryhare,3
cleberson-dev,1
leovincentseles,1
Apleon,0
billykybe,2
oxica,2
Bunlong,1
Tuhinm2002,2
sondosaabed,2
ai-to-ai,2
grazielly-ac,2
DiegoVictor,1
pedrohcdo,2
ronenhamias,1
Gregiss,1
Bruno-Milford,2
berkayvuran,1
Spground,3
Lucas-HMSC,2
Brainhub24,1
YassinTalssis,1
josip0920-zz,1
ahr-i,1
becauro,2
KhazadDutz,2
jhenriquemargrafm,2
faizan150,2
Safiullahgithub,2
arvin-ramezani,2
muzahid120,2
rexar-0201,0
jeremyspace,1
filipe-augusto,0
shahnozahaydarova,1
neilsohn9,1
snowMan128,2
AhmMashhour,2
irfanulkabirhira,2
fatimaazfar,1
uniwaydev,2
yahia-soliman,2
HI6Cypher,2
lara-west,0
LuciMito,1
0xpuck,2
lluckymou,1
lucasmateus,2
newtonneto,0
davidunkn,0
Tocoquinho,3
sergio-contente,2
GabrielNBDS,1
Rafolios,1
Lucas-M3dina,1
mlm5608,2
kauameloo,0
wesleysouzakeys,2
felipemadu13,2
Cenachi,2
lucasaug,2
Valerieps,2
glazey132,1
enKKKs998djj2,0
taisjjorge,3
jadeyasmim20,0
souzlari,2
wijloc,3
scavassa91,1
andrejr971,1
Isaius,2
wendeleyf,1
hayssac,2
leisiamedeiros,2
edcnogueira,1
Maxw-ll,0
gabrielsscti,2
Pauldevrn,0
rnlisboa,2
arthurmeireles,1
CarlosVinicius3258,1
lucasmontano,1
jeanjar,1
Livia-Rachell,2
tonny-weslley,2
AstroCarol,0
jullianasousa,2
GabrielRCodes,1
PedroGontijo13,2
infinitedim,1
luheeslo,3
canokaue,1
dmax101,1
LucasGitDev,1
AlvaroLucioRibeiro,1
pedroaba,1
gabialmada11,0
PedroLuisDionisioFraga,1
DIEGOVZK,1
marshvin,2
yaoper,2
minuuva,1
waltercrdz,2
unkhz,0
junioralves00,0
mauudev,2
tuxcanfly,1
schneiderfelipe,1
JonatasFontele,1
hiroki-repo,2
BrilliantAdam,2
mayconaraujosantos,0
ali-eljerrari,1
michael811125,2
thebatclaudio,1
Djdefrag,2
eshanmherath,2
LuisMiguelS,1
Williano,2
arm-on,2
AmauriOliveira,1
dev-leonzera,2
CodeMaster7000,1
liquidshopier,2
Artem5287,2
rashedulhasan-dev,1
Derrick-Mulwa,2
Pablo73,2
SeunBoyy,2
vinciidev,2
SaraAhmed1999,0
Jonasjps,1
FullStackStar,2
lyandeveloper,1
filipedeschamps,2
VitorEmanuelDev,3
franklaercio,1
h-ssiqueira,1
codekojo,1
t-matsudate,2
luisdelgado,1
Tosin5S,2
clinton-mwachia,1
mssm199996,1
sali72,2
Fytex,2
ksn38,0
Simofatt,0
tosofto,0
Domaman202,1
54J4N,2
cengizhankarabel,1
duyu09,1
luanah-souzza,0
alansgoncalves,2
viridius-1,0
aregtech,1
Thinker18624,1
tigerhunter318,0
HappyVirgo,0
bytenol,2
bestdev322,0
trendy0413,2
salimnursalim,0
kechomartin,2
MrArnaudMichel,1
chikitai,1
gelftheshot,2
artemsyvko,0
acrosett,2
galaxydev24,2
PhantomHackerDev,0
Tobie-Rathbun,2
mattwrightsoft,0
brajesh708,2
zied-snoussi,1
monolab825,0
muhammadhoud,1
madara1793,1
ekokedao,1
Isabelle-Matos,2
paullarachel,3
wartrax13,3
claudiaapj,2
romulodm,0
MateusGatti,0
Bathory,2
cemeterydriiver,2
Richard-Felintro,3
kaioenzo,1
DiogoSilas,2
claudiacaus,2
darakimberlys,1
artie93,1
otilor,0
lucaspellegrinelli,3
JGuilhermePimentelDaRocha,1
Moniquebeco,0
JuFaro,1
Alaksion,1
davi-canuto,1
victordaniel102,2
giancarlozero,2
THMattos,2
evandroduarte,1
1Sayza,1
azeveco,1
lucasvn,0
luizclr,2
SrWhale,1
bezao244,1
GOlivierNation,1
lakhreevaelizaveta,2
PedroPereiraGuimaraes,3
LucasSResende,1
avnerjose,3
bsmvictor,2
marcelovca90,1
lucioeiras,1
joseandrepereira,1
gradan-hash,2
faqih-rus,1
tosevzoran,0
ccamel,1
thygasantos,3
lyxal,1
DeyvedAntonio,2
xianengqi,1
mrtlive,2
DPS0340,1
jtCodes,0
sumeet-srknec,1
deniavsa,0
nicolaerario,1
c4arl0s,1
ljcl79,1
mateuschaves,1
nachoalvarez,1
TeamSPoon,1
elifpirgaip,1
Supernova1024,1
lvos1230,0
midas95,2
jaracoder,2
JaySabva,1
superdev87,2
shamio,0
PranamBhat,3
connectit2anand,2
itsApurba,2
brendacgoncalves97,0
Rafael-Abne,2
i1idan,1
ArshdeepSahni,2
PhatBK,1
michelspirlandeli,2
ikhsanalatsary,1
shlpu,1
candiepih,2
cemdrk,0
Horlawhumy-dev,1
mlojek,1
fabioms-br,1
asigalov61,1
regismeyssonnier,1
sayed71,1
verejava,2
Muhammeday9un,2
MernDev0603,2
Fadhaa,2
dhan-profile,1
yaroslavmatei,2
chaosgen,0
deeptesh-rout,2
hossein-no1,1
Donshaikh,2
onlinehub0808,1
nuth-vireak,3
stancillous,2
webdev123123,3
ThisIsAR7,1
piupauspide,2
ZigaoWang,1
defi-bear,0
halkhalki52,2
treeMan0301,0
elite390497,0
tahamostafavi,2
abdulkareemm,2
watchout254,2
IbroTao,0
golddragon41,1
TurboChainx,1
silas32,2
luckyhammy,0
GodHad,2
popstar7,0
bytexenon,2
ArthurDetomi,2
mayarapreta,2
Miry-H,0
juliorodrigues07,2
mavinsi,2
rfluisa,0
thiagohlima,3
twChronous,2
dinosalro,0
Willsome,2
camiladz,0
pedrohemmel,1
Akshar-code,1
johnatanlima,2
emillysandy,3
gmarcon83,1
beatrizmaiads,2
joaomcsferreira,1
gabrielduqueschiffner,2
afcj8,1
00s,1
pvborgesz,2
helterpinheiro,0
Danielopes7,2
pabloalmeidac,1
Franklin-Barbosa,1
SamuelSilvaMelo,2
joseanepalhares,2
taiporto,1
Sirherobrine23,2
jjomonero,2
tsschell,0
fredpedroso,2
phillima,1
AndreOneti,2
BernardoGandolpho,0
juliafsg,0
gumerzzzindo,0
isabelaacr,2
oscarmarinmiro,1
bgturner,1
marcelotorres1982,1
sandun86,2
ElijahVlasov,0
danielbayley,1
long-910,1
ZeroPivot,3
rikyoz,2
fulviavaz,1
andrejmoltok,2
julioxavierr,2
carlosdarioio,1
Bharathkumarraju,1
ebnhxcode,1
mega1365,0
momoirocloverz,2
scobi84,1
aidanmacgregor,0
nimayazdi93,1
ZouJiu1,2
emeath,2
giordanobraz,1
KartiKChaudhary07,2
Caio-Sdk8,1
AnaProgramando,1
geovane7881,2
Ayfarag102,1
jonascaetano,2
jhuniorLC,0
rafaalberto,1
wicky-andrian,3
martinussuherman,1
iamaliybi,2
librity,1
waltertaya,2
devshopier,2
klouds27,2
devking1116,2
SmashedFrenzy16,1
VucoDigInc,0
AmarMijgar1,2
h28a3,3
4cyberlord,2
Sahil4883,2
Tynab,1
342261733,1
shinevue,1
Dingtolk,0
Orochikimo,0
CodCrazy,0
MathSena,1
RenatoSTV,1
GiuZambot,1
lmassaoy,1
jedsada-gh,0
Krush206,2
Padman83,2
jppradoleal,1
hamzaalalach,0
calebesg,2
adkif,1
turtledna,2
Emmanuel687,1
Wandersondu,1
HashiramaDev,1
simplesolutiondev,1
greentencent,0
MohammedHarmouche,2
brianobot,2
rodneyazev,2
hellydac,0
shimodateakira,1
barzin144,0
nikumu,1
mjvbz,1
tysonstar912913,0
JEFERSON-CASAGRANDE,2
SelimEminoglu61,2
nimanikoo,1
n-dev27,1
HosseinAlikhani,2
luckysw0rd,0
pouyashahrdami,2
MohamedMohamoud,1
iproudofme,2
VictorBettiol,0
mowhn,2
M-Piyush-21,2
ezadin2,1
masihabai,0
elvys-santos,0
SaraRasoulian,2
ai-in-pm,2
Razmahit,2
joakor89,1
ZahraSahranavard,2
Gidayi-dev,2
RyanBlundell,2
vladmeer,2
HimaaSayed102,1
Manvendra108,2
sunny250984,2
maksym-bezditko,2
MessiasFCM,1
Dires00,1
IagoArauj,1
Yuri-Costa,1
Makoto-dev1,1
KauaDeja,1
luolibit,2
GabrielKishida,2
fe-oliver,2
sweetsoph,2
Felipe-16,2
marcotuliocarvalho,2
ludguizan,0
cdcavagnolli,1
CommanderErika,2
ligiabbarros,3
waghcwb,1
seyitcodeit,0
ludeoliveira,2
cahanjos,2
karenzovisqui,0
rmagalhaesds,2
NondasNF,2
lucsoliver,2
maikonkc,1
ThadeuDefault,1
dvitorsantos,0
iscodand,1
Jeconias,0
hmesquita26,2
MathewsDantas,2
eaaliprantis,1
Pawelv9,0
VitorSVNascimento,3
michel0liveira,2
eiandremoreira,2
Spyy004,2
Werberty,2
GustavoPivoto,1
pauloeduard0,1
FerNagata,1
ArthurOpenheimer,1
felipera11,3
pedroamota,1
ryan-pin,1
FelipeAlves14,1
paulovanzo,1
mariannebravo,3
teuswx,1
leosmsilvx,2
Muhammed-Osamaa,2
haxurn,1
georgejrdev,2
shenleeosialai,2
Julian-Dumitrascu,1
jp30566347,2
lhw365,0
Talamantez,2
econexpert,1
Kwynto,2
okiess,2
ASGDLO,1
m0n0ph1,0
Dickens-odera,1
jim3,2
antonio-abrantes,1
alexanderdfox,3
mindcont,2
Mafiasource,2
leo-smi,1
Flaviogameover,2
alvandwp,2
solify020,2
franck-gaspoz,1
anabastos,1
CossyCossy,1
errir503,2
thedejaware,0
jimmonster,2
carloscazelattojr,1
mapulse,0
gutoccs,2
urantialife,1
alecgn,0
vsalguero,0
melihderici,2
pasqualerossi,0
jmohan57,2
H-a-r-s-h-i-t-a-k,2
patrickly,0
zyy,0
starmax3859,0
sosanozanjomong,2
ErfiDev,2
sarlakZM,1
talentedDev0703,0
top0910,2
AranTom,0
DiegoAscanio,1
Joshaby,1
jjeffcaii,1
fahadashiq12,1
hoco1,2
besimgurpinar,2
potatogim,3
Fredrick-KE,1
wolfdev0512,1
acatzk,2
codmania,2
polcats,2
yitao-li,3
Infernolia,2
hugocortes,2
Rzva03,0
robbytrujillo,1
arks-lacerda,1
EdgarJFA,1
NatanVieira,2
ghazal52,2
noahbroyles,1
anteroselin,1
Defmc,2
hanandito,1
cardles,2
WesleyCodeMast,2
samuelcsouza,1
navaneethrkrishna,1
victorpreston,1
cyrolux123,2
xiaoweiruby,1
micaelgomes,2
heyynat,2
rannaraabe,1
Mehrdadghassabi,1
JavaidAhmadKhan,2
elitmor,2
tylerlight071,2
6wki,1
starlitnightsky,2
rizvan555,2
VagrantStory,2
Danyseifedine,2
y0geshx,2
saajann,2
GitHub7667,0
MuhamedHabib,1
gold-mouse,2
silvershiny,0
crypto318,0
jwe0,2
amariwan,1
DmytroPutko,3
ShaikhZayan,2
edge2ai,2
waetrmelon,0
Kula529,0
Zupils,0
oskoljack,0
alienfoxx,2
JohnEsleyer,2
codemage66,1
SpenceLabs,2
Shamim-Al-Mamun,1
M-il-o,2
LucasBernardess,1
pedroazeredo04,1
c0utin,1
lowliet64,1
rafaeloliveiracanuto,2
NicollasDev,3
ohthias,1
luizfelipeveracruz,2
noymaxx,1
dgmath,2
aericode,2
fm4teus,1
tuanductran,1
JessRogeliana,0
danielcr10,3
targ1no,2
Tamera88,0
jennys-alves,2
pedrochamberlain,3
igormotta92,3
yrarodrigues,0
LanaGomes,2
caroldgo,2
amandafb,1
erikunha,2
jorgedjr21,1
leo3210k,2
stephanJoao,1
zenobiopereira,2
matheusinit,2
pedrocastrovs,1
MatheusLevy,1
IA-V,0
Raulsalmeida,0
alexlimatds,0
emkreimer,2
gusttavokr,1
FHumberto,2
paulosandinof,1
tkow,2
riquixote,0
Fajrizky,2
victor0machado,0
juliocloud,2
RobinCharles984,1
PedroPassos87,2
DaviRestani,1
brunoquirino14,1
jvoliveirag,2
eduardovalias,1
beatriz-a-cardozo,2
IohanaViterbino,0
raimundomarciano,2
kennedysmartins,0
JohnPss,1
fernando-horita-siratuti,2
EEller,0
Caiquekola,2
outsmartchad,2
gidsola,1
johnsage25,2
michele-tn,2
yxw007,2
kushal-rajkarnikar,0
boyko11,0
lemyskaman,1
chuanjin,0
hamednikzad,1
noborus,2
eduardo6722,2
mjkodkks,2
Sami64,3
dyuelber,0
mmontielpz,1
lerkush,1
AdaiasMagdiel,2
allenvarughese22,2
mlane,1
MuhamadCheaito,0
sina14,0
kabitacode,2
iticworld,2
yigitm,1
biantris,1
MohamedKhattat,1
doougui,1
andreguedes,2
maziyank,0
wandersondlopes,2
roninJosue,2
JMustang,1
akinozgen,0
pct960,1
vjudge,2
codebuil,1
amirisback,1
aimen08,1
ochiengbrian,1
Bobcodiz,2
v-makarovskyi,2
luanaxcardoso,2
Mwangithuranira,0
SuperGalaxy0901,1
GraniteMask,1
MetaFomos,0
yekoroglu27,0
Linamohamed89,2
sohail-chughtai,1
rider0211,0
SamuelRocha91,1
Mickylo,0
dantasl,1
dauryellen,2
Jeff-Tian,2
amanvermai30,2
star219,2
dplewis,2
rizqiwahyudi,1
0xhawkk,0
IAmNithi,1
yhunlu,1
FahimSakib,0
lyushher,2
lm101845,1
DanielTRZ,0
caiquetorres,1
hyc0812,2
The-Young-Programmer,1
ABKADRI-AMINE,1
leonhiat,1
vitordl,2
jamesnet214,1
steffano-da-cruz,2
jessica-mss,0
vishalpande,2
nowjin,3
clashatdemonhead,1
LuckyMan012359,0
misbot,1
vitorguima,1
dcmatheus,1
jjosenaldo,2
JohnVithor,1
Taner940706,2
WaelDev,0
alexandrutanasie,2
abhaysinghr516,2
Tarasyonok,0
mamad-1373,0
Ahmadgaming01,2
Nodroid7,1
webtopcoder,1
Rez4-3yz,1
wiki-protopia,2
Honestdev125,0
Saba-abiri,2
sminerport,2
goldsunshines,2
ExploitEngineer,1
TheArtPlug,2
its-topdev,2
quyettranvu,1
phoenix933,1
kelvinmutunga,1
abdurrahman482937,1
Rezzecup,2
carloskim123,2
Bettgideon,1
brkykb,1
lenardjombo,2
ekrishnachaitanya2004,3
hamxy,2
xno1n,1
yasinsaee,1
RealDevExpert,0
dgtalForest,0
Merciful123,2
Bhupender2,1
ZenXen7,1
NiyaziGumus,0
igoraserpac,0
anamachadoc,2
livianegrini,3
Julia-jango,0
EduardoRiev,2
Syndelis,1
JoaoMEspindola,1
ohenriquesouza,1
camillamendess,2
Ian-Soares,2
AndreASLima504,0
Anny-Pereira,1
Laura-Jeronimo,1
lucasnauberth28,1
biaaimi,2
Markfgui675,1
mrodrigues14,1
Gersuer,2
hendriksonpetzold,0
mislainealmeida,2
carolrodrigux,0
brauseo,0
pedrohtg,2
krvaibhaw,2
Rodrigues-PauloRicardo,2
ericaconrad13,2
anatrindade99,2
GiovanaThais,1
malluqf,0
mths-oliveira,0
Fuguety,2
Marcuspo,2
mateus-cirino,0
tawansf,1
Mascariep,2
RonaldoMarin,3
Thiagodemas,1
luisgudias,0
cesarbhering,2
LeandroLopes1,2
PauloMarquesG,1
tgdnts,1
rarysson,2
danjmillier,2
HeywoodKing,1
savio-84,2
lucaschf,1
alan209,2
elitonzr,0
pausasilva,2
saulotarsobc,1
micro-hawk,2
GuilhermeBauer16,2
alvarosamp,1
LeomaiaJr,3
rairongf,2
lidiacarolina,1
FranciscoPGuimaraes,1
yvessrib,1
1LgR,2
HabibSha,2
pastuxso,2
codex009,2
Rickiarty,0
alpozkanm,2
irishgordo,1
panguojun,2
mrs83,2
amobiz,0
ciceroakiles,2
TiagoSilvaLourenco,0
MaDrCloudDev,2
arman-borkhani,0
mh-mansouri,1
Celestialchips,0
halokid,2
dalwid,1
gustavobastian,2
Vgk88,2
Lateralus138,1
AaronNHorvitz,1
mahmood1996,1
macocci7,2
samuelalmeida95,1
weimingtom,1
fioalpha,2
cleitonleonel,1
lucas-caribe,3
mrcraigo,3
commodus,0
alexdolbun,1
exitdump,2
TechStart1022,0
awesomedev08,1
motanelson,1
Arthur-byte-code,2
Alivanov93,2
JacksonUptain,1
composerjson,0
MooudMohammady,1
projectdp,2
Kableado,0
Marlboro11526,0
aaronmcleancs,2
elijahgummer,2
AlexisFlach,2
MattMarquise,2
JiuBanA1,0
kdalton0518,2
kaiosilveira,1
guigallo,3
savio-2-lopes,2
leoFinzel,2
Hani-Shaif,2
AbdusSattar-70,1
rfgcn,2
Iankulani,1
Spepoi,0
Damariela,0
anynamefordeletingthis,0
Salv4d,0
kirollos91,1
EnginKARATAS,1
mrmertkose,0
rashidmakki,2
a3X3k,1
luc0liv,2
emmanz1995,1
tsungtingkuo,3
carlosportella16,1
batermj,1
gunnerDgd,2
AsTunO,2
peta-byte,2
KHemanthRaju,1
Adeyinka-hub,1
eldarlrd,1
someone7140,0
mohammad6vakili,1
0xgirl,1
joshcallander,0
xhamino,0
SanDovar1996,0
ozielalves,1
villegasss,0
kurobisu,1
matheus369k,2
arielboyu,2
dafiliks,0
biruk1122,0
berserkerx,2
MARSFOREVER472,1
Space1128,2
Ernawati168,0
Robi2810,1
honey0820,1
kristinatech,0
ProgrammeChef,2
s106128778,0
alimahdibahrami,1
howardj1796,0
CenaBabajannjhad,2
smartDev420,0
Bifenzine,0
anthonyleier,1
khloudcode,2
Anon23261,1
andreikhromushin,2
webbrowser11,1
gaqx,0
Ela-Fhd,2
rr3s1,0
ngud-119,1
mvrie,1
RedApple990129,0
yasi8084,1
RuzCombat,2
gabrielprenassi,2
DanMarques31,1
romulo-maciel,2
pamelaec,2
lucasromulosr,2
sergioh665,1
jlucfarias,2
VitorNiess,2
edompedro,0
Blimabru,0
z-eck,2
computerblade-official,1
Gabicolombo,1
reinaldorauch,2
DamaralHenrique,0
vczoika,2
MatheusMamedio,2
Gustavoozz,1
IsaBologna,1
caioescorcio,2
VitoReis,1
NicholasTavares,1
marlonsbasilio,2
sidjr2,1
Unesio-Severino,2
amandasants18,0
tbmota,2
felipecesr,3
Cformiga,0
EmanuelUrbano,0
Lisacastil,2
VitorMouro,2
alexandre-braga,0
LazaroDamasceno,1
kennedy9616,2
ismael-lemos,3
GustavoCarvalhoV,2
igu,2
samuelrvg,1
soumaki,1
lucasdotvin,1
ArthConf,2
pauloccesar,1
Milenacosta08,3
leticiamarts,1
aldmiropassagem,1
rewri,1
karinarfadel,2
L-Goncalves,2
JonathansManoel,2
LeoTeodoro,1
ThiagoBuen,1
pedro-h-freitas,0
Pedro-Prado-Dev,1
RedfoxGHS,0
arthur-ngdi,1
almeidagabriel01,1
KauaKewen,0
stsaria,1
olufemiolamoyegun,2
anthony-cervantes,3
anthonybrice,0
vanpipy,0
giancosta86,2
arifnd,0
SimedruF,3
halilcosdu,2
sikan436,0
vazw,1
dumildematos,2
GavinFerdinandChee,2
johnny-rice,1
angelocavallet,1
onuruslu,2
KazukiPrzyborowski,3
surfiend,3
AlTheOne,1
nisusam,1
rustsol114,2
dshemin,0
lessthanseventy,0
yloliveira,2
rijulraj456,2
kyung89,0
BYOMKESHPRATIHARI,2
Binabh,0
Pixelated21,2
millennialdev,2
NidhitheCoder,1
ozkanakkaya,2
GZ315200,3
MuriloSouzAlmeid,2
diegoSbrandao,2
jgcmarins,2
Weisbergbsf,2
marcelosperalta,0
rogerjdeangelis,1
taylrj,0
SecurityAnalysts,1
hp4k1h5,0
CamiloYate09,1
wxx9248,2
Surprise080504,1
hafsalodhi2023,2
Red-stevo,0
dprasuna,2
SciammarellaBrenno,1
yousufkalim,2
hettore,0
jeniblodev,1
Abdoelabassi,1
aliyurekli32,2
0xMartin,1
nearfriend,0
ghaseminya,2
Advaithva,2
kefadream,2
nana9292,0
debasishsahoo,0
p-adams,0
Robertobarross,2
mcombeau,1
najlae01,1
SaraKhamisMostafa,2
RAUH-WRLD,1
fulyaertay,2
HackEzra,2
Lakeil,0
Caberrios,0
Salindar9,0
FlavioAro,2
jelsonjay,2
LucasVanni,2
theKemmie,2
carolferreiradev,2
wajahat1064,1
fazaltech,2
kbjude,1
pinglu85,0
stefanocasazza,3
jAzz-hub,1
lliai,2
hamed-iam,1
sezRR,2
GuilhermeSenna,1
icarus8050,1
tufstraka,0
aserdargun,2
baidinvladislav,1
Strike2-ux,2
ykmnkmi,2
MarieUS5FT,1
burakberber,1
stoked-zz,3
jamesmt-95,2
01JAMIL,1
Dev-SalamSheikh,1
Abolfazlghaseemi,2
jjrh92,1
alimohamadi17,0
nathanssantos,1
45739847,0
camilameirelesss,2
Solex202,3
gurr-i,1
KotaroNakashima,2
MartinCastroAlvarez,2
Gtindi,2
AlbericoJr,2
henriqueblang,3
lazarnarcis,2
Luiz-Eduardo,2
eltonvs,2
ana-celia,2
JessicaCostaM,1
aayushkumarmishra,1
jonasra4,0
fweakette,2
aguennoune,0
njugunamwangi,2
mamurciac,1
return5,2
rockstar-0000,0
Yogendra333,1
ArtPlatosha,2
Many-Al,2
aldrinsantos0202,3
GabrielNat1,2
VitorCarvalho67,2
William-toptal-dev,3
iwamih31,0
TopTrenDev,1
rainbowdev1359,2
JeninSutradhar,1
Solomonkassa,1
Awwze,2
taras9914,0
devotuoma,1
NFTknight,2
majidmohamadi0022,2
Saltinbank-SyS,2
cornel-cp,2
geoffreylgv,1
seregaci,0
Tritonix711,1
FudXDenz,2
geforce-tech,1
santa512,2
omega000133,2
GoodWork0903,2
lucyhunter9411,2
HeavenizeSluagh,0
Aynazsaraie,0
Helenanrzi,0
Enz0Gabriel,2
Barmadmim,2
zahrakrmi,2
Rashidkhan1234567,1
zekzen,1
s7evenv,1
devimccallion,1
parassareen4,2
dhanarrizky,2
aivantuquero,1
KyleBrian,2
samuelc254,1
Reisdrj,2
silvajoel,0
rodolfosouzamoraes,2
luiznetojc,2
faelperini,1
samuellimabraz,1
DanielMendesdoAmaral,1
lfnand0,2
Thewizard18n,1
RicardoHonda,1
febagni,1
rnmenzs,2
Vinicius-Viana09,0
davialcantaraa,2
omatheu,1
brunadalmagro,2
VitorPorcionato,0
eryellima,2
HilquiasAbias,2
vidacalura,2
pedrocarr,0
PauloDezingrini,0
r-perez,2
KlausEverWalkingDev,1
beasousa2,1
NahDeLira,0
carolabello,2
rafamrrobot,2
johnnickjf,2
igolt,2
Gabriel-Oliver,1
EJconnection,2
joaorty,1
dsantosr,2
arkher,2
ocafeeoelefante,2
Romeujgarcia,2
allangabrielrod,1
Manrick-Lazaro,2
rebecasouza,0
VictorHAS,1
monic,0
IgorAuguusto,0
silasbispo01,2
evelynoliv,2
maxwmsilva,2
mrother,3
giandoso,0
leandroaquinopereira,3
NathanAtaliba,1
carolinyat,1
LiviaJacklinne,1
bernardocjs,3
rgoncalvss,2
sarahalvesc,1
Antonio-alexandre,1
wesleyribeirobarbosa,1
LeticiaCalixto,1
luis-vilela1337,1
IASR19,1
elvishribeiro,2
ArthurOnly,1
farinellizin,2
Sabrinabd,0
Celiof,0
rwreplog,3
raydafunk,2
TaylorDurden,2
e-rabello,2
SebastianCerquera,0
Ochakko,1
jarrodmedrano,0
dalraf,3
YP522,2
bekmarc,1
Lucas-Bellini,1
masnea,2
fabiosouzadev,2
fabichoi,3
kentang2017,0
AndyZjy,1
Yvillia,2
HenriqueRicardoFigueira,1
omidlmazaheri,1
iamdual,3
Vanderoleo,2
c0nf1gur4t0r,2
mualv3szapa,2
srsouzaj,2
WelissonLuca,2
MihalczGabor,1
zarexalvindaria,1
Pobermeier,1
NadeenUdantha,1
DjayselPessoa,2
ryo-ryukalice,1
Borwe,2
ltpitt,2
mahdi00021,1
rexlx,2
talemache,2
sadielbartholomew,1
deanlacap,0
JeanPoffo,1
pablomaribondo,1
pedrualves,2
stampFabian,2
pgsohail,1
accompany1205,0
angelicaccampos,1
dvamleite,1
Shipow,1
ashleylayton,2
brunasilvaraujo,2
Tituchkin,0
luckyengineer053,2
AstroMax101,0
kshitizrohilla,0
goldmonger,0
ninjacoder0331,0
maxbyz,1
larazevedo,1
Fekleite,1
danielaltamirano1993,1
EricMF,2
nathalylorena,0
Kimberlypad,0
khusanmeliev,2
MafujulHaquePlabon,1
namariaa,1
laurabluna,0
SheilaNSN,2
serafettingunes,2
martineoficial,1
jailsonsilveira,0
kelvink96,2
Pragyanurag,2
carlosjaime,1
noncebits,0
supunlakmal,2
joaovitor32,1
ahmetozdemir73,2
LaisAxx,0
serdardurmus,3
katienoj,2
louislow81,2
Ifycode,1
danieldsf,1
lucasmsoares96,1
andremaravilha,1
elidakirigo,2
Jesubannaerp,0
Brktrlw,1
andrewbaisden,1
dev1ninja,1
MatinT-SA,2
namsh1125,1
jhautefeuille,2
rpehlivan08,0
septsea,1
foxy4096,2
crmdevtool,1
workwithhim,2
BadTin,3
cenaion,1
dragonman164,1
NikeshKhatiwada,0
DataDaimon,2
am263129,2
Dnuns,1
spatulatom,0
vamper424,1
wandilemawelela,1
ericung,3
endlesspennier,0
GrigoriiTarasov,1
L1QU3D,1
devopscgtr,0
nature613,0
Arbabpouri,2
JadielJr,0
brunoarduarte,1
nandovbr,2
maranbrasil,2
gabriel-igorq,0
FelipeCRamos,2
mathdesilva,2
JoaoNt599,1
riyaddecoder,1
MihirSinghYadav,2
LorryAfriyie,2
johnjackzx,0
ProgramKingAbel,1
LinaxT25,1
jmarkuz,2
winnerdev2012,1
super124dev,2
sadekmehri,2
mehdy1979,0
phd-cs,2
Prdsilva80,2
stevewoz1234567890,0
kfox-debug,2
Mohammad-Jokar,2
Winsletpp,2
diagodryson,2
shox404,2
Gabrieliam42,2
LucasVince,2
KaytmazV,0
DaniyalAliIsrail,2
kmost216,0
AbdelazizSoliman,1
chltjdrhd777,1
shaahini,1
yeasin-gazi,2
gitfullstacker,2
hectris,1
ProspDev,3
alanrios21,0
guzztavo2,1
ghost2468developer,2
principlesoftware-dev,2
sheriffwoody0922,0
ariaesm,1
vladimirzhushma,2
ronbonnke,1
LouiIII3,2
Arturs1123,0
PavloKon,0
KHC2003,3
JetBrain2056,1
Webzarium,1
miroshar-success,2
Dibora12,1
BrunoCaputo,1
koalnix,2
irvaniamirali,2
serkantolga,1
ivankharak,2
majidLajevardi,1
worldlead,2
juvelir7558,0
OnlineNets,0
Mahas1234,1
Kristy112211,0
mercedesbenz00,2
zeon-neon,1
guilherme8426,0
gabrielschorsch,0
Herikle,2
HallZero,2
otaviohiratsuka,1
DaviAfonso88,2
mariarezende07,2
n-honda2,2
paulohenriqueo,0
ferreirawill05,1
Matheus-O-G-do-Nascimento,0
lyricalsoul,3
m-pillon,2
dduartee,1
Alanghj,2
MuriloAdosSantos,2
Gabrieljnc,1
fmmarcelo,0
alexandre-niess,3
Diana-rosalem,2
silviacalixto,0
imtheaman,1
BrunaMello,1
sarahsaene,2
omahin,0
SamantaMarry,1
ryanadriel,1
AdrianneVer,1
crlne,0
Josehpequeno,1
fabrevitor,1
dri14maretti,1
Yanaiara,0
gaaveloso,2
fscaldas,2
JacksonRicardo,1
guinhoanjos,2
ngeremaias,2
BrugoAmorim,2
WesleDev,2
NandoBruch,0
FlavioCandidoSilva,1
lilores,2
davi-souto,0
y9luiz,1
Jbnado,1
littleOStar,0
Hadenia,2
VitorST1,2
mcalves-stack,0
IsaacSSilva,2
zakkaria123,1
s3rasool,2
ninth-in,1
DimitriSchulzAmado,2
mathzpereira,1
anagvaleta,2
joaolucasdsp,0
tiagogregorio,0
rafaferraz,1
KenzoUMZ,0
leonardosblang,1
PedroBorem,0
PHMarques14,2
JulianoSilva05,1
heitor57,0
Luzim,2
vickydeon,0
wag-alves,0
zedsousa,2
willemromao,1
rafx01,1
HachemAhmed,1
wjsan,3
GuilhermeVRF,2
willkopec,2
Himank8106,1
yatan,3
variemai,1
jurkovic-nikola,0
sms7182,2
deekshithkp,0
mahmoudkandeel,3
waldenylson,1
Taisho,0
GamerCleanVic,1
thevacs,1
iversonLv,2
damianpumar,2
mohammadGh,0
gonzalomelov,2
anthonyroussel,2
hafiz-muhammad,2
tmori,2
mahdimp,2
tanveerprottoy,0
abhi8427,2
blackMoja,1
elyagold,0
BeAllAround,2
nicolasbonnici,0
hendrilmendes,1
qingxiangguo,1
caioaraujo,1
iqzmn,2
VaporFoxLash,2
juliaribeiro,3
mauriciomlourenco,1
Guilherme-silva-teixeira,1
BulletSentence,1
SoberGrim,1
robsoncartes,2
goodtocode,1
juniormartinxo,2
raphael-brand,1
grubio1995,3
khazali,1
mariorobertobr,1
chuckxD,2
velotsuraptor,0
codewizard0803,2
VonHumbolt,2
EmanuelGF,2
Maxhu787,1
elizairam,2
CrisBelDev,2
NoushinB,2
RhymezxCode,2
vtamara,1
joaopauloufal,2
doyen001,2
OmarUTEC,1
khalilhasan23,2
Rumeysakeskin,2
mohammad-zolghadr,2
WaelTarabishi,2
j0shua-daniel,2
xjkun1,1
gabysmm,1
oliveiralecca,2
ValchanOficial,1
kafraga,0
RodrigoLima96,2
GuilhermeBrandaoSantos,2
reandov,1
benjdiasaad,2
ByteDecoder,1
carlosapgomes,0
KhaledELKarazle97,1
vankatwijk,2
devenock,2
BatuhanYilmazzz,1
chengqinghuanyu,2
sambuddhac,1
markwylde,2
mkaranasou,1
tiago-nunesgv,1
miladhashemzadeh,2
starkfire,0
BuggerBag,1
williamkoller,1
redmejia,3
loressl,1
ThiagoSottoqts,2
gabrielareisg,3
jose-renato-m,1
VD171,2
jlmsdev,2
AlphaTechnolog,2
ifeelBALANCED,1
miltonnotforyou,0
rockstaedt,2
jr20xx,2
karlinarayberinger,1
raghu-007,1
emmanuelthegeek,2
yigitmertcan,2
KourtneyFox,1
jonangeles-sanchez,2
qumy,0
xanderwang312,2
Ayoub0Bn,2
joaoflaviosantos,1
tahadebih,1
Reiderade,0
uchoamaster,2
LevyMatias,1
peppeconti,2
fancy517,2
serdbay,2
erkamesen,1
crazydevlegend,0
Alfonsaroi,0
lunasemfronteiras,2
bjwswang,3
lawalTheWest,2
danrnascimento,3
flaviodgdas,1
Catellani55,0
dennohpeter,2
vaimalaviya1233,2
superman0052,1
tachibanana,2
dinapgomes,2
andsfonseca,1
jhonsef,0
LisleF,2
nalumelo,1
oryange,1
vinihcampos,2
Codigos-de-Guerra,2
Alvarado08,2
esaracho,0
lucatelli,1
saidurraahmaan,1
xmrrabbitx,2
brmsdi,2
afiifatuts,2
amirabdev,2
confidentmeerkat,1
MuhmedWagdy,2
Ortiz2525,2
Blandskron,0
tinicius,2
Fannytim,0
rileyca,0
aguilevan,0
smartgeek1003,1
Guiequilen,0
Wellerson-ABL,0
Legendary9000,0
Olyadtemesgen,1
Luckyminion0,0
XCBA,2
laura1977garc,0
Shehab-Hegab,2
Igna73M,0
Manjul1225,1
anshulkaushik001,0
techteam92,2
wdkang123,2
lucasaltm,2
kokist,0
parsa-sbg,2
Ton-Chyod-s,2
fulcrum6378,2
ayeshanweerasuriya,1
jaretpr,0
c00Igui,3
xleonardov,2
Maks00071,3
hrosicka,2
travisburns,2
super622,2
LeoRVergani,2
Py-Ec,2
Imanrabet,0
pmjakporoo,0
baharucar,2
timewn1,2
winter21228,2
fastleopard9372,2
NathalyaStefhany,1
mohamedsalah01176,0
Kaito-cokis,1
codekarmainme,2
btwitsPratyush,0
jay-776,3
ViniciusBenetti,1
healer-1205,1
Hamzah-Owaidat,0
tothetop430,0
ViniciusLima10,2
CarlosEngler,2
AliceCamposDev,0
matheusprv,2
RodrigoZonzin,2
OokamiMidori,2
kkaiochristaldo,2
Ma-Vivis,3
Wallase18,0
EdOc-PS,2
matheuznsilva,2
wistecbr,0
LuisMilczarek,3
JoeyQPB,2
savioacp,2
felipe-mizidorio,0
AntonioSeixas1,2
guedeslucas1,0
pedroteochi,1
Mikaelsx,1
NicolliVenino,0
felipebda,0
rubensolv,3
dinalifabricio,2
Matheu46,0
fmarga,1
fer-nando-machado,2
erickoliver60,2
rafa-wem,2
DiegoLopesLima,1
jsreputation,2
damaris-uchuaia,0
breendawelly,1
miguelsmuller,1
vinipanjos,1
jessycunha,1
fabiocdo,0
nadisfeu,2
blendacosta,2
nathaliaassis,1
Lrv-dev,0
marcelomoreles,1
HSSNPdS,0
BarbaraAmaral27,0
henriquegoliveira,2
mergirl,2
JayBIOS,1
EstephaneNascimento,0
maianenc,2
Yoac-eng,2
luisdeol,1
Matheuslagos,1
ramonfloriano,1
gerdon,0
raphagama,0
kleitonADS,2
soualexandre,2
pedrocarvh,1
MaykerHM,2
andretnr,1
PamelaZuni,2
MaycolTeles,2
Pedroriq,0
MaMBassi,2
vinigs22,1
pedrohdsouza,3
samuel-alves-chagas,1
thalitaDomingos,0
Pedro-Balestra,3
gabriel-pivoto,2
polianaraujo,1
vSteps,1
AlphaSagittarii,3
zleypner,2
Dipak22,0
nadeemelahi,2
justingoldberg,0
NukeDev,0
daimons,0
anastasd,1
mindeleven,2
carlesloriente,2
mngugi,2
danydodson,2
aenawi,0
TahirTekizbas,2
OndrejLosensky,0
al-imam,2
g7,1
atomcodev,0
amponsemmichael,1
MoQuayson,2
MMGGYY66,1
reindex-ot,1
piroz,2
shoober420,2
Maxnegrao33,1
Ahmopasa,1
charlesfranciscodev,1
friendbear,1
kevin-chau,1
PratikDhanave,2
AngeTia,1
aecial,2
Younis-Ahmed,2
lucasvegi,1
danielhe4rt,2
akinncar,1
ricardocanelas,2
dominickbrasileiro,0
amirensit,2
porozhnyy,0
ZarchiMohammad,1
biyonik,1
hamzahjamad,2
taffarel55,1
ataeiamirhosein,1
agustinmiura,0
thalef,1
LambdaVex,0
Leonardoleo,1
ashiquebiniqbal,1
maak123,1
afroGeM7,0
emmanuel-martin,1
lichengtao1989,0
telicoscience,1
hexninjaT,0
maxprohor,0
hc0503,2
sonjibony,0
Rolemodel01291,0
NyctibiusVII,1
markmusic27,2
yaseminkoc,2
Marcos9868,1
peudias,1
William-italia,1
cinthiaquadrado,1
nairacirino,1
carolinarutililima,2
ramonbs,1
BitPassion,1
tedster0629,0
ricardozv,2
Web3ByVirtuAI,1
code-kknd123,1
diorfunn,1
smartkapollo,1
yclin1209,3
S2H-Mobile,3
gloriag-dev,1
cemrecander,3
kingstar1115,2
Gaini-Laxman,2
neemias-renan,3
all0cer,1
samucalucio1997,0
laisfrigerio,1
fabiolealsc,1
gabrielkrneiro,2
grau-maus,0
asakew,2
Lawrencehudson23,1
Draven996,0
nawan44,1
hasanyucel,1
akashgovind95,1
osmancalisir,2
jayitsaha,1
alfredasare,3
athenasaran,2
nusserstudios,1
erichilarysmithsr,1
fsenaweb,2
DiogenesF,1
tlyau62,2
Quenedi,2
claudioonoue,2
Kakise,2
ik5,0
ErickNas,2
agent4mpgp,1
iliyass-zamouri,0
alvin-tosh,2
ElpidioL,0
zeysert,1
snipershooter0701,2
kamelorac,1
charity1475,2
codedrian,3
ImGabreuw,1
raviprakash11,1
jrycw,0
AndyWendt,1
MichellMurallas,1
mayconmesquita,0
gentcod,2
blockchain0125,1
jhondevcode,1
marreapato,1
vitasha10,1
endisl,2
leonardojulius,0
maximmorenko,2
ThanhTam1122,0
RifatHasan-g,0
thaislsilveira,2
Jiganesh,1
buraxta,1
BedirhanGurler,2
AbdulrhmanBashammmakh,1
replybr,1
reginaldomotta,2
FarzadForuozanfar,1
bimashazaman,1
umair-hassan,1
IsaiasSantanaDosSantos,1
galvisjuanc,1
benaduo,3
derysudrajat,1
Nikaum-js,2
Puma1990,0
gharib-uk,2
johntakesnote,1
KPMGE,2
Drako01,1
fazeelkhalid,1
sun-jiao,1
bjtu-lucas-nlp,1
majidadigozal,1
91ahmed,2
amartinez338,0
M-A-Felegari,2
jamillosantos,0
LucasHBD,1
jilcimar,2
eliseu18,2
carlos-vinicios,1
VGusmao19,0
wesleyluz,2
Fabiobrito,2
JaredBoehm,2
ninthsun91,1
borisRadonic,2
chunmingwang,0
han109k,3
dreamerenigma,1
AshadeSamson,2
kerrickchan,1
VenusGworld,2
kels-git,2
DAO-collab,2
Mohammad-Ali-Malekzadeh,2
Afsanehaa,2
Jordan-2113,2
geradidi,0
ERFANEKHADEMI,2
Chicook,2
STWDFSD,0
smart-u,1
robustdev111,3
tresa5923,0
Ananiyaadefres,0
Mendez05,0
Panther-12,1
Topdev1234,3
filippbudko,0
onatturan,2
zeshantech,2
halil-yesilyurt,1
yuskraft,1
hamzalodhi2023,2
Natnael-Yigzaw,2
LelouchFR,1
clive-goldminer,0
mehulrajdev,0
Moris9,2
ssoad,1
mghotbi,1
Farzinkh,1
Mhamedshamaei,2
3verLove,1
emanoelcampos,0
oshanto-ctrl,2
guilhermedom,1
conich10,2
GazeCode,2
Geek-Bunny,2
Thinhinane-AKRICHE,1
StrongVector,0
karimshaban01,2
josephmbasile,2
Webmenik,0
IIAmir,1
pet1209,0
AlizayAyesha,2
jindev2718,0
Eros-Rama,2
p-delfani,2
N1k0l1n,2
Pizzaboi87,3
Marley-Semende,2
santa116-1,2
shricastic,2
Hacker-Sam-is-here,1
celzin,1
persona3portable,1
edwin1113,2
Nedved942,0
aitmouddarkhaoula,2
jeshi2,2
Iaughingstock,2
Jack-grittier,0
Mohammad-dn,1
Andrew-Costure,1
HasmikSarg,2
productivitybot,3
BeautifulMoon211,2
bugbounted,3
i2PieO,2
ecomdevstar,2
TurboDezen,2
Diogo-Honorato,2
GabrielCosme,0
Macedo3,1
Arthur99Silva,2
davigpc,2
ntcbryan,1
Rezende00,2
Gabriel-maia-santos,2
NathyKushima,0
heloisaapulcro,0
Cardoso-Diniz,0
matheuslima15lima,0
kaianes,1
vnessagm,2
lucasapt,0
Bidfca,3
lucasilvas2,1
alfaaarex,1
meirochun,0
Larissa-Rocha,1
dougefr,0
matheusg-morillo,1
harleybrito,1
Erica34124,2
Gustavo-Ribeir0,0
pauloeps,1
the-abreu,2
rafaeusilvar,2
ThalysonLeonardo,0
hannagabyy,2
Morkds,0
TainaIsabela,1
caioafb,0
Predo-Campos,1
felipehads,2
ddlmar,0
Helfstein-one,2
Deivdson,0
clsyan0,3
Luscafp,2
thuannyramos,2
GregTrevellick,2
CrisdavidHenrique,0
YuryOAraujo,0
Abgail-Diniz,2
ja1za1,2
orafaribeiro,3
Pablo-Henrique,1
devmoreir4,2
joaocarnevalli,1
baku01,2
JoaoPauloBernardo,1
diogocastros1,3
DaviRosimES,1
amandasguimaraes,2
MarceloHOPV,1
InajahaCosta,0
BrunoVollin,3
Fiddelis,2
marcosmvs1,0
thiagodks,2
ramonrpa,2
ClarkAshida,0
GabrielHCassiano,2
AndersonR-S,2
WilliamDLeao,1
id-gack01,2
0xkzam,2
MinChanSike,2
everpalm,2
adedirankehindey,2
cannomaly,3
pitz143,0
chinthakaranawaka,1
ultimatevegance,3
joelibaceta,2
h-weng,2
sisovin,1
geosynapse,1
queelius,2
zeynallow,1
mraniki,0
isaquealves,1
sirfi,0
martishin,1
AdrianoVolter,2
ahmedsomaa,1
tkouts,1
StealthWorm,1
eduardotejeda,2
kipmyk,2
lucasdsalves,1
MkrtichSargsyan,1
ash399,2
ppnwt,2
sauloleite,1
deividsonsabino,1
MBUMILA,1
mubarak-mohamed,1
blaszorrilla,2
saakarx,2
HappyColour,2
itbdrasel,1
hdp173,1
cainhooow,1
Rakhimjon,1
mzaksana,3
Azad77,1
kadocolak,2
maguelES,1
juliaathar,1
LucasBO7,2
guilhermemonte21,2
vanessafsoares,2
madruga665,1
th14g0d3v,1
Biafcampos,0
Angelogvr,1
MiguelCandido,1
danilolmc,1
guilherme-leite,2
vipinsaini0,1
cambusa,1
Raiffep,1
fabriciobonjorno,1
Zorono,1
TaiseiIto,2
diegomc365,1
Atif8Ted,1
bestengineer1112,2
AbSomeone,0
GabrielMendesdc,2
realrobotteam,1
pkoopongithub,2
thunderbolt990525,3
moj361,0
Ricardo7c,2
alexdlli,1
HeitorPerrotta,0
peter-kimanzi,1
filippo-fonseca,1
DanielFFerreira,1
valyriouc,2
Ayaon-Norhani,2
Labanya23,1
anajulialeite,2
AslihanArslan,0
Samuel-Araujo-Silveira,1
Asbaharoon,1
DuaneMurray,3
FuatBerke,1
valehasadli,2
msinamsina,2
mio-dokuhaki,2
CodeChamp1011,1
MurielM87,2
RosanaMascena,1
niushay,2
NaiaraBorges,2
alicepsz98,1
amandsq,3
saman-nia,2
vellindev0324,1
dnorac,1
csrafsan,2
VictorRaynor,2
SolanaProject,0
hunter-treasure,0
oleksandr-guzenko,0
Parameow3,3
gholi-dev,1
SamanjaCartagena,2
Salesd1,0
Rangero12,0
Francourisa,0
Rafaekill,0
Gamalip66,0
ClizaElibel,0
AgileTech777,0
0xAbbarhSF,1
ailynux,2
vlady0712,2
Crystal-CodeMaster,2
EloyMuniz,1
imene-swaan,3
toricode,3
hc9689847,0
lease-ant-am,0
Irfanrida,0
Aiden0801,0
Dojikooo,2
techiful,0
yk909,0
KolawoleFawaz,0
AdminIT-arch,1
ts-ua,2
devzgabriel,2
Sandro-BR,1
EarthMaster,2
Imtiaz513,1
munir-hossin,2
Andrii589-Dev,2
AtalaySezen,3
sergiourrego86,0
0xcrypto628,3
hawariMuflihMunte,1
MustajabAhmed,2
dev-connor,3
sapvs,3
eric-figueira,1
LexAguirre,1
prathyyyyy,1
danovska01,0
tanguien,3
ExorTek,2
rakinplaban,1
pavan-png,2
Brownwang0426,2
evilryo0309,1
muharamdani,2
sanggi-wjg,1
djimrangarleita,2
Arjunliljo,1
rhazem13,1
git25126,0
gennaro-16,1
Hoccyy,2
LomNtetha,2
sachithdh,2
munabedan,2
WarDroid23,1
0-harshit-0,1
506129747ryu,0
BrianMunizSilveira,2
jozef-javorsky-dodo,2
branGitfox,1
LatiefDataVisionary,2
Nkwenti-Severian-Ndongtsop,2
LucasMB21,2
vishutyagii,2
SenseiZarkoDukic,0
ch4r1ty,0
kolya2803,0
GalvanGabe,2
Aquael5,2
teflon40,1
Thiararapeter,1
0xCenter,2
LiuQBinh,1
salem2400,2
Vikmanatus,1
Akshayadeveloper,2
Guvrlir,0
MoinKhancse,2
mowgly11,2
msn9189,2
KabiriAbolfazl,3
slozic,1
estevaojneto,2
TeshaneCrawford,2
rug19,2
arzgod1,2
midrovo,2
vclong2003,0
ChAdilHussainGujjar,1
Mukesh-Sharma400,1
yasirali0,0
aminubarade,2
baolinyang1,2
Q4Qoph,2
Guilherme-RNovaes,2
isaacWilliam,0
DayanaUzunova,2
PromiseEverlasting,1
Poitreqm,0
Halitt,0
BrightBrown0,2
manyasel,0
PrinceGoblinTech,1
WaleedRazaShoaib,2
Mouse-King,2
pooriaamini,2
blue0316,1
Chambiks,2
ahmealaa123,2
parhamdavin,0
loranjboba,0
franww,2
yopaaa,2
PeterPan627,0
emirkulusoy,0
onyxvail,2
Okuro3499,1
NinadWalke,2
marichi67,2
OrochiDesign,0
iamrohitm,1
vvact,2
raphaelsander,1
leticiamoreiram,2
DreamkitteXz,1
MarcosHenriqueBarbosaPereira,0
alinepmarcondes,0
luanrobert07,1
JulianoAleixo,1
Vinny-TS,0
tavares-douglas,2
eduardagoulart,1
KemilyRezende,0
EduardoGrillo,3
joaojmgl,1
Letolsilva,2
VictorGeralt,2
OmarSalhab,2
brightdev124,2
CodeMaster0099,2
sammy6378,2
Supeeerpower,0
Andreia797,2
phantomf4321,2
Malisha4065,1
omarnasser199789,2
luckybird1115,2
someStranger8,2
LuisBrescia,2
Mupa1,1
Alex222222222222,1
yoyomonem,2
iavalli,1
mmdrezakz,2
anaxapilled,1
devfastated,3
ahmedessam452,0
ufukayyildiz,1
shahofiran,3
anjiri1684,1
A-Ebied,0
KamalMaktari,1
mali053,0
amrcool,2
Farahsaiza,2
rahuldemi,0
DavideWiest,2
samueltexa,1
saranshsinhaa,1
EpicNesh26,2
GustavoSantanaData,0
mayumi-oitate,0
Crypt-Guard,2
SMILES00714,0
danmarquees,2
tp1845,2
imrul099,1
ethdomperin2018,2
1501henify,2
leofloripa,0
ponytownserver,2
kunalpro379,2
Matrixdust,2
felipedev418,2
YukiTheAltArtLady,1
smartdev022,2
SavageXchange,2
Julianidiego,1
Ian729,2
json574,2
masoodgharahi,0
GLino-Oficial,1
solehero,0
x-alchemist,0
Apiror,0
smile1130,3
ChevrierDev,2
SammyBoiii07,1
rizwansammo,1
seniordev73,0
usamadezign,2
vincentMunywoki,2
Mohammed-ela,1
marcohenning,1
SahandMas,2
anuragShingare30,1
samuelldmj,2
Sayan80bayev,3
Grld-Andy,3
Th3l3mic,2
pizzapunch,2
taraio,1
greendev0127,0
voidnoli,2
aladinxyz,0
MastooraTurkmen,1
SohamBirenKatlariwala,3
AndiChiou,1
edogola4,1
marichu-kt,1
lucaselc,0
lucassvalentim,2
GSOliveira1,2
iagolirapasssos,3
YanAndrade61,0
nojirilucas,2
GustavoH-C,0
Pablo-RLV,0
VitorRez,2
Bmaximo93,2
robotheus,2
epilldev,2
ramoncoelhojr,2
ddVital,1
DiegoOtani,2
HenriqueApulcro,0
KalebIsaias,0
oLeall99,3
GiovanniMoreira1,0
mariagriggi,2
FelipeSaadi,0
irisfmartins,0
Raphides,2
Gabrielv7,1
pedrotrschneider,2
sadikneipp,3
renzoabensur,0
vpspepe,2
iara-rodrigues,2
DilvoneiL,2
gabrielvasiljevic,2
Guilherme-coder,3
pedromorais-f,2
gbrielcsta,0
L30-R1B,0
klaranarumi,2
helen-13,2
MariaTrindade,3
martinelles,2
Raipagnin,2
MarcosVRSDev,1
WPondian,2
f4zolli,2
JeremiasFernandes,2
JessStark,0
Ronan-Castro,0
atosborges00,1
GabrielLeandro21,1
KassioHolanda,0
RafaTabarez,2
ismaelcostarc,2
Marceloalf,0
marcojunio,2
wallacev,2
majorsaaam,3
KalilChristaldo,0
Minaguche,0
kodacodasoft,2
Kash1m1r,2
Tads98,1
isaquekaio,1
pino-dev-br,1
JoanaFernandes1998,1
thvcorreia,3
victormaximoclm,1
julianatsoc,1
andrefemlo,1
FHernandes,0
maxsuelmarreiro,2
iurylamonie,2
MaryanneAlice,0
LeticiaKOSilva,2
ivolbf,2
sheila-oliveira,2
SofiaVictoria123,2
oskarniziol,1
s4ntiagoo,2
Gustavohps10,1
DeividAlmeida,1
diegogit03,2
almeidaraphael,2
WeslleyGuiimaraess,0
bolatron,1
Karrary37,3
valves-ops,2
ElyonOrtiz,2
Zero3720,3
GalaxyIgor,1
edrassimoes,0
ViniciusCarvalhoEnsa,0
Pfaffenbach,2
Felipe-Tagawa,1
biacobral,0
LeoGalisse,0
markinh00,1
iuryt7,2
Juice-cpp,0
Murilo-de-Oliveira,0
TobsBP,0
RichardCosta16,1
FabioFiorita,2
BrandaoLuc4s,0
lmarchisotti,0
AlexRoncalli,0
hugnarok,2
Bruno-Regatieri,0
FelipeLeal2021,3
fatemeh34,0
Imanm02,1
simoneapamaral,0
ashutoshbains,0
JorgeBlanchardCruz,0
nmmanas,2
fabienpuissant,2
jennieablog,2
DecipherOne,3
febinjoy,0
isperk,2
abstractninjatur,1
weraldco,2
PatrickJnr,1
vpras,0
imoore,1
peterhfss,2
NebojsaKrtolica,0
M-Mouhcine,2
JohnPollock,2
oneananda,2
Siim,3
sanyaade-teachings,1
tshepop,2
Icedwolf,1
tousif12,2
bearlikelion,2
soulwax,0
llorcasantana,1
RafTeog,1
dijux,0
ddmitov,2
musikito,3
wakoliVotes,1
igormoreirafaria,0
arauju,2
sebjameswml,1
ken-b4u,3
bennyzen,1
anoiaque,0
pmutua,2
ppppppsmash,0
Gusvioli,2
franciscojunior10,1
pavanrkadave,1
datgerhardt,0
MartinsonFreitas,1
yetkin95,0
vaibhavbaweja7,1
appwebd,2
I-am-abdulazeez,1
gpbaculio,0
royacodes,0
don2025,0
un4ckn0wl3z,1
ugurkankya,2
ediaz13,1
whiterthanwhite,0
DanielAcostaRoa,2
Thelouras58,1
ryouaki,2
zagaouch,0
pbrilius,1
svngoku,2
aksharahegde,2
apollw,0
pontes-guilherme,2
IvonneBenitesRodriguez,2
Isallkun,2
Usamaliaquat123,1
codigocarvalho,1
jrgdiaz,0
qxdo,0
closb,1
margani,1
copyleftdev,3
Joe6905,1
Caic-Mateus,3
Brito22,1
Milenakamine,2
Mendessc,2
Silva-Julia,2
ArkDreal,0
BartH28,1
LucasSimionatoIsTaken,0
IR3TR0I,2
RafaelGomes01,2
Viniart,1
RafaelaLucia,1
enzoquarelo,2
Thamyresarm,2
ojuaum1,0
gabrielarosa1309,1
rebecarolinax,2
mwmjunior,2
murilofarias10,2
robertsudoliveira,2
wh0isdxk,3
victoriafaria,1
okflocos,2
DiogoKaster,2
almemanuel,1
pelinsarix,1
isabelirk,1
dominicmonteiro,2
ciochetta,0
mr-dev-dragon,1
ChristopherMarques,2
Pbluer,2
daltonmenezes,1
liaoliaots,2
lineavelino,1
l3dlp,1
kpcn,0
fjlic,1
lucasmrthomaz,1
SantosRAC,1
paulohenriquepaulo,0
yaakam,1
kkorr,1
mviniciusca,2
davidfffelix,1
zJairO,0
f7lipe,1
sclaydn,2
marcosaru,2
mauriciolederer,1
luishennrick,2
alperunlu,2
wilburhimself,2
curtis18,0
prabhuignoto,2
KenAmaya,0
biancamarangoni,2
RodrigoAB93,0
GabrielFeMello,1
zeo-return-null,0
raviolli77,1
riversdiniz,1
imbarwinata,1
thiagozulato,1
Alexson-Felipe,2
tinagallant81,3
VEINHORN,2
JasmeetDani,2
Dpinkney001,0
fabiostefani,1
swPrincess-Leia,0
j-guerreiro,2
mohamed-azhar,1
Neo42,2
mehtapugur,2
sannimdev,1
chinedu117,1
joao-siilva,0
CarloDotLog,2
AdroitMachine,2
adam912913,0
GamingAlex553,2
commithero111,2
PedroEmmanuelBuerger,1
coda-coda-23,1
dilshankarunarathne,1
subhajit51193,2
soumyadeep6845,2
sucodelarangela,1
lily176743,0
Oliver-Jack,1
fajarjulyana,0
stephauc,0
Arafatofficial,0
mtouseeb0008,2
hermeshcg,1
biancabarbosa23,3
VarunBanka,2
imcathalat,3
Eladiolink,0
joevtap,2
professorobama,2
eumatheusvieira,2
guihenrique16,2
yurecouto,2
JorgeSantan,0
xpecex,2
JorgeOchoaReyes,2
ValloonSweet,2
Cristianpl4y,1
jenil97,2
jubsju,1
Ericodesenvolvedor,2
lucasgm18,2
Infinity-chakra,1
moraroy,2
axornam,1
eriker75,1
ClaudiaRojasSoto,1
mehmettas1,1
maryamghasseminejad,2
emilliy98,2
deepblizzard,0
PyMarcus,1
p-v-z,2
jonesbusy,1
zakuru,0
hitenkoku,2
slara,3
jmanuelrosa,2
devmeireles,0
kimjaydot,2
Archie22is,1
LuisSempre,2
silvniv,0
Beatrizduarte,2
ionelamelaniastanciu,0
JessePires,2
lucasmartins96,1
Noumanabegum,2
kvm101,0
pratham022,1
LuanSilveiraSouza,2
nandodsb,2
yagoar45,2
natygulyas,1
venawm,0
ediakatos,1
thcarvalho,1
mayconline,2
mahdicivil74,0
adaptive-beaver,0
usmaan-shahh,0
neliojorio,1
Farshid962424,0
luck18210,1
johnfkraus,2
douglasdcm,0
DanielAugusto191,1
phoo8651,1
rdm499,0
mahab339,0
CousiGoico,3
arcy405,2
StevenYinKop,1
jeawonlll,1
codeinpinkdev,3
birobirobiro,2
Vanessa-Ap-Ferreira,1
JeffPatricio,1
alexandremolive,2
stefani-scarpari,0
diaslilian,1
Beatriz-Paes,2
LucasAnselmoSilva12345,1
Ramraghul,0
amorimmaria,1
eubssantos,0
AstroCaro,3
youssefabidi13,1
christianebs,2
melisacortuk,2
ajikisan,2
marcosnaofazisso,2
rivasbolinga,1
iamsandralima,1
Gadaffi508,1
sudharsanan123,0
LeticiaMilan,2
elmasantos,0
leonascimento,0
FirePrometheus0109,2
lucasmelonds,0
astroboy214,3
Hamza-Abdulrahman,2
iamramahibrah,1
allanisPixel,0
alyanamacedo,2
constance03,2
Lucas-PCN,2
eoisaac,1
kewineic,2
IsabelyDev,0
izepon,2
cristiancdias,2
jessycadev,1
danielevalverde,1
asilva-dev,2
jfranquis,2
DanielBrito,1
ayharano,2
alinebezzoco,1
ShibbirAhmad,1
biancaespindola,1
allonsmandy,1
Carnaux,2
jeremias-joao,1
felipemjesus,1
raquelcreis,1
felipesntr,1
felipeverse,1
FlaviaCasimiro,0
gusttavocaruso,1
murilorrr,2
GabrielBiasoli,2
marimunari,2
lucasrosendo,1
Kamilahsantos,1
PauloGoncalvesBH,2
ColtonParham,2
ahmettekce,0
vzdrizhni,1
nurrturkaslan,2
fernandocesarsp,2
mhenrique94,1
Semra4141,2
EvgenyLukyanenko,1
ShadeOfDream,2
AleksandraAleksandrovna,1
MToprak203,0
nielcodeforce,1
fatihkk01,1
HugoAPortela,0
EDAPOLAT,0
roninkaizen,2
IsaacAlves7,2
defoebrand,1
dayknightmare,1
Harman-12,2
pedropfsf,2
Berabjesus,2
gumaciel,1
esmakzlkaya,3
ashishsoyetra30,0
OzerBey,2
rmzturkmen,0
danielafarias,1
PedroTaveira10,1
mauriciopicirillo,0
isabellanunesdev,0
MonicaHillman,1
lariandrade,2
Anacarlags,1
alinebell,1
TatianaFischer,1
Debora7376,2
anagontijo,0
matheushsouza,0
brunodhr,1
Caayu,2
comarialuiza,1
Giljared,1
livibellyrds,2
RobsonCardozo,1
carlitos,1
7171u,0
Zeukkari,1
moreirafelipe,2
walteronoh,2
ezeoleaf,1
mranasm,1
iampato,1
ItaloPussi,1
tiagocarmosantos,1
PauloRobertoVieiraDeCastro,2
pedrohspires,2
adamdubey,0
yjo4,0
alxsmora1,1
MatheusLima7,1
johnLitoBardinas,1
dpalmas,3
MosesWangira,1
foschieraanderson,2
andreamaggetto40,1
zhugegy,0
bittin,0
ahmethaydarornek,1
mnbst,0
njuliacsouza,1
pedroalcantara9568,0
attaryz,0
nonlin-lin-chaos-order-etc-etal,0
sudo-which-qp,1
fernandorpm,1
Wwillers,1
guilhermeomt,2
giseleml,1
chipy1209,2
FlyAndNotDown,1
Terencesun,2
NicolasOmar,2
simaojunior,2
staringelf,2
bisignam,1
luansantosti,2
CaioRagazzi,1
mchoopani,3
ammanabua,2
joshuamshana,1
zwxs,2
camilacassimiro90,2
beatrizmaciel,2
santosvini,1
klimapsyteck,2
OlavioTimoteo,2
julianapedroso,1
jucian0,1
vivianefabapp,1
KenMan79,1
IvanConsalter,2
Numb4r,0
SavioR0,0
jmoszx,0
jardelcarvalho,2
daiyanze,1
monic-shixi,0
tiagonevestia,3
cocka,3
mensonones,2
hernangior,2
ebraminio,0
cmonkey,0
Arden488,0
lmpizarro,2
lazydancer,2
divinor07,1
virtualvivek,2
littlefish0331,1
vaibhavmit074,1
Poojith-Obeysekara,2
aleynaeser,2
almeidaribeiro,1
taka1156,0
vicenteicc2008,2
ma1rcos,2
RaffaelSchemmer,1
gabrcastro,2
kihuni,2
iconboot,1
Travinth,1
jesar-enl,1
woidzero,0
0xdev99,3
kolvs,2
WilliamMajanja-zz,1
carlosfilhou,2
jprmachado,0
betulkilincaslan,2
leomadeira,2
Bianca-Machado,2
tpiperatgod,1
hootanht,1
EnzoXavier1001,1
luismayta,1
jacksonsns,1
kleberMRocha,2
PaulGuillen,2
taketake5656,0
nask0,2
Randall74,1
kfalconspb,2
fawaf,1
Elbehery,3
danyallard,1
chardso,1
Iranildot,0
judeleonard,2
khanmhmdi,1
QuestionMark001,2
wuziqian211,2
Level237,1
caeserlondon,2
Lavrudin,0
chenurawinrada,2
Fabiano-1979,1
limatheus,1
nsrau,2
rav3ndust,1
nfuhs,2
VitorHugoFreireFrancoGoncales,1
zzolfaghari,2
waiterorg,2
NewComer00,2
harddownloader,2
PokeyManatee4,2
osvaldosneto,1
Rodrigo-Menezes,2
metekaya,3
farazmalik180,2
morteza-jamali,1
keonjeo,2
Nyambura254,1
laionazeredo,1
LSP-Lucas,1
21007619,0
TheGresta,1
afaaaq85,1
surfskyio,1
shashreesamuel,2
MuhammadImran2,2
youtuberscafe,2
GhislainMitahi,1
ionelabrinza,2
elsowiny,2
EngrSaad2,1
21x37,2
MackenzieBrooks,2
cluzier,1
shreelvi,2
andrei-coelho,0
vanessa-cl,1
alinakhay,0
RetroNick2020,2
yogeshmishra667,1
joshuaah101,2
deviceproblem,0
GabrielSiqueira1,1
AbhishekGandre,1
kwanit1142,1
RenanDev23,2
Luismkm,2
oliverearl,1
SamirJouni,2
nomissbowling,0
JonataRamalho,1
patience00,2
montmor,0
gmtv,0
Thilagavathi1,1
mmsesay,1
PequenoJoohn,1
fcsouza,1
DanielSRS,1
edjanilson,2
michaelfan0310,1
RickHardBR,2
pranjal779,0
RahulRP-php,0
ship-it-mind,2
pedrotomazdev,1
RaulMCFidelis,2
commandiron,2
SamMiller3,2
Marvrog,1
magaliamedina,2
KubanovValentin,2
imf4ll,0
sirlupinwatson,1
Nehal-Bhautoo,1
Fidelcastro24,1
Henrique123-Marques,2
gouiferda,2
mstfylmz,1
Sourabh-hulloli,2
Fyphen1223,0
MariaFleming,2
luadebug,1
vlady5lav,0
warnshouse,0
Aneal07,2
oranmehmetsirin,2
Tamunokorite,1
openmymai,2
Lorna-London,0
anzhen3531,0
behradbhrmi,0
Olegchs,2
ysd-rysn,0
wahyu-adi-n,1
cn-2k,2
HaxyM,0
Felipeddn,1
LarisseRocha,0
faillock,0
carloshenriquejk,1
chrismitsdev,1
Edvin-Hook,0
Rafael-Batista-Dev,2
arielfavaro,2
GENYF,3
vigneshwaran-chandrasekaran,1
markuszeller,3
Jess-2021,2
L37sg0,2
DanielSCustodio,2
N1cholas,2
TuringVerified,2
Brenin1991,1
yigitnebioglu,1
LucasCabralDevv,1
Martimex,2
emersonlimas,2
gfmachad,1
eduardaalvess,2
davidalves1,1
deciduously,3
Nefilimdev,0
diogoditorr,1
happybono,1
urkazan16,0
JefersonLucas,2
Nupme1011,0
KellyCSR,0
marcelo-rafael,2
KevinCerqueira,1
henrique-aguiar-dev,2
gracylica,2
anapsantos1,0
pampzrd,2
becardine,2
Cycling11,1
shreyasinegi,2
RabiaGunes,0
arthur-lage,0
paulocesarjr,1
Akhil-EM,2
arielmell0,1
woow-wu7,1
OYATSUTEAM,0
alperakkin,2
mrclksr,2
Hemenguelbindi,0
syyjbhjh3,2
dheeraj21,2
RaulAltamirano,0
kamarmack,1
aikusoni,0
andriellyll,3
g1ovanaqueiroz,1
marianasn,0
maximofernandezriera,1
kamalmoundir,2
Rd-Coder,2
arzola,1
urahamat01,2
rahulkarda,1
nightfury-dev,1
PythonGeeks11,0
Darlley,2
alanbacelar,1
EAbeier,2
rafaeldellaquila,1
abeake,0
farhan-nahid,1
Seven-33,2
gmdias727,0
alexvodin,0
Suburbanno,0
Idanref,2
rohit-ghadge,2
tailung1129,0
orlandoojr1,3
webpointdev,2
arturcp,0
Mariamamar,0
Kampotboy,1
luizwbr,1
sarthakar,1
MonyaTechnik,0
Leticia-maria,1
jhoisz,1
Weverton-profile,2
duartecgustavo,1
marcoswhitesox,2
luizfelipers19,1
DavidLivingstoneHini,2
naironluiz,2
fabioreszende,0
Kalpesh209,1
nanjakkun,2
Ksengine,1
antoniomarcossouza,0
nadchif,2
caiocrocha,1
Ehtijad-Ali,1
FAIZANTKHAN,2
Lbelus,0
G-Mustafa1,2
YosephSE,1
erpiyushmishra,2
NITHISHM2410,1
andika-andriana,2
Abdellahsyani,1
helldoodle-dev,1
samuelorlato,1
zakali22,1
abmaeld,2
AhmedELGAMMUDI,1
jmatiasn,2
vitorfontenele,2
victoragnez,3
rcchcz,2
JosManoel,1
guilhermeportela,3
felipegdantas,2
izanf,2
epitaciosilva,2
feiticeiro-tec,1
juliocholiveira,1
AdlemDutra,2
SauloEnock,0
costvin15,1
Kako-0,2
leolindoso,2
xxvelho,0
ednara,0
viguime,2
jhonatadev,1
RacketySky,0
diogoodiego,2
rodrigoCodDev,2
menezesrenan7,2
renanvamo,1
Tarcisio-Menezes,3
CristianBrum,2
icarofgomes,2
DiSerafim,1
alinerivieri,1
joaovdxavier,2
felipetavares,1
andrefsilveira1,2
danrley-lima,2
teagucordeiro,1
fonsdant,1
mrdcvlsc,2
abraaod,1
icazevedo,2
victor-torres,2
JoMedeiros,2
deividazevedo2,1
guilhermekramer,1
BrenoNAlmeida,0
lorranydev,1
italosilva01,3
italosilva01-zz,2
ekiira,2
Matin297,2
navneil-naicker,2
campos-sergio,1
lycan-nt,2
tureluren,0
felipe123tadeu,2
deidax,0
bianca-g-b,2
g-htz,2
sferriss,3
Topaz1618,2
DeFiTON,1
henriquequeirozcunha,0
aminizahra,2
AnthonyNet,2
MTE1991,2
edadefterli,2
BiswajitThakur,0
toriisan001,0
siuols,0
3lding,2
bubaic,0
luchist,0
b-amir,2
maxwelldantas,2
rielps,0
vitorgodeiro,1
OgliariNatan,1
Raazk89,0
sinnovah,0
pengads001,2
KelvinHawks,2
L-Nova0211,1
dayCod,1
BaranDoganbas,2
sroycho4,1
Ctoic,1
HugoSilva023,1
foroutanmajid,0
zeer0e1,0
dominayo,0
sohrab8000,0
Hercules2013,2
ShahkerTHD,2
superdev9082,0
Whuzurbuddha,2
dev-alihasan,2
koreanddinghwan,1
sametcandan14,1
Ywxig,0
takayayuki,3
smarteagel,2
trieuphu89,3
Dumisani21,2
mbitujames,2
RifatMuhtasim,1
Antoniomorales17,2
FairadayDream,0
MedetHasanUgurlu,1
YanWallas,2
Jvcgoncalves,2
andressa-l,1
Sakamochanq,0
DianaR60,2
joaoei,2
Shift-ky,1
EruditeCoder,2
Doaa-Tartir,0
Gambo019,2
jason-zhong1119,0
Heavenzeus07,2
wirepro,3
ajsb85,1
sagar0710,2
eagerbeaver0353,2
S-V,2
dev-win,2
Parreirass,3
wildageorge,2
kadirhzrc,0
crazedRomeo,2
steedmicro,2
rskok7,1
ivapuz,1
Retr0981,2
mm0hammadi,1
Jantababe,0
maxwellfrench,2
sinaGh-cyber,0
MarkDain,0
Williaming2,0
Sonickantana,3
mbumblebee,1
Louisathenios,3
neerajrathore,0
CossackDev777,0
gustarting,2
jamesleeksc,1
SoloDevOG,2
SARIF-MALIK,2
Visels,2
C0mputerJ0sh,1
b12snorter,0
Akshat0521,0
nking0715,0
amirrahemi01,2
Axidlopoel,0
zhyunk,0
vicarb,2
sp0t,0
risetothetop2127,1
snrifat-dev,2
vbrahimi045,0
Fatikkkk-gif,0
sunnyions,0
Sunil-Lore,2
usefJoseph,3
lincoln-ra,2
blackpepper42,2
vortexory,2
baphoret,0
david-nakamura,0
AyoubM490,2
TreeWhispererA,0
Oyefolu-CodeWizard,2
Wallah10,2
rodyherrera,2
ericranzani,2
VictorDevPHP,3
uneoka0114,0
Salimov-dev,0
LawMashira,0
aritlhq,2
PortoVinicius,2
SupTarr,2
satya5n21,2
juancarlosmiranda,1
IHesamI,0
Nessrine88,2
Aml-Hassan-Abd-El-hamid,2
x200706,2
KennyMwendwaX,0
saleh-ghazimoradi,2
FricoSimon,1
yunusemredincell,2
CY83R-3X71NC710N,2
AdrianoR85,2
woallt,2
sagorrrr11,2
devn7ck,2
ibugrad,2
ShahariarRahman,2
faustyna77,0
MohamadNematizadeh,2
Bibi1205,2
gabrieltsants,2
ARYAN-NIKNEZHAD,2
Piyush-Keshri,1
thomasthaddeus,1
marcosfshirafuchi,3
RyannKim327,2
MahmoodElbadri,2
matt-sd-watson,2
Ideal-Softer,1
TariCodes,2
hutajoullach,2
markneilcordero,0
3ina,0
rgucluer,2
luccifer00,2
Alper-Soy,1
hauntmuskie,1
abdalmoniem,1
imac1,0
fygar256,2
ttran-tech,2
JohnPaulinePineda,2
alijalloul,2
mehdihoore,2
hwan001,0
Claudio-Caldas,2
andwati,0
tugcekizildg,2
NJCampbell,2
umidtech,2
shengchaohua,0
jkenix,2
WigorCosta21,0
benny-png,1
HaidaQuant,3
aminkaktos2020,1
Nitrovenom,2
popopark,0
gamedirty,2
alimkh26817,2
TOP-10-DEV,1
TR0UBADIX,1
johnasblasco,1
notzen3264,1
archeduardo5,2
NasirAkra,1
AmanAyoub,2
ScrabyQ,0
masoudh7676,2
alan-solima,1
CodeRaptor92,2
Soheib-Kiani,2
Sohailgajani,0
goldensniper514,1
MasterFlomaster1,2
Walaaali782,1
BJ-dev0706,2
0xC0FFE2,2
Welton228,2
KubasuIvanSakwa,1
ArianDilfanian,0
marwaniiwael18,2
illyasen1999,2
sharpWit,2
semiheimer,2
heliocosta-dev,2
rfatolahzade,2
prjctimg,2
Katerinajames,3
raghdaneiazyy6,1
RafaeL-Malaquias,2
paskon-intarasak,1
LogicalAnt,2
kelverarruda,1
abbasturkoglu,0
Dantechdevs,1
bonezegei,1
Whapi-Cloud,1
rebecaoliveira19,2
saeedamini144,0
wayosu,2
thenyakamau,0
phonzammi,0
angeloliscodes,2
libmichaelm357,1
Kying-star,3
cc-Mehdi,1
FatihYigit35,2
berjcode,2
Rian021102,2
artaabedi,1
Kashumy,2
arpaci27,1
ahmadelmassalkhi,0
serkanmax,1
woody35545,0
ake144,0
Hengers3012,2
js-neo,0
mrmojololo,0
andersn0002,2
shadowy-pycoder,2
zhouxinyu,1
alebeta06,2
wonderBH717,1
wagzyAyo,2
PauloCesardev99,2
FreeFly0125,2
TAYBI,2
snow922,3
duxdudu,1
luckyboy125,0
Moholand,2
nbursa,2
charlieduplon992,2
venomsnake0777,0
sa30am,2
ReidHolmes,3
justkaboodIe,1
Aramayis331,2
mssalvo,0
pisual,0
20essentials,1
darkhorse0311,1
bedonassef02,2
samuel-cs4,1
GiovaniFZ,2
KauaMB2,1
guiac,1
KaykyPeres,3
luiz-educosta,1
Lucas32-dev,1
dju4mota,1
gilsonmuniz,3
mairaalvs,2
luizamonroe,0
GuilhermeDMLopes,2
mayconfrr,2
RodrigoFerreira001,3
antoniopedro98,0
Leonandro,3
breudes,2
MariRodriguess,2
annalaurams,2
LuanLuL,2
alvaroajs,2
dannielvh,3
AESMatias,1
elvis-kimutai,0
AGaevskiy,0
samiraH369,0
pranavbalu1,0
nafargi,1
prabh8331,1
Kevserbahadr,0
Chichiwenk,1
Saeidhoseinipour,0
vkl17,0
7hellDestruction,1
jiyoungzero,1
husainhakim,1
mjbharathgithub,2
gaciuki2402,1
jrcopeti,2
sairajnaikwade,1
DANIEL886886,0
WilliamKarolDiCioccio,2
angillaf,2
Bilalezzer,0
TLRKiliann,1
KR-EGOIST,3
marksikaundi,1
Zhang-Zhaolong,2
aniketpatidar,1
ZCG-coder,1
omar49511,1
Lukxus,1
jay-691,1
Kamrulthedev,2
mahan1397,0
IcaroJosep,0
antonio-bastos,1
Haseeb-Moheb,1
RolH1992,2
hseyaj04,2
kafui010,2
GathenyaC,2
bIitzo,1
gloooooory,2
Zspline,2
smartcoder0305,2
cpeoples,2
real-venus,0
baijed48,2
salehtikani,2
JuliGray,2
AliveIsHere,2
oumatoulacen,2
NooshineTalebi,2
vikramre1989,0
d4ncekitty,1
honeycrop88,0
Felix-Web-Dev,1
grandcwer,0
Byterprogram,2
m4rcu5o,2
mannmehta0611,0
matinft7,0
ersync,2
rachelyWinter,0
evedornelles,2
tommiful,0
talented634,2
DigitalGirlMIA,0
Kevin5831,0
IOunity,0
Gooooodman,2
hirandogra,2
marcode24,2
davidmonteiro03,0
NidalChateur,2
briansune,2
KleptoZombie,2
IliaKani,2
Chinicuil87,1
Hari-hara7,1
Neeraaaj,0
dragonpoo,0
WeiHen01,2
Darya0333,2
vickyqu115,0
m2l33k,1
aiaaee,2
Blzae97,3
Son1c-sound,0
elhaqeeem,2
Hasson23,1
JaremGallegos,1
crypmancer,1
Emersonpinho,1
erfanhekmati,2
Macgyver02,0
rramantiwari,1
drtyday,0
NikitOS-1,1
nemre,1
JOaOeduardo25,1
OleksiiJS-dev,2
karengonzalezdev,2
xiaohuohumax,2
Victimslut,1
techupgrader,2
sadullahkacar,2
aligzsht,2
morgan1119,2
RealMrSHA,2
lastmanstandingLMS,1
Imiss-U1025,2
SecretariatV,2
e-Nicko,2
ashrafulemon,2
marina-bor-23,2
Lautaro-R-collins,0
archanaberry,1
saitomizuki111,2
ByeongHunKim,2
MatheusOtenio,1
Panda-droidno,2
jbj338033,0
AndriiMandziuk,1
tahamajs,1
armansiddiqui0015,2
ap2000218,2
000MatthewJamesKalasky,0
BogdanMFometescu,2
yaseenganz,1
ChristophHu,3
yassnemo,2
henrique589,0
Guilherme-Anicio,3
DudisPires,0
GuilhermeDex,2
rodolfoinfantini,2
DaviGreco,0
juliojcf,0
vinife,0
VampyLime,0
Adrand,0
Iagoliveira05,0
queirogs,2
GuilhermeOtsugua,2
ytonykaku,0
Matheus93t,3
oalvarobraz,1
edurxsende,1
Yan-91,2
shanjii,1
biancasio,0
jvtdegelo,0
anaclaralmz,3
pedropiccino,1
eduardoferrari135,0
Ldm2003,2
JoaoPRN,3
diegokurashima,2
alelimasilva,1
gui-morbeck,0
IcaroJustino,2
onicolasmendes,2
NathanLima1,2
vagnermorgado,2
pedrotonidandel,1
debiepaiva,0
alinedsr,1
janajamarino,0
isabelaedilene,0
jmarc00s,2
marcoamlima,2
leonardoigor,2
emanuelrferreira,0
andreasmaeda,2
hcesar,0
frcalan,0
mariodias,2
MasterBlaze9,2
thegleidstones,0
carolinebazoni,2
RuanArjona,0
thalissonms,0
THnelso,0
WevertonAlves,0
RanieryDutra,1
ViniSmith,0
JuniorCNV,3
LuisFariasSantos,2
comaaki,2
LFelipe5,3
beatrizspl,2
andrelbc,3
orionsamuel,1
lucas-pinheiro-costa,1
theussilvas,2
Yokorosan,2
wagnerlustosajr,2
ItaloNCcosta,2
dp-152,0
emassato,0
HollyCreep,2
fabiosantosrj,3
ChanaLii,0
Bufige,2
BumperSt,0
Alberigi,1
newtonlago,0
geovannax,2
brERS,3
enzocauex,2
ly0r,1
Hxnrique,0
Nowazeski,0
lbgrandolpho,0
ana-clara,2
Lolinnha,0
1zabella,1
VitorMoura01,0
rodrigocampos3,0
JhenniferJS,0
Fefeeu,0
AnaJuliaP,0
DedonioHub,1
EduDAndrade,3
andreqramos,1
tiagogiugni,2
BrunoPiva4,0
JaumGabriell,0
HenriPressFF,2
LucasDavid80,0
viananicolas,0
Williamjunqueira42,2
igorVilela7713,0
dev-gabrielchaves,1
fabiana-campos,2
joaaopedromedeiros,2
Smartfab,3
rezatb68,0
darkzbaron,0
alfacrab,1
siaolu,2
MartinAbilev,0
rodrigoperes,2
daisycamber,1
theFest,0
LordOverlord,3
GrapeBaBa,1
vschwaberow,0
aminzayer,1
roodriiigooo,2
arturremizov,0
justincredible,2
onyxcodes,0
yplog,0
scottpeat,2
darren277,1
greenLogic,0
kavitaseshadri,2
J-HaleOf76,2
rockblings,1
neoOpus,0
rohwid,2
wgzhao,2
juneira,3
ahmettsoner,2
irr123,0
NickMavronick,0
stefanlaza,2
denu5,0
aimaster-dev,1
babykart,0
m4rc310RCP,1
stormychel,1
RomanPodymov,1
LukeBriton,2
julianoborba,0
nairgh,1
billyfischbach,0
doyaGu,0
mertaslay,2
luckman19980301,0
FedeDiazDev,1
csabika98,3
HarbingerOfFire,2
tarantulass,2
carlosforero,0
dhanasekars,0
omerg,1
ccatto,2
Kimbohlovette,0
NasarKamish,0
GichanaMayaka,1
labohkip81,1
uzuran,2
AudreyLin,2
jmikedupont2,1
juanjin-dev,2
saulocarvalho,0
heartshapedbox,1
0xachilles509,0
alenstein,2
mohamed00736,1
michaelcav,2
tiagors09,2
akbarpulatov,0
holoc285,2
epaitoo,2
Rasmus-Emil-H,0
RajezMariner,1
yeochul-jeon,3
AponAhmed,1
bevilacqua1996,1
VinVaz,2
uniquedj95,3
ediney,0
itay-bardugo,0
holivane,2
YumiChen,2
zittoooo,2
adisaktijrs,2
abdelhakeem,3
Davidharvey589,1
PR4S4D,0
Marc-g-Z,1
erickcarvalhomatuck,2
gadorneles,2
tgmarinho,1
anacarolina0712,0
luanasilva001,0
Gabrielabit,1
PedroDias-Dev,2
Zennitte,3
Joaoopeedro,2
Luccas-Lopez,0
PedroFigueiras,1
ChristianDantas,2
DudaPereira,0
nadfelipe,3
joaovitorfreitas,2
mateusrodsilva,2
Olivia-Morales,0
bielvdm,2
MarcoFerreiraofc,1
Matheus98neri,3
MatheusDavidDev,3
Robert-025,1
samuelnunesviana193,2
vinixiii,2
LeonKene-hub,3
wenderdecastro,2
G648,1
FranciscoHeronildo,1
RodrigoPauletti,1
levxyca,1
xTecna,0
Gabrielvsiqueira,0
lucasmoraesb,0
VMarkovicz,0
teixeirazeus,1
schirrel,2
tassioFront,1
rafnak1,1
Gustavohama,3
Rodrigo-07,0
josevalencar,2
Lsantana95,1
manzato89,2
19511979,2
giiannace56,1
sjvinicius,1
KellyCarvalho,2
githubfollow,0
maicon-oliveira,1
MarcusXavierr,2
Wellers0n,1
LucasMorais1998,1
gabrielvsc,1
criskell,1
mauvieira,2
roger-luiz,1
Daz-Riza-Seriog,2
Camilotk,1
dhelbegor,2
larien,1
felipecastrosales,1
Al3xsandro,1
adcosta,3
AndrewHanasiro,1
jserranojunior,1
York13Pud,1
fabricio-cerci,2
monhi,1
RaheemAmer,2
omimouni,2
afif-dev,2
Jorgewlf88,1
Wuffle1125,2
Sanrenan,0
genoinosonda,1
rmanantsoa,1
luisfcodes,2
Garri7,0
LeieXoyo,3
alelapi,1
jamlfy,2
darlandieterich,1
danielselga,1
fscone1,1
mtimjones,2
shirohako,2
LennonSantos,1
cakcak27,1
gracekabaghe,1
WebDeveloperStanica,0
Aerospacerr,2
gabrielcramer,2
tomazneto,2
carloseduardoalvesviana,1
alextana,1
alexandrelamberty,2
ahmedaefattah,1
rayleighko,2
andrealvesaraujo,2
FarnazAbdollahi,2
OmarAbdullwahhab,2
rafaelfl,1
deusdevok,2
Tana0910,2
NickanBagherpour,2
clarenznet,2
fajarafriansh,1
ericknathan,1
Joao-H-Esteves,1
dagsonpatrick,3
anacarlaalmeida-s,2
Stathis96,1
Ruhanyat-994,0
ypenghui6,0
CharlesCreativeContent,1
nahuedev,0
arinjayj1234,0
Adele7731,0
mazdakdev,2
batux,1
giamarit,0
LucasCorpT5,1
Claudiovitor-DEV,1
nestaenow,2
k1vz,2
bulusite,2
jcmdsbr,1
viniciusshenri96,2
1ocate,0
LaisGalvao,1
jafar75,1
rafaellmarques,1
algebraic-dev,2
e-degar,2
jose-vitor-quadrado,0
Patricia-Bandeira,1
michelledesouza,0
Gustavomichel,2
adrianojosez,1
RayanneRamos,2
mvykool,2
mlucasoliv,2
IsaiasBueno,1
Adam-Almeida,2
YouGotHitByGunner,2
AnimBadger,2
farhad06,0
brbmiranda,2
Gustateclogia,2
heinhtetzaw949,2
thallencar,2
priscyladepaula,2
anafts,0
kalNascimento,1
Mathh19,2
rarycoringa,1
mamede,2
terrakaroline,0
AnaSouzaPinheiro,0
hparashar27,1
great-dev1,0
B00rges,2
Lucky22bunny,2
EditsbyVineeth,2
bitterteriyaki,1
tilnoene,2
iagorrr,0
caio-felipee,2
anajoyceamorim,1
rfprod,2
alexpnt,2
kuina,1
OkelyKodely,2
tuong,0
mishin,1
gusbemacbe,2
AhnSeongHyun,1
timkofu,0
djwisdom,1
EdinaldoCIcero,2
karolinagusmao,2
thomsjohn,0
feyza-unal,2
MillenaQueiroz,2
LuizHenriqueMarinho,2
JessicaMotaa,1
jeffersoncasagrande,2
MG9944,2
hastibr,2
jolie22,2
hoveiser,0
Xvezda,2
mjscfw,0
pouyaneth,2
flaviaschuenquer,2
Matan18,2
roneydev01,1
mannoeu,1
GuilhermeBarroso-sys,1
Hamed71-l,0
gslmota,2
hypernova7,1
mamishere,1
ryilkici,2
gesifred,2
Solhack,2
lucasvmartins,2
cugurel,1
LedjoLleshaj,2
vahidei,2
joe2hpimn,3
eLyiN,1
dandev453,0
edemet,0
emrtnm,2
bernardojachegou,3
ederlopesgoncalves,2
marco-amorim,1
DevGabrielSouza,2
andrecampll,1
Franppires,2
AkashDasmondal94,2
Laurel-el-los-Angeles,1
ZeynepNefsi,2
OmerSoydinc,2
Mukesh-Uchiha,2
OliveiraJess,1
oleandropaiva,0
BeeperDev,1
maryam-sabzalipour,2
farhaz1o,1
nitinkondhari03,1
flaviadanielareisenauer,2
mohisa302,1
zdeiby,0
lavarinimoreira,0
adam-eques,1
SharaGB,3
mohamedabdiahmed,1
bush1D3v,2
raphaelalmeidamartins,1
flpfrnc,3
diasbruno,2
gustavoFreireS,2
sarahraqueld,1
italorossi,3
OnurBaha,0
rafasfz,1
Francielefernandes06,1
Bestar-A,0
Ociba,2
TatevKaren,1
glaucobeserra,1
marcospb19,0
digzom,1
LeonardoAragaoDev,1
leon-siqueira,0
wlademirdumaresq,2
RuaniFilipe,1
kezialves,2
leonardohmaia,1
pikonha,1
pmarcus93,1
alfa-m,2
Glerme,2
devlolla,1
andlz21,2
carinadidomenico,2
pamellabiotec,1
Lorenaps,2
Karinemoreira,2
thaianecespnl,0
alessandraluzm,1
Gabrielcsg19,1
Nogueira-lucas,0
sigrid-fr,2
elderon89,1
lunanie,0
AlyoshaS,1
socheatsok78,1
lincolnbrito,2
tarsilatereza,2
lira,1
dandaramcsousa,2
phenriqueleao,1
Jessica7,2
feliperli,1
edujtm,2
mb-neto,2
GabrielNSD,1
weder96,1
ericanoronha,2
RaycaOliveira,0
lina-ds,2
mpfdev,2
lahgomes,1
thaispanisset,0
GabrielaValente,2
Lo-Miranda,0
dev-luizf,1
julia-baptista,3
rwmsousa,2
rafaelvictor88,2
guicouto90,2
vdionysio,1
gean634n,1
felipedias1,0
leandrolid,1
Fedolfo,1
netomachado,2
cesardddp,2
lucasoliveiraa,2
iCharlieAraiza,2
semamercan,0
alialpay,1
dzc0d3r,2
PapiHack,2
yesraoz,1
redjoker011,1
ConnectionMaster,3
rowidanagah,1
lorenhicks,2
LuzianeFreitas,1
24bulut,0
mburakgunduz,2
canyksl,3
beyzacskn,0
ZelihaArslan,2
JoyceQuerubino,3
anagjorge,2
nurhayatketenci,2
naikshubham,2
lucastoll,2
fransilva0,1
lucianets,2
reijaine,0
Narayana-Brahmajyoti,0
mellmiranda-zz,1
anicelysantos,0
rena-cruz,1
jambsantos,2
julianab14,2
DeboraTaveiraa,2
coelho-na,2
felipegarcao,1
irshadbaruah,2
byJohnJava,1
monteirocamis,1
anyssa,3
pedromaxado,0
yasminromi,1
jessicatcr,3
igorlemes,0
rodrigo-brito,1
LessaAugusto,1
EwertonDCSilv,1
BeatrizBacelar,1
IaraHaizer,2
alinerteles,1
vlruiz108,0
anallutostes,0
chrswndrs,1
adelriosantiago,1
j33l,2
benajeer,0
rezendejuliana,0
ce0th,0
abdonmorales,1
Fwzia,1
pan93412,1
csbanon,2
jasperblues,2
kaizer1,1
metalsimyaci,1
nguyenhung1102,0
firdauskotp,2
kev6070,2
MohamedAbuAmira,2
furkan-ceylan,2
Kauefranca,1
Iluhaprog,0
ReanSchwarzer1,1
AndryRafam,0
MisterDaniels,3
raghav-wd,1
paulopgss,1
WilliamOtieno,1
GuScarpim,1
eddmartin,0
mshayden1998,2
sharkAndshark,2
jessicakopps,2
eduuh,2
Kivanc10,2
mistertest,1
khalilcharfi,2
twsm000,0
Joseane-Guedes,2
EngMarianaBrito,2
abra,0
gmalyshev,0
a-bemporad,0
marcospaulor,2
alinealien,1
ItaloFabricio,2
hortty,2
FreitasLucas01,2
Patricia-Silva1,2
fhuffner91,2
Lorenalgm,2
jvhk,3
anaspaiva,1
Igor-PR,2
ricardosm,1
Lopezflorencerodriguez,0
melihbodur,2
GabrielFSSantos,2
huriellopes,1
freddycoder,1
kserks,0
yoshiya0503,1
longlinht,2
vuongtv,0
marcopandolfo,1
MellonFive,2
azihassan,2
panoti,0
evanhutomo,2
jmcabandara,1
volkovasystems,1
KommuSoft,1
ugioni,1
Francisco-Jair,1
dev-DTECH,1
AbdullahRexha09,2
hariwicaksono,1
StellarSand,0
Abdurahmanm2020,1
mk-milly02,2
s0lus,0
the-akira,1
dehoyos9804,2
Victorgonbu,1
mdurular,0
riandeoliveira,1
MayankValechha,1
mercyog,2
AKASHCS50,2
Tiago-devop,2
DenisYakovinov,0
Noah670,2
perfettiful,2
LeonardoTorresRodrigues,2
liquid1331,2
chaewonkang,2
rafaelnacle,2
Billy272,1
alrepin,2
SuryaPradeepM,1
melsayedshoaib,2
AristosAchaion95,0
UKV1729,0
jmnyarega,1
dang-w,0
alexchristianqr,1
patrickrios,0
prothen,0
amanda-gomes,1
caioalexleme,1
jaajakaiye,2
MirayXS,1
hamiecod,2
Vesta-Nassone,2
jaaymes,0
UlverGuara,1
VeoScript,1
king101-bit,2
thiagofreitascarneiro,1
luisjeremias,2
aindrila2412,3
alibougarne,1
AyseYuksel,0
Muhammad-Osama-Qureshi,2
khuonglnguyen,2
adnanyangilic,2
AteeqRana7,1
alexanderfluna,2
yurimds10,2
yvan-ngoahitsi,1
FernandoLimas,2
kmiqbal19,1
ktkization,3
Henrique-Miranda,1
JackieTreeh0rn,1
goobemaster,1
ankit25821,0
ashfaaqrifath,1
Touseef-haider,1
AbdulSaboor16,1
Bornunique911,2
dellarosamarco,0
elounimedamine,1
queensk,2
belomaxorka,2
Demul1,1
joelsonejr,2
shrushti2000,0
Lukenoutte,2
LuizGustavoDiniz,2
EricksonSiqueira,2
mudu93,2
TiffanyHoran,2
pjuszczyk,1
Navid-j,2
ilk33r,1
dogukanarslan,1
omidPakshekar,2
dropihs,2
tweenietomatoes,1
Naween-Pasindu,0
Ckm54,0
JheniferChrist,1
juliobaccin,1
CryptoKstar,2
bsnoor,0
slima96,1
FelipeBelloDultra,2
ktquez,1
MarkusEicher,2
elh-art,2
swift1719,1
Errytagedesign,2
erenkulaksiz,3
saifurrehman4114,1
PaulaSena,2
IvanShavliuga,1
whiz25,1
LeaveNhA,1
Rastrian,1
eligustavo,2
israelsantana01,1
YasinBlackhat,2
amitntrivedi,1
walison17,1
AKhatabdev,1
indeshan,2
0x1881,0
ArturRod,2
jonasmachados,2
freetart,0
jeovanedossantossantos,2
xZAYEDx,2
minguinho26,1
AngelinaAngel,1
maesterzak,1
rezaaskary,1
ikbakk,0
Scemist,1
zyk0615,2
quavo19,0
devchimpa,2
dman82499,1
cryptoradar-co,2
Amadeo-Frontend,1
SamanPradhan,1
Renato15767,1
rwietter,1
Shanan93,2
n0ise9914,0
bestmahdi2,2
orivelton,0
alishi973,2
Ariadne3512,0
zengqingfu1442,1
dav4thevid,2
bottlehs,0
AlexPNO,0
haneyume,2
GabrielBraguin,3
byronzhu-haha,0
LuisCSGuimaraes,1
erickgtzh,2
dschulz,2
d-fal,2
karad,1
lubry,2
MardonisAlves,3
di3goleite,1
kdgyimah,2
chrisbarnes2000,2
Remysonrodrigues,2
efemevlut,1
charanquartz,2
Gabriela22204,2
LariSantin,3
oli-moreau,0
maligaurav947,2
mehribanko,1
andersontrkz,2
web2ls,2
gagermaniac,2
bashar0091,2
GeauxWeisbeck4,1
samueldata,0
sthevanbello,0
Fatemeh-Emadi,0
Rodriguesss,2
021Mgk,2
mirjr,1
winterrdog,1
jdcanete,0
brunobgr,1
Dulon18,1
jaymesC,1
bagasstrongman,1
ah-nemati,2
sieleemmanuel,2
Harshal0902,2
SonGorLick,1
kaoutharElbakouri,1
babaie774,1
YasinRezvani,1
WilliamSilveiraF,0
chrislucas,2
luckyr13,2
joesuf4,1
YBiryukov,0
d4rkn3m3s1s,1
ademduran,2
mathstylish,2
mariamourie,1
siavashsk,1
fanishah,1
BiologyTools,2
DennisRono,1
FilipeVMartins,2
mjlee34,1
sajjadali54,1
Psianturi,2
sakkke,2
prxncxss03,2
rt-hamilton,2
amberrdaviss,1
mervesozkesen,2
NishaJoshi666,0
tjennt,1
nergizozgeerdagi,2
adi-s,3
ruchi2ch,0
Geovane33,3
gmm9,2
juninmd,2
Tonybsilva-dev,2
natanaeldeveloper,3
TheusNco,1
DouglasVarollo,0
Brenerr,2
jacianeoc,1
venuziano,2
reimon,2
MatheuSilvaSant,0
rafamatia,1
elizeubarbosaabreu,2
kanyijoshua,2
filipevsco,2
motloch,1
prateekralhan,1
hmjatt,2
juanlucasl,2
oscarmmi,2
jesussantana,1
mahdi1280,0
Nyandago,1
KattsonBastos,1
LuannMateus,1
medaminefh,2
gustavonvp,1
Arianess,2
tostechbr,0
matheus-mf,2
ljlm0402,2
brendanmurty,2
bmpschneider,0
kijimaD,1
hgunay,1
kdmoreira,1
tfeliperibeiro,3
Rodrigoxalmeida,0
leandrosimoes,1
SOHELAHMED7,2
IslamHeggy,2
1995parham,2
sarahemmendorfer,0
brunopazitto,3
Marilui143,0
Paferreira982,1
merilyncris,0
maiagripp,1
fatimachine,1
nathalianutri,0
Angelamutsumi,0
FernandaMoura,2
thaisminas,0
maykon-oliveira,3
deniseschirmer,2
Emerson26061985,2
gizele233,0
ceofast,2
RafaelLSilveira,1
GregorFabjan,3
enesmaster,2
Valmario,2
minionstar,2
Rhaniacris,2
fndcaique,1
sauloveigr,2
henrique-roldao,2
NikolasCaldeira,1
viniciusnunhez27,0
lukas1013,2
husniababaeva,2
carllosrene,0
brazilianscriptguy,1
guanlinz,3
juahadinata,1
yevheniiairapetian,2
robbycarter,2
morevo,0
wellington-tinho,1
Lovely-Ruby,2
legeannd,2
gabrielrmsantos,0
enivaldoqueiroz,1
Alyssonmach,1
junicola,2
Queiroz-Dv,1
iagokrt,1
andressansantos,1
mahdipakravan-dev,1
jpm1996,0
Tiagovcdbr,1
goldfishlaser,2
HamzaAnis,1
Brillianttyagi,2
jarbasmferreirajr,1
Anajaraa,2
odaairlopes,1
T-stoilov,1
P0sseid0n,2
thomas-niko,2
juan-formoso,2
Maximos007,1
lucas-salves,0
EricksonDutra,2
thiagosullivan,1
beatrizbelluco,0
MohamedKhamisMostafa,2
RayanePereira,2
karim-aboelazm,1
ThiagoTatico,1
amaurybsouza,1
gbelther,2
tiago154,1
louiskapatos,0
StephKeys,2
RejayMorada0,2
Erric-Muller,0
TomsMater,1
gustavodetomi,1
joaotuliojt,2
guisantosfr,2
carolvalenca,1
emannuellymelo,1
kimjoaoun,2
Nick-Gabe,2
pedrogoncalvesnt,2
jecrs687,1
raonyguimaraes,1
tiago-web,1
MailsonSilva,2
BiancaMalta,2
JennifferRufino,2
raphaelbusquet,2
marcusvictorpessoa,0
luchiago,1
wadson-pereira,2
euarthuralvess,1
agustif,2
JohnMwendwa,1
BEPb,1
befoulers,3
jfullstackdev,2
Thizh,1
mxmnk,2
aryashah2k,1
tomast1337,3
rescenic,1
hanzelkaraagac,2
paulo-magls,2
piaocreative,2
ValentineFernandes,2
murapadev,1
PHPTCloud,2
Friedrich482,2
Elbagoury,1
kenjinote,2
OFLU61344,1
ualehosaini,1
Omar95-A,1
omololevy,1
unmitra,0
the1Riddle,0
IDouble,1
Syipmong,1
vickkie,1
spider0317,2
akash-tk,2
Novusvetus,1
agathafr,3
HosseinJafari2001,1
stan8086,1
somekindofwallflower,3
sajjad-salam,1
Makitey,2
Frosmin,3
starcluster18,2
LukeberryPi,0
MrMDrX,2
tatsuyafujisaki,0
HeannaReis,1
CarlosZoft,3
manulthanura,1
ip681,2
tymsai,3
sefakozan,1
Anteste,2
gamemann,1
TG922,2
hocinebouarara,0
ikramagix,1
cherucole,2
whitenight-eco,1
ashwinikumar01,2
iamapuneet,2
jarvis-acv,2
mahseema,1
MdShawonForazi,1
web-cloudy,2
armancodv,1
xyzhanjiang,1
nicolemachado,2
Sam666O,2
Thiago-Nascimento,1
Ruth12mak,1
Emakiflom,2
KCblama19,2
6hislain,1
morganm94,1
ChefIronBelly,0
usj-django-dev,1
tortuc,2
marialobillo,1
Kobra-soft,1
H-K-R,1
EDGI9,3
robertolima-dev,1
george0st,2
julianacastilloaraujo,2
marianapiccolo,2
GabiDeutner,2
CleuJunior,1
FelipeSDS23,2
sunn1day,0
canesche,1
habibfcn,1
MohamedAyman22E,0
esin,2
gustavo2892,2
marcbperez,0
oliviawilson2003,2
Wei-1,1
SoumyaSagnik,1
Charles-Chrismann,1
azlkiniue,2
Abdo-Mohammed-10,1
mortonfox,2
vahidefarzane,1
raccoon411,1
hmikihth,1
mustafacagri,2
TaronVardanyan,1
otienogeoffrey812,2
arnaldotecadm,3
hectormenendez,1
faalbuquerque,2
chrdek,1
aplus-developer,1
Sherlockcxk,3
mahdisml,1
cumsoft,1
Taimisson,2
yua-9,1
RooTinfinite,1
marciodanielll,1
EdiJunior88,2
Arham-12336,1
codewithJosh,2
inGyni,1
JsIqbal,2
natalia-fs,1
mdtanvirahamedshanto,1
alegauss,1
Zizwar,3
aliaszz,2
leosales,2
mrmajid007,0
apollo-hero,2
tatsumoto-ren,1
FulvioFPimentel,1
Thuotracy,1
Iqbolshoh,1
vinicius-goncalves,2
Nakshatra05,2
CarlosAlexandre197,1
eingress,1
Raii-Azevedo,1
ChandanD1,2
FragozoLeonardo,2
GilbertoScript,2
CrazyIndianDeveloper,0
ethanflower1903,2
mortolian,1
tnbie,1
umutphp,1
lxRbckl,1
egoan82,1
seo-asif,1
bbypink,0
alineai18,1
seniorvuejsdeveloper,1
bluebinky,3
wallysonlima,1
Ujang360,3
vibhuthakur9911,2
gold231,0
KylerCondran,2
DebashsiRoy,2
dawn0123,2
HamidrezaBahmani,0
RafaelGallo,2
84d010m08,1
arnab132,2
IamJapneet,1
D-Mass-RR,1
fivetop,1
mathiscode,2
giinie,0
Cyebukayire,1
pholoshos,1
standardgalactic,1
Ambesawi,2
RodrigoVazOliveira,2
sanamhub,1
lodhik9,3
Motirck,1
David-Braz,1
try0,0
ronantakizawa,2
corasphinx,1
x3ric,0
yxwzaxns,2
RINEARN,1
LuciLua,2
Malihashahi,2
japoewn,2
enzifiri,2
idimetrix,1
0x0geek,0
ahnshy,1
djvelimir,2
tulna07,0
ShaheenJawadi,0
JubayerRiyad,1
mondalsurojit,2
kevin-06-huang,2
Kapitany777,0
Mattral,2
visualGravitySense,2
zeneiltongpdev,1
HiWebDev0026,1
aclaraamorim,1
yasssuz,1
danqzq,1
diogomoreira,1
igorconde,2
diwalker,1
max-ray001,2
smart0107,1
OfficialCodeVoyage,2
F3lip32010,2
pacyL2K19,2
MohamedMesto,2
maral272,0
AthosFB,2
gavanlamb,3
syui,0
maaferna,1
AlvaroIsrael,2
ayogun,2
www-root,0
GrayMamoru,0
medzino2000,2
jaseva,1
samarjitsahoo,2
emirkaanozdemr,2
silvered-shark,2
aldrshan,2
Lauskas90,3
juliuszlosinski,1
AliBahaari,2
MightyTechNinja,1
AndersonDinizDev,2
dybbuk-dev,2
JackObid,2
CrimsonSunrise,2
Josephglz,1
chrislima,1
hacker8853,0
al102030,1
abdelyouni,1
heinrikdev,2
arunkpillai7,2
unhappychoice,1
rationality6,2
leanfj,1
iCarly2007,2
V1nni00,1
src-mgra,2
Isaquehg,1
iamdulanga,1
warmice71,1
aditineemkar,0
Satyamkumarnavneet,1
yokingma,2
gbowne1,2
LegendaryNaix,2
Bubhux,0
njavet,2
changhee123,1
r0xd4n3t,0
itsKayWat,1
AlexNesvit,1
AlnurFaisal,1
instrik,1
iamgucci,1
grzesiekmq,2
N3NEKUSANGI,1
SE-LAPS,1
Giangplay,0
jimrasel,0
kulikov-dev,1
NathanVRyver,2
Necoo33,1
Epaphrus,1
slamj1,1
MarioAlbano,2
MohamedAbdiaziz,2
K1rsN7,1
Neibce,3
offline0x33,1
Amir-Mohamad,1
fcosta-dev,2
joaoow,1
AlianeAmaral,1
DenisAzeved0,1
KAYSILVHA,1
yyle88,2
motasimbillah628,2
muzykantov,0
Connor9994,0
aash-gates,1
yoosofan,3
nholuongut,1
alinebastos,1
ShabnamDeveloper,2
jay-Anonymous,1
DCbrown,2
piordev555,2
DaryllCulas,0
rogeriorioli,1
PolarisDv,2
fariasmateuss,2
orgamiryazdani,2
Nilliam,1
gmahota,2
45288,1
AkuraDiary,2
Ccangaro747,0
renawmontanari,2
15923-ORIX,1
S-PScripts,2
LucasAlv3s,2
gui25,2
apple-fritter,1
Rzyzh,0
Chitus,0
LTHCTheMaster,2
dsfb,1
luanfonceca,2
39451,1
LariMoro20,1
mahdiyarsalavati,2
ANThonyRix,2
matinsajadii,2
Safeya-Yasien,0
lvisb,2
sotos22i,3
Leonardo-Burtet,2
gui-ribeiro66,1
emirmorgan,0
MrRo-bot,2
KaweMaximo,1
ashkan0201,2
elveahuang,2
cemaltopal,2
Soldy,2
WalaEddine01,1
DIMFLIX,1
LUCASDESENVOLVEDOR,0
FACorreiaa,2
otaviossousa,2
shijithpk,2
joannaneves,1
mahdi-eth,1
Kerminator1973,1
FFUV,2
Brainydaps,1
yosbelm,2
evidentart,2
profjordanov,2
thebint,2
ivan-karaivanov,2
VadymMakohon,2
sungeer,2
GoldenDev321,0
mayefa10,1
Goldenbwuoy,1
Boyquotes,1
ElliotOne,1
HedonisticOpportunist,2
Arvinrjb,2
paule32,1
lulunac27a,2
vroncevic,1
jonkirathe,1
LinuxJS,2
gooddavvy,2
qawemlilo,1
nullptrException100,1
kezoponk,1
recieire,0
studio42gmbh,1
amirnobari,2
MiderWong,2
cshellz,1
jelspace,1
xbandrade,2
Alex-bytedroid,2
dayanamaia,2
Danaxar,2
sharifulcoder,2
zahrabateninia,0
SwapnanilAdhikary,2
psharifi1997,0
Vermisse,0
natsalete,1
Magicianred,2
chritianegozza,1
ocvcoin,0
Rafael2026,2
joyalshaji135,2
BATUHAN-ANKARA,2
Uxoa,2
iurysantos-hub,0
neuromaster,1
IODevBlue,2
lucasrmagalhaes,1
fabnicolas,2
MayraTstrella,2
chipnertkj,2
hotcoding85,1
karthik558,1
Fatnaoui,0
Younessboumlik,2
flaviopavim,1
banji220,2
aptsharp,1
RafMo20D,3
bouvens,2
JuditKaramazov,1
matyha345,2
luweslen,1
Kareem100,2
tata7772,0
lgtome,2
hiwebdev26,1
sepehrshakoori,0
farukx,1
mfortunat0,2
At-sushi,0
vivekweb2013,2
sandypiropo,1
a-bentofreire,2
cfrBernard,2
Ali1Safi,2
emmanuelvelmo,1
julianfrancodev,2
ibugithub,1
Kourosh-Hassanzadeh,2
Mahdi-Golriz,2
fxone10,0
drkameleon,2
aeke,1
Mosensei7,1
Gizachew29,1
alikhazaeii,2
Neves369,2
lcds90,1
Niatomi,3
Mathenge-Alex,2
3D-Dev,2
gogodze,1
ndolocr,2
cbluth,0
amiu404,2
mubaidr,2
iroot3,0
leitecsleite,3
Rachad-Alabi-ADEKAMBI,2
rishike,0
kisese,2
leovargasdev,2
Uziel79,1
Swarnika07,2
jnnastti,3
Krypter93,2
DanielpRibeiro,2
taylordanger,0
riseansmal,2
MohamedKrd,1
Ravi-Dahiya-00,1
TebogoYungMercykay,1
Daynlight,2
italo-mauricio,1
CAVIND46016,2
LuanSouzaProg,2
IZGI-A,2
wenceslau,2
hknaydin,0
tonykevin,2
YeshwanthKM,1
CallbackCat777,2
Runa-Chin,1
MiguelBrav,2
peterclemenko,2
kourosh07,1
bot20200722,0
ShonHarsh,2
Moustafa-Elgammal,1
abe27,1
helloLari,2
LoqmanSamani,1
alwspiderc,1
itepifanio,1
mariaazimi,2
marcusshepp,1
alexandrule,2
cosmohacker,1
LinuxPath,0
Timofey3085,2
ahmetulucay,0
CoconutLorikeet,1
kexi,1
jk4freedom,0
VitaminC1211,2
BetaniaLoboViana,2
mohamad-khorsandi,2
ogunsoladebayo,2
davimonteiro7,2
marjanovicbrane,1
panchosoft,3
Ruddernation-Designs,1
DavidSilveira80,2
nstrydom2,2
Giovane-F-Moreira,1
mlestrella843,2
EvarinDev,1
rishabhgokhe,2
urveesh28,0
umerfarooq8743,1
khvci,1
liling0509,0
henriquejunqueira,2
d3v1sh,0
doetotime,1
orhan8422343,2
CharlesDerek,1
aleksandramuraveva,0
ferdiunal,2
brian-salvatore,2
TaliResearch,2
Miraculous-Arathi,0
naqeebullahcoder,1
Thoufiq-Uchiha-23,2
rolspace,2
adahra,3
mstraughan86,2
berlinlee2025,0
umbertomig,1
Saulomsantos,2
XF0707,0
AbaSheger,2
jcamposmelo,1
AppServiceProvider,0
juliofleitas,0
Mahi-Kanakdhar,1
wanessa-antonio,2
Aran-tm,3
cgrundman,2
RamonLarcherRibeiro,0
surapuramakhil,0
0joseDark,2
kukarekalka,0
di3goCS,1
randyaajr,2
Joknaa,2
JulianoSchaurich,2
Bobotech79,3
krkarma777,1
FlutterSmith,2
brunohendias,1
paulobrandaodev,1
V-Matheus,1
cwinland,1
HenriqueCCdA,2
rayhaanalykhan,0
ThainaSchumann,1
HelenDias,1
neodigm,1
mellyssamnds,2
petrozavodsky,2
Pars41,2
hwpplayer1,1
thepiratehub,1
PanGan21,2
EduardoNunes5,2
Ariane-Brum,2
federicorex,2
filipebteixeira98,1
git0802,1
Amarjit-ph,1
ehrktia,2
RochaDenis,1
BhuwaneshNainwal,1
TavinhoNZT,1
gambling-addict,1
jasixiedust,0
karr-x1,1
jnthmota,1
marilourenco,2
Leonardodognani,0
shahrilhamzan,1
MosbyLeia,1
laurence57l,0
FaezehRahimian,2
saegus4,2
heitorbrunini,1
Epitome87,2
swdreams,2
naruhitokaide,1
nastaranmofakhami,2
lykmapipo,1
Chunnyluny,2
pinhe91,2
GravetoGeek,3
cannudo,2
JCSIVO,1
ReginaldoCampelo,0
byteface,0
hesam2801,2
karmaniverous,1
zanotta,1
Sartaj-Ali,1
artjmaria,2
Dedakup,2
krushnarout,0
fazaimron27,2
stainless-nata,2
vianabsouza,2
tincho,2
baninpezhhan,0
bley-gold,2
sagarm365,1
hoseinabedi,2
Carlos-Augusto-Roque,1
orvil1026,1
artHub-j,1
adrianiftode,2
Abhrankan-Chakrabarti,1
Galvesmash,1
himansrivastava,1
Ikyrillos,1
sh1n3sh1n3,1
taisprestes01,2
samanes11,2
TopGuru777,1
JacksCodeVault,1
bboysidou,2
depapp,1
amirebadi21,2
tonic-6101,2
ironcg20,2
diegobaena89,2
ibnthami,0
VladSkopenko,3
leadpassion,2
likhonsheikhofficial,1
feliperfdev,1
GuilhermeTerriaga,1
juliana-happatsch,2
yochannah,1
peter279k,1
encryptedtouhid,2
pfuri,2
mwarcc,2
vcwild,1
vanesa33,3
esraarnusaslan,2
Adnan25z,0
JulienZe,2
Arthurrfreire,2
ThiagoSantosOFC,1
mehmetbacik,2
trinhminhtriet,2
KostasSliazas,0
bhza,1
niushaghavamii,0
po1206,2
gabriel-hahn,2
SimonePenido,2
paulolopestech,1
YogeshDharya,1
GustaDaHora,0
miguelex,1
pfuhrmann,1
D4Fi,1
Elenavz83,2
sabbir-noyon,2
silvesterwali,1
deepsea514,2
emanuelmassafera,1
erosk616101,2
ever1509,2
destroy-boys,2
nanadiy,2
sarahdanesh,0
pierresouza,1
eusouakell,1
jaglux12,1
rashmi-992,2
royaals,2
Aziz-AXG,0
dongwookkim3,1
rafhaprates,1
naman1608,0
jaavier,2
Benjamin-cup,2
mrKodat,1
artkirienko,1
duongminh318,0
MiladJoodi,1
Maxwell-Muthui-Mwangi,1
Sina-Afshar,1
omermertkaya,0
asxez,2
ortonb110,2
mdhachem,1
omoghaoghenemano,1
drujustine0122,2
hassan20566,0
elzup,1
ab25cq,1
Lenakirara,2
xValentim,3
navid72m,1
godyracks,1
PetaTech,1
lucassklp,2
printf-ana,1
MassoudJavadi,1
Mirzzie,2
Manavalan2517,0
PeterDiyo,2
Mkrdsli,1
Torbet,0
suglasp,1
habibundayishimiye,1
AIDABGI,2
realesin,2
MariaEduardaTheodora,1
jakubsheldonn,2
SWxEng,1
hu8813,0
fernandomachado90,2
JinSSJ3,1
ageldama,0
loktar00,0
xerx593,0
sergiss,2
arjuncvinod,1
DanielArturoAlejoAlvarez,1
kaxiii,2
mariana-cristina-dias,2
douglaslimaxx,1
Henri-BS,2
Kiimmiiya,3
sulaimanbiswas,1
yedekmoderator,0
JhowReis,2
emilysoueu,1
lucasnapomucena,2
EddyKubwimana,1
josemalcher,2
reisdev,1
TainaPimenta,2
anacarolinacv,1
lenodeoliveira,2
MoisesMsa,0
jaimerehbein,1
LakshyaDuhoonISU,2
maryamdnn,0
goldenfinix68,2
scidroid,1
XXANTERIA,1
gulliverspace,2
TexasCoding,3
philippogol,2
olavoparno,2
leonardoquevedox,1
evertonnatan,1
Super45coder,0
Lucas-Wanat,1
Zubaydullo,2
CursedPrograms,1
ZahraHosseinkhani,2
irisalmeida,1
giovannacollares,0
GuiiCNunes,1
MarcosRibeiroJ,2
giordanorn,2
StyvenSoft,2
PlumpMath,3
Rez4-4,1
7CodeWizard,2
MaryamFereidooni,0
vinibgoulart,1
xchanmolx,1
jennyffermorais,1
DaxSoft,1
organicnz,1
vicenteconejerosdelacruz,2
luizfilho46,3
charles-bezerra,1
Mazuh,1
Eastwesser,2
ashem1100,1
hosseinimh,1
TimMikeladze,0
peterruler,0
R-K-H,2
alejyoo,2
maryam-kazemi,2
itsparsh10,2
cypherm0nk,1
jahaidul,2
dutofanim,2
Abodawoud,2
scalarwaves,1
tientq64,2
mahakkhajeh,2
FJahanmiri,0
bergpb,3
talescoelho,2
mateoiba30,2
fundon,1
quark00,0
CharlieGreenman,1
TeacherSamanthaSilva,1
david941352,2
Lukasdias,1
GabrielPivoto,1
vinayakkankanwadi,0
NYOGamesCOM,3
ilertha,1
ArminKardan,2
NazmusSayad,1
superdragonstar1226,2
SOLPr0digy,2
rkhalili83,2
Peti6inge,2
alexanderaugusto,1
Ilgiz1968,2
mrLevys,1
conorheffron,2
mwickerson,1
abaoo3,2
AI0228,2
Lukeofwar,2
FPyC639,2
zikani03,1
ilyesw,0
Soheilja28,2
odest,2
mengaww2ya,0
Gustavo-daCosta,1
iiinaraaa,1
jaquesilva,0
shhahhussain,1
Motaman-M,2
maclararose,2
otav-o,2
daniserafs,1
ttakkku,0
hadrizia,0
joseallef,1
MehrajLatifli,2
KiithNabaal,2
Yadev7,1
tajbender,1
farhadrezvani,2
manjunath5496,1
NitrixXero,2
Alexandra2888,0
hope-423126,2
isikerhan,0
santiagomota,1
agescura,1
ilkerhalil,1
kroitor,1
screwIIum,1
Dev-HideyukiTakahashi,2
cavaevinci,0
Mehak-Kamran,2
N1CKWEB,2
Zainap16,2
rd-oliveira,2
choonghyunryu,1
filipmariania,2
Gezal1382,2
Fatemehkiani2002,2
algebric,0
aylar-ghezelbash,0
mariasalvadora,2
ali-hassan-dev,2
ravenmk3,0
kainonly,1
six519,0
reza-rezaee,2
danialtorkinezhad,3
larissadantier,1
heltonricardo,1
plcr9,0
inkaonkala,0
SumitKumar-17,1
caferbayram,0
SeppPenner,1
livedeveloper823,3
isa56,3
Felipe-Souza-Pereira-Lima,1
ElifSinemAktas,2
nekoprog,3
rubsxyz,1
mhmdghaedi,2
rechiheaghie,1
TiraDevHead,1
valtercioj,2
marianavns,2
SamuelSSan28,2
Oldroge,2
minhadona,0
Shahzaibfardeen,1
VanessaSwerts,1
BoulidamAbdellah,3
sufals123,2
coskuntekin,2
Risyandi,1
milsaware,1
mr0ravi,2
FarzaneF,2
laryscampark,2
t4lu,0
patriciatozi,1
pierinijr,1
profedvaldo,2
roman-shneer,2
thai-dinh-tam,0
dimitriwalters,1
WhiteSymmetry,2
mi6paulino,1
PedroCarpe,2
anbgsl1110,2
MatheusHonorato,2
pauloamed,2
adorilson,1
rc-chuah,1
MateusRodriguesF,0
joseffreitasjr,2
OliverLeitner,1
alieeahmadi08,2
nelbetancur,1
EliasGabriel1,2
urielbochi,1
WalterTNFC,2
Filipe-Bacof,2
Nelzouki22,1
PetersonPortella,1
Data-Miner99,2
hyeonprojects,1
olariuromeo,1
yfractal,0
krysits,1
ermolnik,0
joyfulmagician,1
mohammadhasanii,1
zinping,2
joemar25,1
AnitaSobhanian,0
itzShreya,0
PieroCastillo,2
guidpo0,1
octaviobarbosa,3
nicky-day,0
Ramazanoruc,2
Uks130322,0
caioagiani,1
ehsanx64,2
fedecarles,0
vdumitraskovic,0
M-Yadolahi,1
aburraspace,0
LUIZFH,1
julianyraiol,1
felipeanndrade,1
1p22geo,1
SherzodAxadov2,1
casch-at,1
tk103331,2
ricidelphy,0
seyfer,1
sanikkenway,1
Cboy220,2
SaadAbdElGhaffar,0
phanatagama,1
SpiritMark,1
deromafilossali,1
Thaiane,1
renato3x,1
andradeigor,1
Programmer-RD,1
emaanuelsilvaa,2
ViniciusBSilva,0
joicyoliv,1
Alice1611,0
patevs,2
RellikJaeger,2
andybeas,2
nw-wood,2
mgm8,1
CsarGomez,1
AgungHari,1
Amir100200,2
TrixSec,2
Ebidabiri,0
euaaron,1
MdAshikurRahman,1
AvishiGan,1
angeldevillover,2
carolinaemanuele,2
Sufyanhamza,2
junguler,0
brunasiaovn,2
mwt,1
edward7770,1
gerMdz,1
Vendeta430,2
gsampaiowz,1
innng,3
SelimHorri,1
Carolis,2
flavioCoder1,1
lorenatoscano,1
barbrina,1
HananFA,2
wattai,2
relson,3
cain2,1
jackbereson,1
piterjb,1
RabbitTigers,2
Sou-eu-Miguel,1
ariandanim,1
Qabeelisme,0
mtgrunt,2
nidabaci,1
in-jun,1
olafhappy,2
shahrowz,2
giufiorenzano,0
pedroven,1
amandhawb,1
RHMontreal,0
Mikiyas6,1
vmakksimov,0
Pethumshyam6611,2
Thairu-dev,0
Ljolik,2
adamriaz,0
asiill,2
uplusware,2
seaidear,1
ArefMq,1
MatthewMacri,2
Suu021,2
lakshpandara,0
Cividati,2
diegohat,1
TangyOrigami,1
hornvieh3u,0
fredericksalazar,1
tylim88,2
mrothauer,2
AbMosawerWadan,2
mhmdhoseinzade,0
smartcoder0310,2
danielsouzaaf,1
gustavorpd,2
greati,1
Okekejr,1
divyanshece,0
davegermiquet,0
ManoloPina,2
judyfong,1
RealDiligent,0
melino-dev,3
DHANUSH21AD,2
seidenfuss,0
lucas-santos,2
RafaelaMicaela,3
anacsv,2
kakacordovil,2
gabriel-russo,1
RaulAndres0819,2
LeoScripts,2
honeydatax,1
AlaouiMdaghriAhmed,2
eremohn,2
irinacadu,2
tanvirulislam912,2
carsimoes,2
emreavcilar,2
lollocenne,1
redLiquidator,2
apollon282,2
ADItya0367,2
kayukeee,2
HastiNeg,2
Amir10t,2
breno-alves,1
Lucas-Araujo15,1
lprimante,1
stearruda,1
devCleidison,0
thiago-gmacedo,2
josedoce,2
Michelledng7,2
nicholas-yo,0
MuhammadMujtabaa,1
subu53,1
patkon,1
iturbides,2
mvaibhav131,1
hipolitorodrigues,2
technestme,0
MohammadRezaTarahomi,2
Suyannesara,1
binhorochatrybe,2
Vbanety,1
RafaelPrincival,2
MdRashid62,2
KanagawaMarcos,1
arthur-hc,1
ImaniAN,1
gchiquetto,0
saderuuu,2
onkiratu,1
GhostIrish,2
PracticName,2
emersonlara,3
JohnClema,1
weiyilai,0
Skipper-116,2
safaeean,1
WV-Wesley-Victor,2
kirannasim,2
melomahmoodi,2
wahyudesu,1
FelipeGdM,2
JuliaBrazolim,1
laissimenikim,2
alexandremhm,1
phedrakeson,1
paulndalila,1
MutlucanGokcukur,1
nexrom88,0
winos,2
Lasim,1
linces,2
matiasinsaurralde,2
IndrajeetPatil,1
LUCASFRANKINC,1
MayraPerpetua,1
VivianeAntonio,2
daianessousa,1
R0MANOFF,1
tibuurcio,3
Genesisgn10,1
vicnuel,1
jpgSouza,1
aduayom,2
HunterKane,1
otajonogli,1
d2py,1
jeancarlosti,2
nvbinh,3
Ninja1375,2
strtsv,3
pony0206,2
refactorian,2
vadymchyrka1003,0
jake100,0
imArafatHussein,1
ogjoaoc,1
nubiasegovia,0
lucasmls,0
Goreth-Manuel,2
reginokaa,2
JulianePires,2
tuliospl,2
Hugosomers,1
luan-vtx,2
tbathat,1
tomasdivory,2
3453-315h,2
157,0
loranYousef,2
horizonreach,0
FATEMEHGHANOONI,2
jonathanccardoso,1
GiovanniNespoli,3
guim4dev,1
RenatoBrittoAraujo,1
julliasaad,2
renataalbq,1
SinaraPimenta,1
diegoberaldin,2
JordanVera,3
ttessier1,0
dnh33,0
hollywoodpanda,2
iEmaz,2
ddjerqq,1
NinjaCrypto0831,1
nobbydoo80,2
sk66641,2
AnahitaMolaei,0
debtavares,2
rdeconti,1
gabrielferrazduque,0
gab618,1
arthurgsf,1
jeansantest,2
italodea,2
axndmathias,0
danieldiv,0
LXSCA7,2
kiner-tang,2
chitoadinugraha,0
topsecretagent007,2
omidnk02,1
khodeprs,2
HadesHappy,1
Jason-Cooke,1
connebrink,1
Empiree,2
N1TEB0I,1
Mitraa-mh,0
TopCodeBeast,2
jeffque,3
MickaelAraujs,2
JuniorDurand,1
sammid37,2
DaniloAnndrade,2
brenomfviana,3
kevinoca,2
johndpope,2
atqjunior,1
muriloLcavalcanti,2
sechanakira,2
huseyinsanal,2
dbaweja,1
aai210,2
shahnewaztameem,1
ninja-1337,2
fatemehataei,0
saadozone,1
angusshire,3
Hassaan68,1
lind0118,2
cojocaru-david,1
IljaZimakovs,1
Arminba79,2
he1iahosseini,0
liviadesouza,2
elheremes,1
vicdant1,1
hvsantos,2
ashkangoraz,0
rochedo55,1
OnofreTZK,1
hviana,0
tsunejui,2
spsanderson,1
jcarlosadm,3
zzzarius,2
1cbyc,2
lilaroky,0
AnasMohammad4321,1
00mjk,0
kazupot7,2
AliSabet81,1
GYARU-EIJIRO,1
faheemmuhammed1133,0
gentlepuck071,2
MayllaRabay,2
eaurelio,0
IvaldoSouza,2
NalbertLeal,2
rozendox,2
toiinnn,1
TheShadow29,1
huzhengen,0
Davidevlops,2
mono300genuine,2
AnotherRusty,0
NJul,2
danielmuthama,1
farshidbeheshti,2
aridepai17,2
satokihanada,0
MelikaRezazadeh,0
xssrae,1
lucasm,2
TairineEllen,2
karengiovanna,2
chicobentojr,2
gmzo,2
yuriscosta-zz,1
luisabfs,1
giovannalinodev,1
pedrofires,2
AndersonBernardoS,1
ChikoHakles,2
hendrimardani,1
Tomba-Hopkins,2
CA-Arranz,1
usrmrz,0
jughoor,2
vincentnderitu,2
mig1023,0
Ballwictb,2
melikajafari79,0
DaniilBaida,2
eulixir,1
Caio-Veloso,0
jonathantvrs,0
jeffersonmourak,2
igorasantos,2
Thiagospc,2
enzodanjour,2
JosephAFerguson,2
bralegz,2
Nima-Mollaei,2
dimkagithub,1
nstrmx,2
Spartanlasergun,2
QidarSarhan,2
jorneycr,2
hhdst,2
estheraragaos,1
ssdev-95,1
glaucia86,1
Kushal334,1
maxamin,1
LucasCerqueira91,1
cmagnobarbosa,2
ANDRIANALISOA-sylvere,2
seanpm2001,1
mikhashev,2
noizu,1
nhatthaiquang-agilityio,1
czus,2
anykate,1
arditmezini,2
JonnyBanana,1
knopmickael,2
wakhiwemathuthu,2
hitosisasaki,0
EduardaAChagas,1
Vivian-Oliveira,2
Rosanaxica,2
wps13,2
AidaFig,1
fabioper,0
frankfanslc,3
julianaabs,1
JoaoVSouto,2
mifthulyn07,2
lyannabueno,2
maxlevashov,0
BetterWorldBetterPlace,0
crypto0402,2
worldseven,3
larissadcew,2
JawherKl,1
sibelius,1
BrunodevBandeira,2
brendamatias,1
maaure,2
yzakius,1
GitHub-dev12345,1
ebadiere,0
david-001,0
fathikhalil,3
danieleverest,2
AMagicHarry,2
fesarikaya,2
vininjr,1
DuLinRain,0
OftenUser,1
Julius-Hamilton,2
HappyCodingWizard,2
iisavzxie,1
fortune-js,0
yurialvs,1
Fabicaneyu,1
savio777,2
chicodevs,2
diogolimas,2
gusm217,2
rommuloifrn,1
Yuri-wrlk,0
robsonleal,0
unzerstort,1
antiloger,3
biximilien,1
cosmycoder,2
stefanfreitag,1
nddeluca,0
bright-spark,1
mnpsnuwan,1
indrajithc,0
MeralTd,2
dimikara,2
guevaraStian,2
adko1396,2
Sinnersumire,1
SaurabhSSB,2
bh717,2
mooosakhan,2
satomichru,0
jessicatcr-zz,1
Liliane-F,2
liviaoliveiraa,2
rafaelcastrocouto,1
TiagoLisboa,1
alfredots,1
souavds,0
LucasVidigal98,2
justinmathew2,1
NoctisAvem,0
jzr-supove,1
Alfex4936,2
M0nteCarl0,1
mi5t4n,1
dmitrysobolev,0
palonza,2
dgfigueroa29,1
vkandola,2
StevenKamwaza,2
Roohollah81,0
AZIZEMESR,2
jmoseka,1
Denys0808,1
filedonkey,2
Mehrdadakbari0,2
Leonardo-Souza-de-Castro,2
kelwinv,2
DoginUwU,1
sezeraltun,2
geovannabrgs,3
gustavofsa,2
JoseRFJuniorLLMs,2
Ronaldo3030,2
MatheusJulidori,1
WeBstwr,0
thesun7385,2
nGQD,1
Mohamad-Hussein,3
almoloo,2
etartar,1
osde8info,1
ThiroshMadhusha,1
SunsetMkt,1
aoaydin,2
sorooshrabet,2
D-Gaspa,1
nizar787,1
Samuel-de-Oliveira,1
jackjulla,0
thejaved,1
techking11,1
Mlook70,2
Filipe-Gois,2
PriscilaCorrea,1
haneybarg,3
thaliaberger,0
rhian-cs,1
fernandodojo,1
felladrin,3
jair-araujo,2
22388o,1
MatheusCBarreto,2
sdajkda1d,1
17coincooker,2
segemun,0
htbkoo,2
chquanquan,2
kpopdev,1
s-n-3,2
AencioVinicius2,1
sakib-hossain-29,1
FERHATSUMER,1
Oussama1403,2
OsmanMR99,1
ArthurHendrich,2
MOCO-MAKO,2
CodeEvolv,2
syedbilalalam1,1
khilkovetsmykhailo,0
annar9919,0
Maksbicoin,2
gabriel-dp,1
jacobsomer,2
GabrielHenriqueas,3
mateusvrs,1
matheushw,2
lisaterumi,2
carolfons,1
idelidelidel,1
Pedinpsy,2
sthecso,1
FilipiRafael,1
jpmairinque,1
Amorim33,1
gabriel-libardi,0
Guiliard,1
aanthonytomas,2
cassimahmedattia,1
mhmtkarakas,1
delafuentej,2
Anujkulal,2
CelticAlreadyUse,2
uygardev,1
shenxs,1
iagobruno,2
khaledayed,1
AnneLivia,2
lfir,2
Huniko519,1
masterwww1,2
fermincasquero,0
sygops,2
schalkventer,1
Alimz-z,0
OsamaAlmamri,1
Cwackz,0
restriction,2
mcdrm,1
MohamadNasrollahi,0
haniaa83,2
Txiag,2
adryells,1
GustavoBorgesSouza,1
fiorentinoartur,1
marcela093,1
ThaisDavilla,2
Daniela-Costa-Ada,0
0xLuz,3
wevertor,2
DayvsonAlmeida,1
IsisAriele,2
Jakiminski,2
rapha-a1,2
ahmetkaradevops,3
lucasxavierlucas,1
DiegoReports,2
Dudaqfigueiredo,1
dSudario9,1
j-moreno-c-r,1
paodelonga,2
bardack134,2
smorcuend,1
JamesWang,0
vb2ae,0
alikoker,1
rensii-1996,2
fauzan1892,1
tooniez,1
Chukwudebelu,1
aaguilerav,1
linesky,1
AmirhoseinHesami,2
adonisdev0403,2
fbiego,1
wesenbergg,3
mrHeinrichh,1
hediyehtaleban,0
Luidooo,1
dslvra,0
elanegarcia,0
itsaslanov,2
priscillasantana,1
Eliabebs,0
antonioclc,2
Aguinaldofs,1
Telemaco98,1
thaissavitoria,3
fco3lho,0
AraSaWCH,2
AlissonMoraesDev,1
Fumihiro-Yano,0
rikkigouda,1
heygema,3
FanJups,2
aacassandra,1
yasserbdj96,1
Roaring0202,2
hi-tech-AI,2
Bikmandjuma,2
AtomicSponge,2
Mach-Levi,2
harshit0209,1
light-hat,2
LuckyToFortune,0
AndriyPapirnyk,1
kaotickj,1
B12Plan,1
ArthurPassos16,1
escudeiro777,1
catarinaSayuri,1
vtnorton,1
GeaneOliveira,2
Daniellyomori,1
nataliawinter,1
renancaldasdev,2
rafaelangical,1
erick-ol,2
Ana-Jacomassi,2
vitorpiovezam,1
JuniorMoura10,2
mmertpolat,1
dioic3,1
Kot-byte,0
lemibk,0
chaoscalm,0
rafaelrok,2
quantux,0
capitansec,1
s-r-e-e-r-a-j,2
pushitchaudhary,2
GuilhermeSantos001,1
yasutakatou,2
wabscale,1
uronly14me,1
johnolson2219,0
codeWithMarina,1
liamsmith413,2
mohamedelmougy,2
tech-ramakant,0
ryanbalieiro,2
DGKSK8LIFE,0
princefr,1
volodymyrfedorenko444,0
aniketdobriyal,2
theexploiters,2
marylorh,0
JuliuszB12,2
Still-Aysan,2
S-Pz,2
VanderSant,1
HODUCVU,1
larissapissurno,0
TonicBoomerKewl,1
devpenzil,2
VictorLimeira,1
hannah-costa,1
cibelediniz,1
iperun,1
lebrancconvas,1
LuanderFarias,2
brunofariasdeo,1
SiddharthaBose30,1
Ikenna04,0
renamsavio,0
ccammack,0
furesoft,3
kimi0230,2
mo9a7i,1
ramincsy,2
syed-ghufran-hassan,2
dandelg88,2
thezedwards,1
scopes1337,1
GuilhermeNobrega,1
Kos-M,2
rakib3004,1
jaayperez,2
dalindev,2
goktugkayra,2
mitranaser,2
codeperfectplus,3
Geek-Cheth,1
rayder-dev,2
Shark-87,1
juanmadeira,1
Berbardo,1
marcaumdev,1
Wanghley,1
davidcostadev,1
angelicaalbuquerque,2
larsobral,2
pedroaarm,2
WMXPY,1
felipemfp,1
arianesc,0
GiuliaCampos,1
zprogram,2
Victor160197,1
CesarHRS,1
Sulunia,3
Niehaus,2
thteixeirap,1
Odarteifx,2
nataliaBatist,2
danmunteanu,1
moacirrf,3
meanmail,3
EPSOFT,1
laurensius,1
kissy24,2
HeyHamachi,1
silicia-apps,1
lalan21j,2
jsinger67,2
eemr3,2
FikretAkin,1
shikingram,2
vikram-singh9,1
hamzaali81,1
atashfeshan,2
urmybestfriend,2
Fentaniao,1
Rodrigo-Sarmento,1
abdulmazidakash,2
Sanish73,1
Mehdiak1,2
LucasHaug,1
josetvictor,2
littlebru,1
arthurbauer97,1
ieloi,2
deveras-carlos,2
radmilags,1
manuelzzz,1
vicotirah,0
ThatianeDeboleto,2
SSB-11,0
Joaovittorsd,2
harshit3011,1
SilasCalebe,0
Hamza5,2
EduardoSampaio,2
alexnogueirasilva,1
AvinandanBose,2
MatheusEli,1
rafaelcbrs,2
codingscode,1
CHEGEBB,1
Phoenix-Genius,2
yuredev,1
devjohnsonmwangi,2
Luisa-m17,2
Nathanage3,2
HakaCode,1
rishidhiman,2
Nikolinc,2
Moneemsaadaoui,1
MichaelWayneKM,1
felipee-monteiro,1
bepredrag,2
willgangsta23,2
ideadev01,2
0x0factor,2
deltadash2,1
rman1223,0
Azoonex,1
devshazam,2
abiyandargie,0
estevaofon,1
pedro-rodrigues18,2
jenaroaaugusto,1
D-E-F-E-A-T,0
nandmat,1
arthurmelo777,2
ViniciusMuniz-1,2
Pjeferson,1
ThiagoZardo,2
andrewsitiel,2
rbpolim,2
lucasgsfelix,1
Felifelps,2
JasperZhang121,2
yukimemi,0
phuocle,0
Edward-Roshan,1
DanCQ,2
aemeltsev,2
kubila,2
Abdur-rahmaanJ,1
wonkyungup,0
gjyoung1974,2
m3yevn,2
mrpaziresh,1
fantasy1114,1
simamatin,2
Fernando-Rodrigo,2
jawherr,1
Karan36k,1
developernaimul,1
DevOam,1
Vikranth3140,1
saloskilo,1
Kishankumar1328,2
44437,0
HENTAIcast,2
vittorioPiotti,2
Eduardo-Barreto,1
laylamonteiro,1
pdaug,1
andreaoquendo,2
YgorIsmael,0
apvasconcellos,2
emimuniz,2
alineescobar,0
leaofelipe,1
nan1b,0
amandamelodev,2
NathanOliveiraJF,2
eloisafernandes,1
lrlucena,1
alcides07,2
ythairony,0
pelusanchez,1
vitorgaletti,1
matheusgoncalvess,1
marcospsviana,2
matheusAFONSECA,2
9ArnoldOmondi7,0
MatteoMgr2008,1
rasel-gannicus,2
pacopua,0
iLudolf,1
bbjornstad,1
sergioribeiro,1
135yshr,1
thiagorider,1
sleipnir,3
SiegfriedBz,2
tiago1820,2
tuepon,2
jfferson,3
YuiM,0
hkjang,3
felpfsf,1
Pleiterson,1
varlackc,1
rahman-O,1
weftuon1,3
revoltig4sg,3
itswadesh,2
smartdev5050,2
manijeh-a,0
diamondyhand,0
Arc-Jung,2
biagiola,1
amilamen,1
obinnadaniel,2
gr8monk3ys,1
Epic-SX,0
kamlendras,0
jahan5455,0
StreamService,0
StefanHritcu,2
jo0707,2
bluesky030511,0
TanmayGharat1505,1
Dornamohtaram,2
PETROUNKNOWN,2
Areeb-7,2
Durfan,1
d-nery,3
RaiDeOliveira,1
ni-teixeira,2
ItsVasconcellos,1
ViniciusPorcionato,2
letbueno,1
larissamartinsss,2
erika-porto,2
izaRibeiro,2
LumaLynai,0
paulajardimf,1
davidallysson,1
valentimcanejo,1
gustavovvbs,1
victoraugusto6,1
antonylemos,1
wallaceketler,2
sarsdev,2
sum4n,0
SubashPradhan,3
Mykonos-x,2
rafinhatrevs,2
Smachoka,2
micferna,0
JBenedicto13,1
kevinwaxi,2
halukyamaner,1
JSv4,2
Kourva,1
Wallace-Karira-Muraya,1
toastkidjp,2
JorgeEduardoFOS,1
Mariede,2
goandreus,1
vpodolyan,0
brandonsoft,2
abuhabban,2
mitchan0321,0
korizyx,0
jlsjefferson,2
0bvim,2
k-takeuchi220,2
choiis,1
cedev935,1
TeamOfTech,0
Tanay1805,2
niklashenning,1
kayes99,2
NovaLogics,2
matusilva,3
PedroLCamara,3
rafaelprn,1
eduardacalderan,1
Ricardo-rtc,3
GustavoHenriqueFerreira,2
AmandaGiacometti,1
CarolineKnaip,2
KevsonDoc,1
gahag,1
brunyyta,2
Jessica-gouveia,2
devtaw,2
0MiniUgo,0
sosolidkk,2
Vinithecsar,1
lukcampos,0
Lucas-Veras,1
dlavinia,1
dani7fl7,2
ropoko,2
gaqt,2
bnatalha,2
deborasamara,1
AntoniHub,2
VladimirVieira,2
hebertviana,1
freskoulix,0
caiodev,2
HegeKen,0
andredelima92,1
ortegavan,1
ChristoPy,1
sstokic-tgm,2
yihuaxiang,1
pomatechlead,2
muhiqsimui,1
kauer3,2
roannav,2
GrinGraz,0
RenanBorba,2
ibrahimakin,2
Nigel-Moes,1
samuelumutiti,1
foxier25,1
mohammadbb,2
SecretDragonStar,0
ZygimantasB,0
dev-sire,1
smartMinion221,2
KianaRamezanian,0
samglish,1
carolinapraxedes,0
liscamarini,2
jardeldyonisio,1
jowjow22,3
manuuz,1
daianerangel,1
Pablofr10,1
P4mm,0
yvesmariano,1
gionogueira,1
emmenezes,2
igorrmon,2
IreneGinani,0
danieldfc,2
victorers1,1
VanessaPacheco,2
andreinaoliveira,1
derektypist,1
mayi0815,2
dionesil2000,0
dienerld,2
Gustavo053,1
victorhugofr,1
esteroliver,1
alvarengazv,3
RDLuisL,2
pczerkas,3
densmirnov,1
andefined,3
mkipnis,3
elvis7t,1
tstamborski,0
alidioribeiro,3
muhamadzolfaghari,1
tainguyenbp,1
grandemayta,1
Mcdavid95,3
tuxedo7,2
AllTwinkleStars,2
JosiTubaroski,1
Blerina79,0
WhiteRabbit130,2
shirothin,0
hamed6600,1
IceDev528,2
whitehorse21,2
LalithaRamanaV,2
Kubenew,2
CodeDroid999,1
maxcohen31,2
Kimiaiz,2
kxkx5150,0
kant146,1
RichardGrave,2
3th1K,2
jshwi,1
AltintoprakBeyza,2
alexica32,0
lolegaz33,0
Zayon12,0
Teymur-Babayev,1
AlpetG,0
devmaster116,2
hasantare,0
sanal-m-s,1
CodeWithFin,2
antoniobfm,1
CryptoVictor,2
fernandopedro,0
jq2,2
jeziellecunha,1
anapaulabds,2
cassiofb-dev,2
JulianaHansen,0
DanielMoreiraPinto,2
Maestrelli9,2
DouglasCandido,1
MatheusCrispim,1
geronimofx,1
adnaolivia,1
ramondomiingos,0
joaorceschini,2
Luckx98,1
heronsousa,1
CauaneAndrade,2
luanascardua,2
subash-srk,2
Joaohsd,1
MatheusAndrade23,1
Izalp,3
jvsouzx,1
Blacknahil,2
al-sakka,2
LordOfWins,0
0x00000003,2
mehmeteacar,2
thorstensson,2
ConradPB,1
victorfeight,2
mmeents,2
devmonster-tech,2
frankdevhub,1
Nadilson-IFPE,2
davidivkovic,1
mdouaour,2
ivobul,0
Bct-crypto,1
guiireal,2
d2alphame,2
helios-yamet,1
HBinhCT,2
ismaely,2
lucasamorimd,2
8adre,0
ThecoderPinar,2
Azimka228,2
gittubbies,0
galva-developer,1
The-Abhishek1,1
avict18,3
moiseh,2
KevinHock,1
juliofilizzola,1
Wellington-lopes,2
davidlotfi,3
denysmalieiev,2
virtusdevx,2
ashlinleee,0
jamesJong99,0
DavoudMolaei,2
Pro-WebTech,1
devconductor125,3
rstkey,1
debski-patrick,2
alexfarrerodev,1
punkinloveez,1
Kasra-Abbaszadeh,2
Joice-crypto,2
helenitagurgel,2
LuigiDovera,2
BrizidoAndre,1
gjovs,2
danielxlves,2
aulus97,1
MatheusOlegarioDev,2
revskill10,3
1rafahub,1
ejrgeek,1
matheusboaro,0
Sara-Xavier,0
thlucena,0
Am4ral,1
nlogozzo,1
szlima,2
KarlaNunes,1
luisdasilvahenrique,2
daroxs95,3
Samucation,1
CarlosMito,0
viniciusfer01,2
denissimon,2
ddetommaso,0
TechWithRamaa,2
skurhse,2
oguzoldev,1
marvinrusinek,2
solmaster81,0
WildGenie,0
diegogallegof,1
UKVeteran,2
amgauna,1
mozafarimanesh,2
thisisjeffsnow,1
GeniusGoldDev,3
devleo-m,2
MegaDev007,1
nyenza,1
dog-trader,0
cusspvz,1
Oucema90,2
goliranyan,2
mburakkorkmaz,1
taileduc0404,1
The-Young-Programer,1
amirallami-code,1
peter-atonga,0
sacredAST,1
Daniel-Alvarenga,2
DevStar1016,2
happyguru1215,2
tsurugi3333,1
Abdullah4345,1
scjoaoantonio,1
laviniameds,0
vitugc1,2
jasbrela,1
albertocavalcante,1
Aruhan-Mathias,1
Skellington,2
Quemia,2
DarknessRdg,1
anabrtorres,1
Breno-Silva1,2
RhayzaPinto,0
fabiolamfleury,2
cesarionto,1
marcusyoda,2
flaviobergamini,1
Banukaiw,2
tadyPi,1
samyam81,2
ShinChven,0
sanj2sanj,2
spajce,0
whitevoid90,0
henry701,0
maikofelix47,0
dlanileonardo,1
nikunj3011,0
AndyBowskill,2
llraraujo,1
JBris,2
dennisnderitu254,1
President-Banda,1
noryev,1
mehrankmlf,1
Mahmoud-Italy,1
mahdis24,1
joshpierro,2
TenviLi,1
HectorSpartan,2
carolinabentresca,2
Valentino-Junior,1
iftakhermasum,2
Dereje1,2
danielk43,0
nimaaghobadi,1
nermiin,2
piedro404,1
danieljvsa,2
MaryamAustralia,1
dexeril974,1
nophora,0
WhisperNet,1
the-coder-o,1
vitilevi,2
peymanmotamedifar,0
Shahupdates,2
abdorrahmani,1
PuzzleTakX,1
MattNami,1
marceloaguilera94,1
khemssharma,1
eoguvo,2
souza006,2
simeithander,1
gustrpaz,1
anasofia0,2
andreialves,1
caiulucas,1
dalvaniamp,2
molodsjm2,0
JoseaneGrigolo,2
aline0310,2
martinsalinep,2
Dannyelic,2
ttiago12,2
antoniolopesg,2
rrozdoce,2
LukksMatthaus,2
azabraao,1
juniordnts,2
bangwu,0
danmarighetti,2
rbqdev,2
apolomoraes,2
cuteolaf,2
JoaoGustavoRogel,1
dangalvao,2
joaohira,2
leveau10,1
mkssantos,2
Couto1411,1
YusufSural,2
19coderpawan,2
BlazeDator,0
edaehn,2
Ajnus,1
TheMorgz,2
AhmedRiyad,0
KyleKing,1
ispadilha,2
gaoyaqiu,2
soljesty,1
jsanbae,1
fantastic0206,2
moelhaj,2
yirini,2
doguedogue,2
xsa-dev,2
fuyu77,0
psibot,1
brunopardim,3
shomnathsomu,1
jessy24h,0
kimjunsung04,1
nehitha15107,2
SciammarellaB,3
0xp3p3x0,2
elhadjx,2
Zid95,0
james-guerrero,0
x0xr00t,2
imsomedev,0
HangeZoe,2
ShaheerAzam,2
AshrafUzzaman04,1
ran-sama,2
niks-nikhil-anand,2
MadSkel8on,0
Lanny-MacMillan,1
kimman8,1
MK825,2
Dahsle,2
PremThakareitm,1
niceman1234man,0
VincentIhab,2
CODEMAX666,2
pauloguilhermepp,1
lunarcoffee,2
theo-nejm,2
Leviszinnn,2
GaahDias,1
Vinicius-Vieira-Andrade,1
MateusPaladino-29,0
laryferreira,1
matheusleo,1
luizoux,1
renanbomtempo,1
uriell,1
barbaraaliverti,3
jefersonmmacedo,1
Tomtam25,0
layanemenezes,1
Lucasffz,1
mrncstt,2
LuanaSalmito,3
carlosrjr,3
JulianaBasilio,1
LeonardoLuize,1
LauraPivoto,1
Brendhon,3
rajeshincorp,0
damclover,2
naradashen,2
thvinhtruong,3
AthilioCavalcanti,0
kelvinelove,2
richgillin,3
stevsharp,1
knowledge35,0
fractalego,0
savokiss,1
dreamsdesign,2
nameofSEOKWONHONG,0
PantelicGR,0
ahmnouira,1
theinvincibleknight,0
bungambohlah,1
tanyuqian,3
ALLLANKLEBER1983,1
sbsigur,2
hammadmobin,2
OracleBrain,1
jrohitofficial,1
Pookie0717,0
webscriptmaster,2
Dmytro1991ua,1
srivallabha11,0
Rohit19060,2
bonzum,2
R-R-Freitas,1
FatamaBe,1
Lisprez,2
Saidiislam,2
jrpuck,0
shakiliitju,1
DanielDaher,2
giisele,2
lianperson,1
GreatSuperstar,0
sarthidarji128,2
CanoGel,1
Ali-hey-0,2
GitRektify,2
ivasik-k7,2
Vadym-0K,2
walidbosso,2
g0drlc,2
janailton,0
MaduSilva,3
RamonSVieira,0
sarasbarros,2
Zappier-Root,2
MaykonMorais,1
Rafaelalmendra,2
vyctoriak,2
FilipeNeiva,1
usuariodebruno,1
jeoliveira94,0
lucastercas,0
Ruan-Franklin,1
jhonatacaiob,1
edumarcal,2
isaiasluc,1
GustavoTxFreitas-zz,2
EmineCerit,0
marialuizasr,1
paulohtobias,2
andrefilho99,2
eplaie,0
Maiawen,2
elenatobi,0
Yu-Ishida,0
cm-powell,2
wtbxsjy,1
minhbi245,2
randomtoy,1
samisezgin,2
Thumbone1,2
smartluck1125,1
Xavi7988,0
yousifnimah,1
amirsinaa,2
JijoBose,1
vrstanchev,1
adventureandre,1
ClaytonEduard,2
victorFernandezF,2
simonefinelli,2
anhchangvt1994,0
skyridertk,2
nnn1590,3
milosmatovicup,0
GoldStar0103,2
OlimilO1402,1
JoyceFatima,1
codinghemp,2
JoJoDevAdventure,1
jepbura,1
wisamosman,2
paladinescamila,2
Anjana2k02,2
mashharuki,2
rblcb,0
Lucbm99,1
suhelhasan,1
johnsonjh,1
Los-had,0
martinsirbe,0
hoangks5,0
sara8086,1
imlauera,2
JuanBindez,0
bardiademon,1
zaraco,1
vvizardev,2
berenpolat,2
paulopbomfim,1
Crypto-Mikael,2
Zeonnatios,1
rodrigofentanes,0
limaleonardo,2
nickdev0118,2
wr0110,2
rockstarcoder333,0
Talent106,2
devddine,1
Legend96106,2
seniordev1180,1
johansitoweb,1
Mansi-indian,2
TRIPH925,1
thinkingdev9,0
MeymounB,1
mzherx,1
Lafcadia,1
Shazia-Nasreen,0
Lucca-GB,1
lukethebaka,1
JoaoRobert0,0
PedroLouback,2
Wesley-AlvesRolim,0
Joabesv,1
Guidcampos,2
MrTrotta2010,2
decodificar,2
anacsz,1
JonissonGomes,0
mitras25,2
ricardoanchieta,2
Edilsoncostajunior,1
eldinho2,2
GabrielModog,2
eullersantos,2
srgesio,1
e59,0
fhmunna,1
AldoWa,2
gknpp23,2
joaovicentesouto,1
ThiagoMiguel7,0
SrVitinho,1
analeneves,2
guerrals,1
Mahmud-Kandawala,1
AbdeljalilRajli,2
Saradey,0
PriDebnath,1
PureJD,2
km0930,2
hirotk,2
travisjupp,2
brettkromkamp,2
trcjr,1
saforem2,1
icolomina,2
huuquyet,2
exezick,2
hirushavinushka99,1
LucasNithael,2
Luferat,1
madu-braga,1
edgardoa91,2
eBetcel,1
jsuisjuan,2
infosecisa,0
AlexM2000,3
CleiberReis,0
matheuspython,1
Deborars,2
iarlenaquiles,1
janapc,2
schonee,2
MarivoneAraujo,1
Lester016,1
leosoares96,2
longyap,1
stefoxp,3
sbrunomello,1
jerry612,2
gustavomorinaga,1
kcsarith,1
jbuyu,1
CXL3,2
brian-emarquez,1
jrihan,1
haronsoft,1
Nyakaru,1
guillainbisimwa,1
gabrielmesquita7,1
Gustavo01rb,1
lucasri-silva,0
gleybersonandrade,0
johnnsantos,1
Brunostd,2
ind3p3nd3nt,1
taptorestart,2
fdeniz07,1
ghramcode18,2
VladanStar,2
kingsley-einstein,1
SacredShiner,0
KianEbtekari0,1
mahtamun-hoque-fahim,1
drullandev,1
pawarspeaks,3
Forest410,2
schonfinkel,1
zhengyao-lin,0
txuswashere,0
avrcoelho,1
alpersarac,2
prajjwalsubedi,2
osamaayub,1
maikvinicius,1
ZIMkaRU,3
andispeed,2
jacksonpf1,2
le0nklcpp,2
eduardohenriqueassis,1
YanisBenekaa,2
umitakbas82,1
pedro-filho-81,2
chavi362,2
neural-tangjie,1
1MahdiR,2
katchion13,2
adilsongb,2
kaleemullah786,2
hansf14,1
ajfm88,1
savant-cat,1
dotmarn,1
DarmorGamz,3
lobophf,2
sasomiddinov1,1
kshivakumar27,1
avanishmani,2
emersonpessoa01,2
Arthur-Ferreira,2
MohamedhanySakr,2
unsaldemircioglu,0
ayelet326,2
kaue,1
tacic,2
jo-angra,1
wvwx,2
nymarya,1
ivmelo,2
alanacca,0
cmanfeed,1
gphelipe1,1
rodrigoruan,2
albertoscandido,2
maxwillf,2
Gonzasay,0
LimaLucas96,1
ViniciusRibeiroS,2
anunciado,2
shalaka-deshan0110,1
Reinhardt254,2
odrf,3
gabrielsouza-dev,2
sudhanshu27,2
MiCe-exe,2
wendelloliveiradev,1
Zukhrik,1
winhaskell,0
Stringls,2
amer2040,1
AngelCruzO,2
gromdan,0
mudegiarnold,2
ZIEDSAGGUEM,2
yusufkecer,3
mahfam1212,2
superstar3222,2
camiladuartes,1
Rekklessss,2
Neustradamus,0
mdmasrur,2
trayanus1026,0
Galetkuno,0
mohammadsld,2
tonichi24,0
LuizAnunciato,1
christiancalara,0
TadesseDev,1
wambugu71,2
Jenis0619,2
starme208,0
loveagile,0
Aria-Dolatabadian,1
undyingkevin007,0
TopStar-57,0
volodymyr-klymniuk,2
itzhoman,2
CodeByStella,1
1985Valdemar,0
brainy989,0
RudushiXplore,2
deliteser112,1
Pavankumar07s,1
Varunbtech9682,2
yusufie,2
wandabi-gs,0
alanchrissantony,2
dragon7210,2
danilodelucio,2
yasinkarimzadehgh,0
MersadHabibi,2
ammahmoudi,1
shiny7star,0
Williams-J007,2
Eng-saaska,2
poxii,0
nahidhk,3
HappyLife1222,0
mdsomah,2
akillness,1
Kushan2k,1
Masizik,0
behnam98,0
Quinta0,2
MahanRajabi80,2
SuperDev0514,1
Freonius,2
TerminusDeus,2
dDevAhmed,2
Nikelroid,1
siriuzs,1
Haydens-workshop,2
swoar,0
SummaiyaKhan,2
KyleYeeo,3
vacaramin,1
devlancer-lucas,2
jpgold830,2
Anonymous1223334444,1
Saurabhbhatt023,0
biancarsouza,1
Julielylimaa,0
Jasim-BinUmar,0
rfeinberg3,1
aminakbari7,2
SvlElr,2
MrpasswordTz,1
arekusandr,2
outdoorSpirit,1
engahmedmorsy,0
CODGhost911,1
LivingtonMerello98,2
Adicx,1
kazmi-0304,0
sk466366,0
pintowinto,2
LuxuryCodingGuru,2
selimozo,2
expbor,0
ShyamBabuJayswal,0
raggedheart,2
messsimo,2
Origina-sudo,1
MahbubaHaque,1
thiagotpsilva,2
Keveeen13,1
gian-teixeira,0
BernardoDetomi,1
was-app,2
AlanJs26,2
ResoluteeDev,1
damarcones,1
Valdeilson-Ramos,0
Elquiasjr,0
ArthurBelli,2
dudukb,0
raphaelaferraz,2
karenlandini,0
liviatavares,0
vitorianogarol,0
gustavoesteves0,2
d4vidz,0
almeidaleandro28,2
devrafaelsoares,2
andre-albuquerque01,2
Dannyeclisson,2
WalterVentura,0
JotaChina,3
ArnoldSGR,0
sathlerhe,1
jvaldeger,0
Vianjus,1
KarineFAL,2
brunoa15,2
luciana-a-oliveira,1
MatheusAL,2
vitortcmiranda,0
Lakshmikiranmai77,2
FilipeHenrique,1
DayanaSantos,0
antonioroddev,2
isadorw,1
GuilhermeAmado,0
paulofreiire,1
amanda-faria,0
RoneyFelipe,2
gustavokv,2
luizgabrielc,3
raquel-med,3
iasps,3
tiagolch,1
lazarobo,2
mmariacandida,3
inocencio5117,2
Alexsandr0s,2
pedrohcavalcante,2
eduardobcoelho,1
kleydson-beckman,1
GermainGirndt,2
Matheusouto,0
VyniciusMartorano,1
alesangelabezerra,0
caiogomesdev,0
AlefeOliveira5,1
MaateusMDS,2
kauekaj,2
lucaassp,2
Brunomestres,1
otaviopane,0
mateuslourenco,1
cassioaugusto01,2
EduardaDalmas,1
DouglasSouza05,1
gustavosimoes,1
ManuelaGripp,0
joaopedromsantos,2
FConrado,3
gAllves,2
Tulio-CS,2
ylucena40,0
venantivs,2
macro-mancer,1
Bendelack,2
MatheuAlves,0
KaikyPires,2
rodolfmirand,0
EddieProgammer24,2
lh-ude,2
leewinter,0
eitch,1
AlexanderFalca,0
kstallworth2012,0
vdt,0
mucbuc,0
samanesayyar,2
eugene-panin,1
NicolasMugnier,1
xamidi,2
ercankertisci,2
robertojunnior,1
RankracerBR,1
CodingBrushUp,1
cmoliv,2
ldamasio,1
majdlatah,2
enutn,2
reall0c,2
i-asimkhan,1
georgealan,1
aoudiamoncef,1
igorbonfim,0
accateo,2
AshrazRashid,2
RICHMAN88888,0
jjvanzon,1
brunnocostam,2
mayaugusto7,2
MilleniumSpark,0
puzzithinker,2
hundong2,1
ChoiWheatley,2
tavinlima,1
maatheuss0,1
guuenzo,2
rayanaprata,1
Caaddss,1
juuh42dias,1
rjsamra,2
LuisDomiciano,0
LuizEduu,1
patogordo,0
EvanderInacio,2
drahot,2
juniorti91,2
0o001,1
danjohnson77,2
kubikill,2
joemoceri,1
lccarelli,2
danieltarazona,2
michaelcezar,0
VieiraMeloRoberta,2
RickyC0626,2
denezt,1
gurcangul,2
ugleiton,2
adnanmazhar,1
heliherrera,2
ThallyssonKlein,0
Paresqui,0
leoallvez,2
fabiomendesec,0
NicoFilips,1
lewmas9152,1
cyber0567,2
jessicaidro,3
rsmile310,0
armandosouza,2
Biellms,2
Loyft,1
samade747,1
zehraseren,2
SAliSH79,1
jeniferGoncalvesDaSilvaDev,1
jmcota,1
Slowhand0309,0
harryrf3,2
EduardoNunes,1
Peefy,2
samettek,1
TrungpdtE,0
Farica-Kimora,1
TELMAN-CREATOR,2
kingcwt,3
andrefrancisco94,1
4yx,0
mathrb22,2
ayrtonbsouza,2
LarissaOlimpio,1
saeid1994,2
anna-dm,2
larasimmer,2
kcey-swikriti,2
ZAK91,2
terter21002,2
damianoalves,2
viniciu21,2
caroline-medeiros,1
gabrielpconceicao,1
LuanaVieira95,1
devdrops,2
anaalicefig,0
studTon,2
ErikaSFS,1
adibenc,2
oguzhantarhan,0
lordvins226,1
cicerothoma,2
lucasazeve17,1
JPSS14,2
pauloalmeidasilva,1
JohannesVDM,0
mlg404,2
macedojeh,0
jhonattan-santos,3
Xanik,1
Cfoulcard,1
dendisuhubdy,1
LizzardMedeiros,2
miguelf03kai,2
rafinhaa,2
jbrainz,1
ironzombi,1
ridhomr,2
cliftondavies,2
yildizkoray,2
hackerd2020,1
mrpunkdasilva,2
renanxd25,2
itsazzad,1
PatrickSilvaMenezes,2
frankleitelemoscosta,1
gabriel0alvesz,1
lucasxaum,0
paulgureghian,1
jrgriffiniii,1
bradpotts,2
duboviy,1
jaballah-dorsaf,2
Csaba79-coder,2
akash-rajak,1
elvirafimansyah,0
erikacls,0
githubwonder1128,2
AntonRomanenkov,2
nahuelavila4,1
douglasoliveira96,2
gabrielnevess,1
Videamorales,0
ronikipnis,0
lisr2023,2
wubinary,1
gabao55,3
Ahmad-Akel,1
maphstay,2
martiny76,2
Omanshu209,2
ripaelit,1
adonis0302,1
Pouyaexe,1
Ratizux,2
Ricardocp96,1
eyedeekay,2
atillaaydogdu,1
gabrielsouzas,2
abhaydhiman,2
Eduardo-ops,1
hermannKonyar,2
Santosh-Baliarsingh,2
inspiringsource,0
gabriegsti,0
capwan,2
Amili-usain,0
yajun668,1
OliverJoo,2
AhmedAliRezk5050,2
swapnilwakchaure,1
UgurArii,3
LeoAntunesBrombilla,1
wallace-virginio,1
Denise-Valerio,2
stellarboymihir,2
Eginlon,0
Dilanma,0
leandrodalbo,2
GregSithole,1
klstff,1
zoruka,2
suzaneduarte,1
ksenginew,0
PatrickTaylor-bot,1
shinchanat,0
CyrineOsorio,2
topstarwebking,1
jessicacosta07,1
ItamarMedeirosDev,2
ramin123,0
dfsupcom,1
ProgramCodes,2
mrayanealves,1
Gabrielmc15,0
luisneto98,2
sebastiaohns,2
renatosbispo,2
aafavelino,1
diegofilbal,2
Mhamad-Raad,1
rwkama1,0
erfangho,0
ogzcode,1
dkaramit,3
abdurrahmanbulut,1
programmingChiira,2
Sanjaya-Danushka,1
adamjatim,1
dennist12,2
barrytestfl,2
utku-guclu,2
Abinash018,2
appledesire,1
udborets,2
Farnazy4,2
David-Horjet,1
nikohoffren,2
amrahhh,1
Gdi87,2
GulayAdgzl,2
Willarry,2
bilgekosee,2
WellingtonVell,2
mbautin,1
juniorohanyere,1
NelTeano,2
smartCoolDev,2
yeasin72,2
w-al-z,0
epitaci,0
Mataadri,0
Pyanso3,0
OsmanTunahan,2
Barsaan,2
Marcos-Vitor123,2
sallamy2580,1
amandafritz87,0
coredev19720,0
noel319,2
ethiopique,3
Pioxscorpio,2
SanaTameem,1
AdeiltonPereiraAlves,2
Younes-ch,2
Boluwatife2904,2
Jeffersonlima578,2
Anonymous6598,1
ErikDMCosta,1
grogu-oss,1
4SafeEnvironment,0
EmmettJohnson89,2
ahikmah,2
hamedprog,2
ByungKwanLee,1
dbunt1tled,3
condongilbert,1
eros1006,3
SamMintah,2
choace0427,3
lon123456789,2
Chuchian,0
ParhamPishro,2
itsZORAL1,1
tgr-9,0
fireman03151,2
benjamincrazy1,0
n-h-e-z-r-o-n,2
AmitChauhan63390,2
FedotovN,2
panicoro,1
chdepz-dev,2
amirhosseinrashidi1,2
kenjibraun-pro,2
MKdir98,3
robiul-islam93,1
CrisNakamura,2
Anjasfedo,1
Nastaran-Mz,1
Ragaeskandari,0
GarryLiu729,0
Alex75557,0
vilipender,1
tvvocold,1
idmossab,0
boloto1979,1
RenanDias12,3
JulliaFernandes,2
condaalpha,3
coldfrxnt,1
mubashir1837,1
CoderTrinh,2
saswasto,2
ranesilva,2
baby1194,0
ClaudiaTienda,0
YashGajjar7017,1
riley1980,0
omid136813,0
baryalaysafi,2
Nimakian0,2
Novaversocl,1
Emogy-reunion,2
magicdev05050229,0
Steelpanda-ctrl,2
priya1793,1
Atharvkote,1
sun-shade,2
ask0ldd,2
ShabanAzfar,2
divided099,2
nectariferous,1
Enilll,1
BleedingCannibal,1
Linux-Scratcher,1
goodfloore,2
Erwinex,2
TheLeftyCoder,0
Elyar0,2
Hoomanzoh79,1
Kyle-Schwartz-Yang,2
algo-beast,2
jvneto,1
hott-henrique,2
brun0meira,1
DaniloMartinsMerlo,0
DoodlesEpic,2
Rafael-Rufino,1
Diegovsky,2
AiltonGabriel,0
mrjonas151,1
thainaraassis,0
opedrvisk,2
fuchsfelipel,1
Pedrohbedin,2
GuilhermeOliveira23,0
campiohe,3
SonngCS,2
humbertocxc,0
CamiBregalda,2
LuanEvander,1
Talen400,0
AlexandreJSimon,0
samueltsilva,1
waldirborbajr,1
RamonAPereira,2
jukalsantos,0
correaalves,2
EdsonLuiz,2
SamanthaCavarzzan,1
pricorrea,0
rvsriller,2
illozzam,2
jonhmendes,3
gbarth,1
otavioachrispim,1
isabellathome,2
JoaoMateus13,1
thalissonjon,2
PredoCampos,3
dominicjonas,0
israelphilipe,0
joelmaykon94,0
anapaulaods,2
tomazhca,2
jancyaragao,2
anderson-henriqq,2
joaovictorsaturnino,2
KellysonRN,2
gustavoguerino,2
lauraandradev,0
maure0,3
rodriigomedeiros,3
LeohsPaixao,1
srleivas,3
gcpdiscacciati,0
lucasdavi114,2
michelleGomes85,2
CristianoLourenco,2
joaohcrangel,3
beckerme,2
helton-quintans,3
Mpmglima,0
AlexandreHiroyuki,1
Vfernandes1,2
EduardoNegalho,0
GabrielRezes,1
JoaoZati,2
brenolobianco,2
DaviRGomes,0
Gab-Zag,0
Antonio-AV,2
vonot16,2
liviaceciliags,1
VictoriaRBrito,1
AlexandreTommasi,1
F-Loschi,2
janainavanzeli,0
vitorwogel,2
titiomathias,2
Jhoncy6,2
lucasdemartha,1
igu1nho,2
Stenishh,2
BernardoMFlorenzano,0
guilhermefsh,2
MillasNasser,0
FelipeMarra-zz,2
AlexMoreo,3
augusto-ranier,2
andreluizlimaa,0
helena-varela,0
Anielly-g,1
Lorenaavila20,1
GabrielSilvaAnacleto,0
sxcntqnt,1
cidmiranda,2
ibrahimisad8,1
kumarvimal,2
elmyrockers,1
timbury,1
gianpaolof,2
engkimo,0
odeyAbdulrahman,2
Raxone,0
jmlweb,1
muratia,1
mmrosadev,2
PedroGuerraPT,3
binjuhor,1
iamtutumo,2
hasanmonsur,1
Maggomann,1
Yrahate7,0
VinnieThePooh,0
rxaviersantos,2
jonathafernandes,1
ayezabashir,2
ValneyFaria,2
wardix,3
jthomp,2
pedronaves,2
iankang,2
jay-kumogata,1
antoinebou12,1
ivanlafollette,2
WTPENGUIN,2
lisa3907,1
MarginLon,1
lionsol,2
Mow69,2
meiyor,1
nzejoe,2
BOBBYWY,2
iminside,3
gabrielsaints,2
Vinntoo,1
rubanzasilva,1
spedromg,2
ZERO-A-ONE,1
Ivanshamir,2
enfycius,1
LucSilveira,1
AlbatrozPyt,2
dev-mariana,2
deywersonp,1
larirrsouza,2
felipenlunkes,1
hatus,2
wen-dell,2
dheerajmnk,0
Hosamov,2
DaragRepo,0
mcdavidsh,1
MAHRahat,3
Prissie,0
barmao,0
njokdan,1
elvinlari,2
zubair-saif,1
ljb1672,0
suhaibaffan,2
Deskola,0
94rain,2
dudubass15,1
dracula151997,1
vincenzorusso3,0
CharleeBrown,2
Meshmi2,1
caglartoklu,1
yasinnorozzadeh,0
IamTheSadik,0
Reagan27,1
quicknixweb,2
aevilesaguiar,1
whyneedd,1
FreePhoenix888,1
prathimacode-hub,1
Nasirjavaid,2
martins-rafael,2
jainesenna,1
sminio,3
ThiagoRafael-lin,1
carvalholeo,1
lucianesantcs,1
Maarii72,0
arikarim,1
monte1s,1
OptimisticTrousers,2
EduardoJM,2
lisaalaz,1
devseunggwan,2
adhanif,2
rayros,2
tranthethang,1
Tinram,1
HexaDev-De,2
vuuzleroma,1
Yanlry,3
sglkc,2
sabbircoder07,1
ahsewm,1
h-varmazyar,3
scheehan,2
Djmondoent,1
danielfuentes,1
eltoncampos1,1
airtonfel,1
castelogui,0
MarianeBS,2
shubhamkr2,1
smyrduran3535,2
PaolaDuriff,1
jankipmehta,1
viniciusgois711,1
marcomiduri,1
artursantiago,1
MohammadRS,1
miguelretroz,2
joaovitoroliv,1
barretoMarcosPaulo,2
ElizabethRamos,2
marianajo,1
linefmv,1
J0sueTM,1
MuradTcen,2
Gill3s0x01,0
giverplay,1
Aaditya1978,1
f-nely,2
pamellaazevedo,2
qwexvf,2
Luh09,1
rosana-moreira,0
brigida-oliveira,2
gabiponcet,1
neilsonfaria,1
hrsajjad844,1
anizioQ,2
mohammadhb,1
DionneNoellaBarretto,1
Engineercc,1
abasjr,1
1tjunior1,2
danicunhac,2
aocattleya,1
Mystified131,2
ArmageddonKnight,1
EdsonLucasbd,2
VitorMartinsSoares,2
LangZhai,1
kazuwal,0
sajanki,1
johnjimysom,1
juliafealves,1
saucam,3
davigl,1
ahmedshahriar,1
Kuuuuuuuu,1
Rfontt,1
airtonlimajr,1
Deborah1464,2
lucaspmatos,1
alokrai0607,1
hossein-eshraghi,1
PW486,0
santiagomarcos,1
tofuninjah,0
NyanWhite,1
Devsgeeknerd,2
kinshuk-code-1729,1
jose-bone,0
raelalves182,2
XTL-666,0
victor291201,3
DaeSeokSong,2
Hackjaku,3
Unix-User,3
mohadmn03,1
ilymonkey,1
SandhyaKapoor,2
PixelsEngineer,2
milaabl,2
FormCms,2
adimael,1
sepandhaghighi,1
beyhosni,2
FB-5,2
guerbejhamdi,2
Wesley-Sinde,2
rromulos,2
alikhosravidev,1
joaov1ct0r,2
flupynho,1
nickorzha,2
LeonardoMancilha,2
manuelczs,1
KhaldiAmer,1
Luciano-Ferreira,2
abirul3881,2
JoseAlz,2
shahradhdev,2
fspofficial,2
phumoonlight,2
LakshmanKishore,2
NebulaNode0728,2
martinvaldivia,1
DevKob,1
ZakariaAitAli,2
Irina-Smol,2
kehoecj,1
cmariot,2
fahadbingit,2
kevenescovedo,1
govind527,1
MetaverseQuantum,1
hacker-r3volv3r,2
arrudacaio,1
jondo89,1
KravitzMC,2
Campos-Silva,1
matheusz98,1
vitoralvesp,2
Jeferson-Peter,2
Ajay-056,2
Oseiasdfarias,2
mariabarkouzou,1
Larissamrs,2
Vanreis33,0
mkiziltay,1
descholar-ceo,2
Anish177,0
ehernandezvilla,1
biohack5079,2
malone0323,3
Wesley-Nunes,1
tolgaboroglu,2
MiloosN5,0
mohammed-b-hassan,1
DineiSF,2
Ryan-Menezes,1
MatiasRaulIbarra,2
NicolasLopes7,1
tail-s,3
sandipanrakshit34,1
yfgeek,3
kfjohnny2,0
igorrgabr,2
sedir,1
paulorcmendes,1
TiagoEude,1
Murilodospacos,1
iDallek,2
VISH01AL,2
binaks,0
DougAlves,2
vilarjp,2
erneani,1
ItaloGSM,2
arturo32,2
will-lucena,1
zhensherlock,1
tugberkinci,3
JuanAgustinBruno,2
whatisaghostwriter,0
sisonnikolai,2
fcolobe,2
cirejr,2
BearToCode,1
juancpan,3
gostjoke,1
Lahoucine-hrird,2
lalabib,2
myon-bioinformatics,1
pnzrkmpfwgn,2
omotomiwa26,1
NerdGuin,2
ohmysaudi,1
Arnaldoeloi,1
RainyNight9,0
codemedic213515,0
abdu11aev-samandar,1
MuhammedShoeib,2
MoeinDeveloper92,2
Growtree9,0
ashkanm04,2
miralice5,0
NyasimiPhilip,2
Amir-Afshar-1,1
arnob-webber,2
joshl26,2
shahriar-rahman,1
Bokza,2
bstar0406,2
kasimoguzz,1
Jide-Muritala,2
tseijp,1
KayllaneGPina,1
savith12321,0
fireshark0318,1
arsammojtabaei,2
Rugama189,0
Tropul,2
DinisIvan,0
MafujShikder,1
rohithadassanayake,0
code2lives,1
robertsprinkleunsan,0
mauricioPReis,1
beinjamin,2
Murilona,0
Muranderr,0
inviliop,0
talescolman,0
Boarhlina,0
Demencun,0
kerenRava,0
Valpiol,0
TanmayProgrammer-13,2
Fredsandoval,0
KrishnaBishowkarma,2
suchismita004,1
davidgit0408,0
ellen-simonyan,1
alteakapxhiu,2
cryptoforge318,1
XCr-9,2
narciss369,2
phantom-98,2
RohanM333,2
kingsleyesisi,1
Chain-Reactor,2
bogdandratva,2
GOKSEL2022,2
ezakariaa,3
rmnkmch,3
abdumutalibov,0
gabrielestefono,0
MMDShen,0
Coder-X15,1
Bleu-Yves-Sopoude,1
tomemme,2
MuchokiDavid,2
alighasemi889,1
its-prithvi-raj,2
IROpany,2
pkounoudis,2
adonistoday,2
Jovanysfive,2
Gubintongxue,1
MedTechHQ,2
SoftwareFixingSoftware,1
RomanK2311,2
XProfessional1130,2
IasonOrlandos,0
toukir-bd,1
fullstack-dev3,0
GAMG-94,2
Solidesphere,0
ebetap,1
waldohidalgo,2
Curio5813,2
goldenhand76,1
AhmadReza-G,2
Mohammed-Saeed111,1
shantunparmar,2
AlonsoK28,2
SrWither,2
WonderEagle,2
gthdeiby,0
naeem2000,2
JoseAdrianRodriguezGonzalez,0
masud-pervez,1
berdfandrade,2
omarashzeinhom,1
MamdMehrabi,1
tigawanna,2
anaseem80,2
Agni133,2
coin96,2
elfgk,2
Xeni-aa,0
vkl15,0
Athmika-vs,2
abdulrahim-ramadan,1
imraazrally,1
ThomasCeccon,2
Leo18ss,0
gabrielclaret,3
MoisesSDelmoro,3
analuizataveira,1
30omda,2
Sujan-shrestha7,2
priyanka1144,1
hanzla-sib,2
rajuranjan00,2
victor4rthur,2
EuricoDNJR,1
Draikth,2
soheylasadi,0
whitesnow515,2
afsalkhanmdt,3
xxspell,0
dayoonasanya,3
Swordmadagascar,2
macseed000,2
SadLiter,2
Bond0010,2
senkoc1201,0
Raza-dev2009,0
prabinpanta0,2
lantern74,2
codestar3524,2
mertcallik,0
mohy7792,3
Vince-arch,2
coolboydev8,2
Hamadabcn,2
AmyMarie1,0
liuwei0817,1
Talented0Dev,0
Bilal-Aslam-Dev,1
purity111,2
timon-eth,2
MariyamSiddiqui,2
wsjishan,2
MehmetBozkir,1
PouyaniArmin,2
a3108010,1
XiaomingX,1
raul-khan,3
ViniciosLugli,2
c4mpos-dev,2
lucas-sacchi,3
lucaoshow,2
LinkedEmpJR,1
theRealCarneiro,2
Rafeuz,0
MateusGildev,2
G4rutti,2
Jelff,1
hugo-leonardo-dev,1
gleitons,1
IsisYasmim,2
RicardoX2X,2
lucascsl11,1
julia-lika,2
vict0rcarvalh0,0
Frn-sz,1
michelebazana,2
laurabentper,0
jonnymariani,2
fabinsz,2
ClaudioBotelhOSB,1
pedro-acviana,2
freitas-renato,0
giovannifilho05,0
LuanLiduario,3
rafaalberto02,3
Gabrimeireles,1
Gabrieel-Santos,2
carolineccorrea,2
vanessarangel,0
ReVitorino,0
rperezibacache,2
karineferreiradeoliveira,2
juliocmalvares,2
noeleguimaraes,1
bialyh2o1,0
DarianeLourdes,2
sgeozi,0
LucasAST,2
brxndhx,0
carolana,2
Gilberto-Rocha,3
AlexavierDev,3
vandemberg,2
AryaneLadeira,2
NIkolasMatos,2
matttheus,2
Vicovolan,1
WanndersonOliveira,2
J0ZEH,3
NmMarcoz,1
Rharuow,2
maironf,0
SaraMaria,2
FelipeSousaRocha,2
pedayako,2
xgustavoh,0
deniseicorrea,2
almeidacavalcante,2
DenisWO,2
Tatiara,0
NetoGerardo,0
LenilsonTomaz,0
duardodev,2
elielvisrocha,2
kethellynWend,2
tonalmeidadev,1
lluissf,1
Csouzaf,2
JGA7077,2
lucasveiga19,0
annabeatrizpereira,1
ciureaalex,0
LeonardoASCouto,0
CezarPoeta,3
WilliamRobertoFerreira,0
airtong,0
natachacgr,0
matheusvhs,2
zSh3rl0cK,1
NavesEdu,1
henrique-pizzoni,0
tolengvicky,2
juliadsilva,3
lara-conte-gomes,2
Guerzony,3
Guilherme-souzae,1
EdmundoHPSilva,1
edgardantas,1
DanielLucena,0
F-Quintilhiano,2
Lucas-H-Martins,2
Joao-Dutra,2
AloRay,2
karriz-dev,2
himasz,2
georgie123,2
amirabet,1
actiago,2
brenobattaglin,0
maniamadrid,0
KrlitosForever,2
busy-mac,2
dimasmaulana,2
553195418,0
amitdhanani2012,2
fjzeit,2
jjmacagnan,0
eric8810,1
rorypeck,2
NCherfaoui,1
WellintonRodrigo,2
Kirstenumali,2
canata09,1
julio-cmdr,1
furkanuzundev,0
reinaldoper,1
Ivandrog,0
ldantas-s,2
stuartasiimwe7,1
alakise,2
korbek99,1
ricardobalk,2
brunopetrolini,1
JeanDuarte00,1
affkoul,1
paulovitorguedes,2
beamiter,2
earthtopomaps,1
55382,1
HagarMostafa,2
rizitis,2
gabaugusto,2
DFOMULAR,3
dinakajoy,2
mojtabashirkhani,1
LiuCong2017,1
CristovoXDGM,2
haoranD,2
ValdielsonSiqueira,1
Pr3d4dor,2
Xanarond,0
sherafatpour,1
refcell,3
marcelo3macedo,2
vmlemon,0
Arcko,1
luqonhas,2
felipe-tneves,1
gabrielvictor0,1
RivnatZille,1
relue271,2
MoisesAbraao,2
WAT36,2
araut1,2
hiltonfarias,0
CodeLover254,2
ssanders,3
albertofernandezvillan,1
ihackcode,2
laozhou42,0
soycamis,2
TarcisioCarvalho,1
Tsuyoushi,3
n-jun-k2,0
AngelDarco,0
bilallgunaydin,2
amirsefati,3
Diego-Schmidt,3
gapolli,1
monopolynomial,2
Christophecs2,1
vittee,3
EduhPereira,1
diogo-alves,2
RedJue,1
marialucis,2
Anyesh,1
rhuanhianc,1
faridprogrammer,2
ptosbc,0
ishma8789,1
ZapeeoSheikh,1
webalpha107,0
guilhermez2006,2
mahanta-mayur,1
ItsBenyaamin,2
alancjo,2
Ez3qu14s,0
C8359Frank,1
octaviareika,1
temirovazat,2
jorgecrodrigues,1
Xornotor,1
luanpanno,1
MariaEduardaDeAzevedo,1
cleberabreu87,0
leoszm,1
sewphl,0
rupam000,0
astroxii,3
chebupelka8,2
abbarbosa,2
fernargdev,2
ihsuncloud,2
DevCodeMathias,1
Cristina-Silva15,0
FilosoDev,1
sumine-zl,0
racar,2
elizagotardi,0
AvaAvarai,1
orioonyx,0
melpalhano,3
caio546,3
Christiangsn,2
ali4zimi,2
BcanTayiz,1
Filin1985,0
zharrane,2
acuervoa,2
dora90,0
felipealbuquerq,1
thiagogonk,2
Emelinur,0
ChappyInnova,1
mary270,2
bccpadge,2
FabianaCampanari,1
JesusGautamah,1
Dream-1211,0
arthurpbarros,1
MaVitor,3
naruhitotakei,3
lucasgmpaiva,2
adrianomonteiroweb,1
tchaguitos,1
luiznasciment0,2
dthabata,3
iiizadora,1
RicardoBaltazar,1
liviaalmeida,3
leticiamrosa,1
AlineHoshino,2
marianapcorrea,2
jmurowaniecki,1
michaeljymsgutierrez,2
Kodeumeister,2
gloverola,1
edsoncarlosdvp,2
crimanlor,1
collinskoech11,1
cagllan,0
FedericoSchonborn,2
JUGG097,2
silviacfreitas,2
Leidiane117,0
JoseMayke,0
justlucdewit,2
lucis,1
kkaori146,0
camilars,1
mirianfsilva,1
PriscilaCobra,2
vitenorio,2
souzadbr,2
ericcristhiano,0
KatherinAguilera,0
guilhermecaixeta,0
mbemvieira,2
muhammed-ajmal,0
giovannyortegon,2
aerdogan,2
Logstay,1
gabrielgfw,1
xterikatx,2
JacsonF,2
slick-codes,2
musajubril,0
gymitoso,2
inyong37,1
Zeynebb,1
AbhishekSRajput,2
luanamota,0
Trincazul,1
frapimoneto,1
k4y4k,2
sidinei-silva,2
booscaaa,1
gh0sthx,2
peterirlam,1
RenanTRS,2
veyselaksin,1
prashiln79,1
fabs-silva,1
fabiofrasson,1
YamachitaR,2
duduribeiro,3
paulofreitas-py,1
MiliWerneck,1
tiagofga,1
jvgoncalves935,1
andgomes95,2
coluzziandrea,1
mgurdal,1
jestevez,1
Randagio13,1
Ascii,2
mpsdantas,3
Sankalp679,1
petrostrak,3
jebitok-dev,1
MohammedRashad,2
bugemarvin,1
geekwolverine,2
wesleyara,1
BillyFrcs,1
GustavoJuvino,2
ahmedopolis,1
hasankemaldemirci,2
Ashish33000,1
codeninja819,1
VitaminJuice,2
davellanedam,2
kamarros,2
arihant-jain-09,2
amirkhodabande,2
1King-coder,2
andreyscott,1
Tumworobere,1
beydah,2
MR-Addict,1
DiegoBelPe,2
sujeetcoder,1
jeffrdev,2
droidhazard,1
CHIdinMaij,2
kidde60,1
GabrielFraga962,1
AlexMuia31,2
marcuwynu23,1
anggriawanmr,0
vahan-sahakyan,1
Rangel-Floripa,1
INNOVASE,1
Juniordell,2
ritabradley,2
XorAndre,1
carolinanonato,2
acharkizakaria,2
Linux-Player,0
terrotar,2
Axel-07,1
luizgustavoabreu,2
pheihuihui,0
deniswou,2
Abhis113,2
Adelabuadeleke,0
Devxman007,2
hfdzafrnsyh,0
KhanbalaRashidov,1
NeiTDutra,1
jankozik,2
yasemingurbuz,1
iceburgcrm,2
MateusTheodoro,0
moisesfdasilva,2
SumanthSMayakar,0
IntrovertedFL,1
develhopper,2
ThadeuCesario,1
kuri65536,0
rdelbem,0
MARCIOMM-LL,2
fedebayer,2
GeracNeto,0
ptheopo,0
B-Esmaili,2
SpySioutis,1
lemorage,2
kbmbarreto,1
KhantParthkumarA,2
oddcommit,2
nenadmarinkovic,2
eversonmariano,0
kamuranturun,2
Gokay1904,0
jrbytes,1
CodeStarX,1
SerapPala,3
Abel5173,1
haruoSugano,3
CauanDZN,1
madfauzy,1
gab-meier,2
martinesgarcia,2
ravikantsinghsta,2
LorenKociko,0
rmneves92,2
enesvardar,3
Anvi98,2
CelsoUliana,2
leocassiosilva,2
hamzaessaady,2
abdelp,1
bruprado,2
CamilaLibanio,2
ullaskunder3,1
Galvezka,0
SarahBrandao,1
jonhealy1,1
PawelStepanov,1
webjunkie01,2
CalebCheptumo,0
WizardSource,2
ielepassos,0
dellipi,3
rodrigondec,1
LeonardoRafaelDev,2
marcoswlrich,2
leoappio,1
MichelPomerantzeff,2
AndreiMuraro,2
joaovictorf01,1
nathaniellane,2
Akshay-Vs,1
thayannevls,3
ibrahimgurhandev,1
kocheko,2
vinigofr,1
BlueBigThink,2
sambitraze,3
lamanihani,1
erafaelmanuel,0
ky-bot,2
chongbenben,1
SylviaAchieng,2
alvarofpp,1
johnazedo,1
duartefq,1
AsmitJoy,2
emanoellucasml,0
sunsea705,2
dudursn,1
rodrigocardosodev,0
NataliaSRiber,2
flash898,2
leonardo-pinto,0
rsbastos,2
pedrotrasfereti,2
gbrsouza,1
joanmdrs,1
Laxime,0
Manchaco,0
JPdeAzevedoLima,1
FelipeTiberio,2
enjelhutasoit,2
mateussantiago,1
Thauanny,0
emtesoam,2
santanasara,1
adityaadhikari15,2
hiwijaya,2
polatemre,1
RealTheOne,2
douglas-espindola,0
saravanansam2997,0
MitkuDubale38,1
hiddro,3
hamedaskari,2
B-Coomber,2
mfcaicedo,1
obaydullaa,2
dithiane,0
tigertv,2
parthi-siva,1
seanwallawalla,1
kelseykm,1
Akif9748,1
joswinemmanuel,2
Francesco601,2
emmaprofemx,1
Francis-Mwaniki,1
MelihKrts,1
amir4976,2
imyasha,2
businessservic,1
GulsenTekeli,2
hurricanehunter0702,2
AvineDev,2
amriddin26,3
Nurvural,2
damthang111,0
felixdev0429,1
evinw,1
FrancescoPaoloL,2
joybiswas007,2
ShahramShakiba,1
dakohhh,1
N3v1,1
olehrab,1
Mavrizik,1
Abd-Elrazek,1
mattnix4,2
freshposh-code,2
lolbetyou,0
viacheslav1019,2
OpolaDiamondTricky01,1
tryevertthhub,0
AlizerUncaged,2
lovelyBestDev,2
loisedavi,0
AshleySato899,1
Respor,0
Zinberland,0
Castiona,0
Marleede,0
Pawarravipooja,0
Hoana1995,0
Catell,0
Mangapro,0
AbolfazlAbbasiSaeb,1
jayjaangid,1
cmdsnr,2
vhkechichian,2
DMGitPOS,0
ankitaa19,2
webcat882,2
siergiejkwasowdev,3
ghodsweb,0
sevenjunebaby,3
AaqibhafeezKhan,2
donniekaham,1
diogocarrola,2
Iwayemi-Kehinde,3
GulAkberova,0
Jaycuppp,0
CaptainBawa,2
Baraka-Mulumia,1
AMAN-SHEIKH-GIT,2
europeanplaice,2
mohammedhrima,3
mokhtarmramadan,2
aivan2798,2
abolfazlmahdikhanii,2
Islam412,2
yowatanabe,1
dmytrokabanets318,2
abieth,2
uradev0123,2
MITSUHIRO-KURIKI,2
roll1226,0
soheilghs,2
vcvvvc,2
kayak4665664,3
kuzkinov,2
nuranferhan,3
negar-karimnejad,2
luizjxcoder,1
maziyar-gerami,1
monicaavagyan,1
Berimor11,2
FehmiCitiloglu,2
zainab0077,2
nashs789,2
kajolvortex,1
tanishq-ctrl,1
hassan7303,2
ArianeCavalcanti,2
emrahbyz,0
darkhorse374,2
ismail786-ui,2
pooyanazad,2
Code-Crazier,1
AhmadrezaHamidi,1
Mohamed3nan,1
N-Laboratory,2
mmujtabah,2
Ghassen-Hizem,1
Phanurat,2
canopyua,1
longphanquangminh,1
1AoB,0
Hajer45,0
ArtemPchela,2
benniematiko,1
rnek0,0
Paulo19961944,2
AhmedHoussamBouzine,1
psuarezdev,2
sarnaz1304,0
NigarOrujova,0
LiuYuancheng,1
sohrabkhanbadr,2
NicosNicolaou16,2
CaiqueSantosOC,1
CyberPhantomsGroup,0
TalentKingPython,2
wissamdeveloper,2
manmaks,0
MehmetErtass,2
mustafaanilkaradavut,0
alisher-kadraliev,0
cengizeryigit,2
Estate360,2
judeotine,2
awinooliyo,2
jamest33,3
rasoulMoafi,2
danovd,0
Lucas-Woibau,2
SurfaceB00k,3
solitarysurvivalist,1
memeulouus,1
zhenglu0,1
MKRLancer,2
awais-student,2
maksymhu,2
Jeyhun1227,2
diegojrodriguess,0
Moslihbadr,2
BarbaraBarbieri,0
PedroHugoCoura,1
acrenno,2
wesley-marcos,3
Mysterion147,0
coelhalice,0
viniss211,2
fernando-ff,3
Matheus-Emanue123,1
PeedroHG,3
joaopaulocruzdefaria,1
xbucks,2
Mahdi-Shabani,2
kanerodgers7,0
luckyboy2790,0
goddev1026,0
arash-salemi,1
herokwon,0
moein-bld,2
Flatplanet69,2
hridayarajbanshi,0
zaidod,2
tharyckgusmao,0
JayFreemandev,2
DmitryTatarintsev,1
Dass23M,2
codingwatching,0
edelveart,2
MonkDevMast,2
vintagewang,1
owaisazmal,3
luckyfrlife,2
AMANn5153,1
mensahTribeWeb,1
FeynmanDaUSP,1
zakriaalmorissi,2
legendy4141,1
rudushi4,2
leionion,2
abhiradadiya07,2
MISHOW2,2
ifaboy,3
sonnie36,0
MostaphaSobhy,1
RichGelinski,2
storm1033,3
krobelus1990,2
nikharx,0
SuperCreator90,0
SACRlFICE,1
Waledsakr,0
AttackOnMyFeelings,1
vahideabdi,0
cook-blacklegsanji,0
Sockmyclock,1
Sharon112211,0
Candace1122,0
Endale2,2
dirambora,2
albindavidc,1
ikanurfitriani,2
ca1ik,2
Nikoo-Asadnejad,1
Kxrma47,1
EgemenErin,2
tubakhxn,2
realcletusola,0
AnyumbaKE,1
DevMCalderon,2
PAYDAY3,0
mongtte,0
jagdish97897,1
ahmdsami,2
JVOttoni,2
MuMartins,2
LucasRivetti,0
pedroh-leao,0
andrechagaslima,0
Leoz-v,2
KarinyxD,2
PaulaCCarvalho,2
lrdass,1
AdelsonJ,0
marcosmn,2
PatrickMeerssche,1
lag00n,2
denzylegacy,1
Bruno1406,2
Aimnos,0
fe-lino,2
Kayna2D,0
GabZamba,2
thiagomes07,1
Yuhtin,2
AnaBeatriz-Caiado,2
EduardoNascimento02,2
edukatiau,3
Gabriel-Raniere,3
smmstakes,1
felipetiozo,1
evertonrch,3
Erick-DAS,1
Matheus10772,0
AntonioSGJR,0
lvcastilho,3
FelipeBrazM,2
vodiniz,0
EvaldoSouza,2
erileneoliveira,2
danielcarneirotech,1
alexsfs,2
rodriguezbarreto,1
cfwm,0
vcostap,1
d1eg07,3
Victorb999,0
jmateusaleite,3
MagnumCortez,0
gabrielacalhau,0
murilodamario,0
gsalmao,0
AntonioLeonan,0
meimarcel,2
targino12,2
lukzgois,2
hialves,2
VictorLoures,2
pedrovitorqa,1
AugustoVictor94,0
DanScherr,1
leonardo-minora,3
mcmgeomagic1,1
D-ANIELLUIS,1
Igorhls,1
gabrielftavares,2
alessandraperegrino,2
dantas-jl,3
gustavohigor6,1
almeidajonathan42,2
murilobnt,2
wilsonsf,0
joodavi,2
Luthato,0
tccmbr,2
Rafa-Marce,0
GabrielBarbosaAfo,2
moreiramax,2
gglabreu,1
fabiano1133,1
ThiagoAlmeidaDev,2
LuizGafanhotos,2
Markesxd,0
zejuniortdr,3
thigcampos,2
ViniciuSimulacro,0
Maxceleste,2
MelissaBilher,1
IagoCB,1
ari-aju,3
Mizael-Domingos,0
marceloalckmin,2
JoaumPdr,1
LucasFranqueiraInatel,0
EduCR03,0
Lilyan-Oliveira,1
lrgsouza,1
jaumg2004,1
YamSol,0
IsacJSantos,2
decilio4g,2
LNovaesC,2
allysonflb,2
youssef-19,2
Nemo-0001,2
marianibarbosa,2
schulerj89,2
kelvintanita,0
badiniibrahim,2
datstma,1
fezanola,0
zhr85210078,0
karlivory,0
iamharshtrivedi,2
007will,1
huzhanchi,0
condatek,1
clsource,1
top0329,0
marcogermani87,1
DwayneSamuels,1
julio101290,2
leemark,2
gustavoneves,2
issavejdani,2
thiagosanches,0
AgungPambudi,2
IAbuElRuzz,2
mathemaphysics,2
Romulo-Reis,1
NxNiki,3
pegasusplus,0
teddylumidi,3
nathfavour,2
Qinisfighting,2
Ali-0111,1
felipejsm,1
KozielGPC,1
nothingcompare2u,2
Bandi120424,0
PauloBoaventura,2
AlbertHambardzumyan,2
Kgermando,1
Lfkoshe4rt,0
timfanda35,2
KirioXX,1
ALICHERIF,1
ArctoosR,1
Mehedi53423,1
gillis785,0
onurdabanca94,2
CodeWithNJ,1
cosmasken,0
houssenedao,0
yoamzil,2
kucheriavii,2
JohnAnthony,2
gesalous,3
enriched-h,2
thelunardi,3
samuelluzsantana,3
FelipeMarini,1
ViniciusMirandaDev,1
Quatrochifh,0
HugoSVitor,1
Belle-Elle,3
Vinicius-Evangelista,1
LimaGustav,1
Miguel-Gu,1
MurilloAssis,2
patricia-faustino,1
kilerhg,1
RichardRichk,2
Evertonaraujo88,0
PedroFelix40,0
HenriqueBaptista,0
MagiLogus,3
edualvesgt,0
beatrizaraujoam,1
csorlandi,1
unknownmeovo,0
vieiraricardo,1
lidy2374,2
victorbjorklund,2
nathannieg,2
daniloab,1
murillo-nahas,2
arthcc,1
fersilva16,1
vitumenezes,2
renan-augusto3850,2
devIasminSilva,2
zLibrian,1
liverday,1
ErosMLima,1
titusnjuguna,1
freire45,1
ldanielz,2
rubixibuc,0
codecaiine,2
tijko,2
acgoularthub,1
ohmymario,2
davidboerm,2
weidmaster,1
rpairo,2
carlosmolano,1
iamserda,1
muratyaman,2
asmexcaliburwoods,2
prakashbh,2
Y-ZIQI,3
3vfxvc,0
Salpadding,2
Dhmeson,0
miroslavaka,0
marcostark,1
gokulkrishnann,2
icyfanfan,0
carlos-ssh,1
noogabe,1
welberthenrique,1
egalli64,0
MurylloEx,1
HarshalShende,2
ITyouG,2
lanastasov,0
rajkane,2
0xbalazstoth,1
viniciuscgp,1
stevelorenz,1
singerdmx,0
AnaBeat,2
JSilver-Legend,3
Arfaouim,2
messias-code,2
clean128,2
developer01234,0
ManishShah120,1
JkDevArg,2
radithvova,2
Kamania,0
aleksanderpalamar,2
MatheusAlvarez,2
tariktarakci,0
LuccaVG,0
Clalloures,1
polyanetuag,2
anandaLu,2
LorisJunior,2
4-Leafs-Code,1
zeciljain8197,1
frozen-dev71,2
ribeiro-henrique,2
Karinabst,0
ghazaleth,2
MehdiPariz,2
renan-siqueira,2
petk,2
JAremko,1
tokoik,3
learosema,1
lucianafatino,2
thundra1125,0
rcferreira232,0
bispo-daniel,0
fecampi,2
vedil17,1
Panquesito7,2
BestFriend67,0
martsallan,1
carlalrfranca,0
KyleStew402,2
zakarialaouiETU,2
czanalytics,1
punitkatiyar,1
davidkukert,0
vldmatos,1
Faguiro,1
yusup-maulana,1
cambricorp,2
T000bias,3
yuripinheirot,2
michelewtc,2
martinsgabriel1956,2
RashidKisome,2
kahangahanga,0
zbari023,1
sheraadams,2
HumaionKobir1,2
Swati-Tanu,2
Yidnekachew-cmd,1
NathaliaBarreiros,2
mayaratlt23,2
celinatakeda,2
Aldo-Ezequiel-Rodriguez-Mendez,1
leofab,1
yuriy-kulakovskyi,1
Daniel-Gherard,0
lhamadopagode,2
freeman0725,1
hotshinydev,2
Vikash21s,1
liviaaVS,1
Gonzagadavid,2
rafaelafpro,2
carolbenichio,0
lucascprazeres,1
CaioGrossi,1
ravenascampos,2
caue-alves,1
alexlondon07,1
FlaviaLopes,2
techjuliana,2
carlacou,2
oliviamattiazzo,2
victorbxavier,2
tatyquebralayout,2
AlianPro,2
barbaracalderon,2
JeniferAlanaSantos,2
LuSntgo,2
vybarbosa,3
deyvid-dev,1
ElaineMoreira,1
srtapoe,1
dinizmariana,2
JeffTheAggie,1
shoukreytom,2
BILLXZY1215,1
alexlopesbr,2
ferbaco86,1
Keegan-y,2
Gicehajunior,1
FelipeFerreiraSS,2
ELHLAFI-Mohamed,1
nivit,1
herculesgabriel,1
lakithasahan,2
daniel0ferraz,2
kaaneneskpc,1
victorsouza19,1
karenngomes,2
paul0vinicius,2
leottx,0
amberkakkar01,1
LuisMarchio03,2
arimariojesus,3
anapaulafelic,2
priscila-une,0
luizanevesb,1
Giih97,2
ThaisMB,0
JayeshTiwari03,1
jcbritobr,1
EvertonSouzaa,0
holman57,0
mixin27,2
TsutomuNakamura,0
onurbudak,0
Ualb,2
DomeSy,0
hdbeigy,2
abhijit1990,0
marcelosanto,2
jhonataT,1
jgudo,2
Husseinhj,2
jesperancinha,1
rijkerd,1
haticeozdemir,1
bacarPereira,1
JoramWells,2
ekinsuataman,2
arthmalbeck,2
snandasena,1
azdrenymeri,2
melissa-aguiar,1
MustafaSeyrek,2
sn-chege,1
megics,0
swelencesario,2
amrmuhamedd,1
mdnm,2
elisakalil,1
MikaelaBraga,2
oaksmark,0
divyesh2123,1
Raiannecaroline,2
vickttor,1
LorranPdS,1
mablue,2
wevdiaz,2
SamGCM,2
AlexR02,0
Remoliveira,0
siomarapantarotto,1
hu53yin,2
NoahDrucker,3
gabrielsimas,1
JonathanRamosNascimento,1
HypertextAssassin0273,1
explcre,1
tttprog,1
felipe-programador-18,1
kamil-kw,1
dabideee13,2
NiranjanNlc,2
Domingosws,0
Koras02,3
chrislusf,2
woogiekim,2
miraclecra,2
Rencist,1
adamansky,1
irvanahmadp,2
jansenv,3
mr-dvlpr,2
Wesley-Breno,2
sartimo,2
Zahin-Tajwar,3
pfillipi,1
Devkumar2021024,1
with-mahimasingh,2
fab-souza,2
lucasbento,1
laststonedjs,1
anthony-ndegwa-dev,2
wallyson123,1
OybekKayumov,1
omeripek,2
Klowby,2
yasuhei,1
jodfedlet,1
binRick,1
Guilherme2020,1
izhal27,2
EdmilsonFerreiraF,2
yunusemrejr,1
NauhWuun,2
defauth98,2
limaleandro1999,1
AndreDevLopes,2
YujiYashima,3
DHIKSHITH,0
STRd6,0
nancytes,2
anathonic,1
aamirkhan2478,2
PauloVx,2
AllineFranciely,2
vanribeiro,1
Mickaellah,1
maiqxx,3
ibrahimov13,1
araujodanield,2
Romariorfr,1
jonathanyeh0723,2
isaias30silva,2
coutinhomarco,2
honey-creator-git,2
azhernan,0
Vnzera,0
FrancoMelandri,2
mirshahbazi,2
carloslack,0
fabiolimace,0
ehduardu,1
MahdiZandi,1
megath12,0
ClaytonCassi,2
eduardomecchia,1
alemandira,2
deniszola,0
EwertonDaniel,1
iamdeepak199,1
aurora-mm,2
uwenayoallain,1
Otherwa,1
camila-github,2
nitria,2
amzotelli,2
wsasouza,1
felipeholanda2077,2
Ammon21,2
PreciousNyasulu,1
melekdogan,2
hezronkimutai,1
MehdiMst00,1
karynbessa,0
DevashishPathrabe,1
Jardel-Gregorio,1
Igor-Senshov,0
emreuyguc,1
danielsobral,1
DerrickML,1
ProjectPannonia,2
zeromountain,0
GabrielaMuniz13,3
ralvescosta,1
sinamoraddar,1
alt-jams,2
fritssasia,2
AndersonSilva94,1
allanfsgarcia,2
Shantel11,0
ismenialeao,2
juliathemelo,2
TiagoSSGaspar,2
AbdurrahmanKaraoglu,0
cxml2,0
ViniciusBPereira,1
Mudit1234Sinha,2
GeoZac,2
Aidoni0797,2
Jerrysmd,0
NiesciorMichal,1
bounceru,1
raki77,2
WANDEX,2
maksim-volkmann,0
BrunaHosken,1
emys-alb,1
guilhermeyabu,0
antonioadami,3
systbs,0
guilhermeassuncao,1
skapkun,2
thiagothree,1
hna11,1
lrcamargo,3
Bobmaintain,1
opsimata,2
MessiasnovaesTI,1
m2dollars,0
LeandroMatosSoares,2
everythinguwannatobe,2
aadhyag5115,1
Vinealius,2
noghartt,1
dev-alexandre17,2
EmersonJahn,1
anderrf,2
roniets,2
reinaldo-silva,1
mdaniliauskas,1
Rayen-nasser,0
iwilldev,1
blockwizard777,2
BrunaCarla23,1
plh97,2
BrunoLTads,2
deliminha,1
igorrfc,1
arturcuringa,3
jonaselan,1
gabrielmds222,1
felipersteles,1
VictorSilvaaa,1
jovijovi-john,2
uotlaf,0
thiagowallass,1
robertrdas,2
kellyberreca,0
Antoniompw,0
LauraGusmao,2
gabrielanebbia,2
marcoglnd,1
msgaspar,0
Gabriel-sys-hub,2
SamroodAli,1
lucasmedeiros,1
MireleSCos,3
luciamo,0
GabrielleDuarte,0
natanfernandes,1
cleiton-lima,1
DanielLeiros,1
Jhon3,2
medson,2
GabrielUsui,0
carvalheirafc,2
erickos,2
AndressaStefany,2
jotaves,2
pentalpha,1
marianefelix,2
Hamedmostafavi,2
kubrafelek,2
CompetitiveLin,1
figonzal1,1
Zamuhrishka,2
zgrdmr80,0
devpro,2
yueksek-onur,0
b-sullender,1
FurkanEdizkan,1
lssarao,2
yusufdemyr,0
gabriel-gregori0,0
KhunKyawTunwin,1
adhil-bit,1
coolidev,1
AndreyGermanov,1
kennydop,2
SammyLeths,2
InduprasadSR,3
raselldev,1
SylarLong,2
Benmuriuki,2
DebugJO,1
aytekincn,0
sepehrfx,2
kieled,0
cool1209,0
merndev1101,2
fun-loving-otter,2
andreyvdl,2
Nadir2700,0
travinhbuonlam1,2
bobbyray1005,2
aminqasemi,0
Razz19,0
Poriadvin1,2
mouadchahid1,2
Suprememajor,2
Nova0222,2
testdrop7476,0
awaismohammad23,2
Olivianik,2
omersaritemur3056,2
JihadHamdy35,2
penguin011,2
blaze0330,2
prabhattopi,1
MahinMuhammad,2
Joondeka,0
echo724,1
elqessouartariq,1
DorisFriesen,2
Coyolx,2
Versinho,0
gustavowl,0
