login,cluster
AguaPotavel,1
italosantana,0
eymel,2
Justice-Orogun,0
Adarsh9616,0
uadson,0
Lazytangent,2
hiagopsilva,1
driellyps,0
jsilva23,0
rafaelaprm,0
migueravila,0
brunojuca,0
whitedragon3257,0
cvinicius369,0
datrexora,0
GihanJeewantha,0
SUBSPACETR1MINE,0
JagadishSivakumar,0
alicaglayan,0
Siddharth1698,0
Programming76,0
h4m5t,0
Ninolos,1
renansantosmendes,0
GeunSam2,0
taisserodio,0
LucasCalabria7,0
lemtd,0
marianaccq,0
kathleenrego,0
luciangomes7,0
AnneGoncalo,0
Trunkol,0
AnaGoncalo,0
carlosemv,0
martalais,0
carolmb,0
harguus,1
totabraz,0
Ramon-Mateus,0
roliveirapereira,0
PedrooHcb,0
BLRocha,1
SauloDanielArts,0
joelbrs,0
rafaelcicerojoe,0
SamirSouzaSys,0
gabrielborralhogomes,0
gabrielsilva28,0
Soliun,0
Hematophagus,0
souza-jpeg,0
pedropva,0
neliareis,0
YagoGomesDaSilva,0
Caca404,0
GustavoMiyagawa,0
luiseixas,0
diego-rib,0
GustavoLemes97,0
gabiazevedo,0
josanjohnata,0
lucianolanes,0
bigbigDreamer,0
RafaelCes,0
vitor-m-cardoso,2
bbeatrizr,0
Arthur-Ita,0
Rafael2208,0
frederikme,0
congshengwu,0
gsabreudev,0
MoisesCatonio,0
alanIF,0
gentil-eilison,0
nilmarlanna,0
Lucas-Braz7x,0
cogumm,0
gandhigautam,0
HemersonRafael,0
vitorhenriquec,0
Larissagilliane,2
daniellycosta,0
nandomaciel,0
AndersonSMed,0
ja0n,0
sarasouza18,0
gellyviana,0
jpholanda,0
edivaniap,0
thaislins,2
raquel-oliveira,0
SeuRAUL,0
santii,0
zrcing,0
StefanYohansson,0
erick003,0
AtysonJaime,0
silva-thiago,0
gashawgedef,3
mjamilasfihani,0
jeroenvanwissen,0
pknb213,0
SalamanderCtesiphon,0
aniebietafia,2
El-Potato-Slayer,0
suncheck1988,1
ozturkgizem,0
abu3beid,0
lucapelorosso,0
pkumars397,0
bugratemirci,2
yangvi0158,1
Theedon,0
DanielEmill,0
binos30,0
qmclouca,0
junxian428,0
Alekla0126,0
PMunyao,0
lcslima45,0
guitarkeegan,0
bertanulusoy,0
JonesGP,0
balogun1104,0
niba291,1
LHCyGan,0
majestyjnr,0
DouglasSilva2,0
danilomonteirosouza,0
BilalLiaquat7,0
lfrclnando,0
fly51fly,0
Neos21,0
ugrkilc,0
caiocampos,0
tr-secgeo,0
kxndemir,0
SELIMCNR,0
ryanfavour4,0
aliirzid1992,0
cyb3Rs0c,0
milan8008,0
YigitEsmen,0
mateusvpassos,0
lucaspereirasouzat,0
jazdmiller,0
ada8fshr,0
alanursirin,1
AnuragNagare,0
huzgrx,0
BILLKOLOS,2
Gabtech1,0
rmoujan,0
lucaszaningraciano,0
Thaliaraujo,0
buemura,2
smartman1234,0
LucasBorges4,0
FelipeAlmeida010,1
fbiohenrique1,0
DyegoWolf,0
hirokisaito912,1
jeo17,1
basaranseyma,0
GessycaBorges,0
AHGh1386,1
rarikmilkrai,0
medazza,0
NimaKhajehpour,0
Barbalho12,0
marcielleal,2
JohnVict0r,0
0xopsdev,0
flyphoenix31,1
iPankys,0
benbobyabraham,0
thyall,0
eduardobezerraz,0
dougdotcon,0
shayanizi,0
Summair,0
jawad846,0
lucaase,0
who0sy,0
neonek26,0
Igor1208gabriel,0
wendellmeset,0
mthlssn,0
em4nuelvt,0
RamonGiovane,0
taisadefante,0
leonardorifeli,0
roytmanpiccoli,0
cuteman9969,0
Pratikdate,0
keila-camara,0
extremecode716,1
mehediislamripon,0
BillZak,0
supervoid0,0
ErtungaYusuf,0
stanislav0412,1
Majumder99,0
imvickykumar999,0
ProgramadorWebJavascriprt,0
Natasha2121,0
mrlemoos,0
rtkktr,1
TSolutions3A,1
typor,0
sumeet85,0
vishakh-abhayan,0
belajarqywok,0
LewdPain,0
MecaFlavio,0
lazarm520,0
gavanwp,0
Bukunmi-sketch,0
mlpao500,0
infinitesky4444,0
alwayswithu0712,1
serhiidev23,0
AbdulrahmanMasoud,0
merwin-asm,0
Ritzkhan,0
timbertinker,1
FatihArslan-cmd,0
zakirkun,0
trulyursdelv,0
lalitpatidar-001,0
Mojtaba-Ahmadzadeh,3
josemle,0
speedspeedo,0
nnadii,0
darkhorse34,0
mickey951112,0
denpiligrim,0
enyasantos,0
lkim227,0
thamiscoder,0
chicolucio,0
rafael-hsm,0
tiagotardelli,0
c137santos,0
aurohm,0
hectrhcc,1
IsrafilHallac-ih,0
moxie-coder,0
TgkCapture,0
Linf0rd,0
Gary-In-IT,1
moixllik,0
Arkadiy2907,1
vladislav0sidorov,3
muradorucov,0
tyronejosee,2
Floturner,0
Shekswess,0
omerhalid,0
pattiesanchez,3
rkenneybrew,0
Farid-Karimi,0
MaximGudkov,2
keith-flynn,0
KingTiger0930,0
hamidgharibe,0
aboveStars,0
AAyar94,0
Kimyagar,0
TitoBotelho,0
AlbertSolomon,0
MinenhleNkosi,0
Cs4K1Sr4C,0
wongwil,0
adithya1010,0
rafeul19,0
john-eric-rocha,0
Sara-ibrahiim,1
jwald3,0
a-thind,0
NipunaRanasinghe,0
DAK404,0
G-MAKROGLOU,0
Alitindrawan24,0
ArashShiri70,1
bstordrup,0
ATravelerGo,0
Cardkess,2
ronnmabunga,0
novacat25,1
shinydev618,0
misterrager8,0
NikolaiProgramist,0
Teriks,0
Ichrafsassi,0
Deangeles-Augusto,0
AndreyJVM,0
Alvalens,0
quintin-dev,0
beIove,0
Marlon-Sbardelatti,0
afsalat,0
thangtrantt,1
saharmv66,0
MHasannejadi,0
Syaw0,0
eross220,0
Anpidev,0
Peharge,0
gocklkatz,2
rajarshi-mandal,0
danialtrehan,0
mohamedhesham221,0
Usman600,0
rozdolsky33,0
gokturkturan,1
Zer0-Bug,0
apenfe,0
SudharakaA,0
RameezRS16,0
angrybee7,1
muladz3gio,0
kenrique100,0
harunkarakaya,0
mohammadrezarouhani,0
owokosteve,1
welderessutti,0
JOSHUA-A69,0
evgeniy-dammer,1
1argeD,0
solidsnk86,0
yacin-hamdi,0
muklisaprilian,0
Jooker302,0
HamiltonMultimedia,0
LamichhaneBibek,0
KNOWN-AS-JJ,0
Absattar22,2
Zack4DEV,0
tobias-barakaa,0
syarief02,0
seyyed-amirreza-hosseini,0
moein-shafi,0
Autinfit,0
Buddhikanip,0
Hossein-Haghshenas,1
EvsMikle,0
mamadohack,1
flavokrkkk,0
danielBRTanimacao,0
Dominic2000code,0
Hamzeh01,1
jitzian,2
kinuthiaduncan,0
weznn,0
gabrielmjr,0
nimdz,0
holikyan,0
Debang5hu,0
elephant402,0
slensoft,1
GACanova,0
djsmacker01,1
awgeezrick,0
alexspurlock25,0
krishnasism,0
LinaYorda,0
ms3c,0
Jisencc,0
amusukwa,0
TheVeryDarkness,0
404c3s4r,0
pefbrute,0
brian-chebon,0
habitCoder,0
oyabun-dev,3
Chikun2004,0
CENGTOKSOY,0
ben-dh3,0
Susan56789,3
PessahDerek,0
erdincerdgn,0
katon26,0
Pedro0000000000,0
SpaceSkater,0
WenDEVLIFE,0
MatheusAlvesPereira,2
corecaps,0
rgvbatera,0
Paul-Cavain,0
visaladi,0
cihandundar,3
ProVisionDevs,0
Jiimboeq2,0
tainnsre,0
marmila,0
WellingtonEduardo,0
Mudavath-kumar,0
orlein,0
7k8m,0
hmert,0
top-comengineer,0
abhinay5993,0
dunwe,0
NellaManzi,0
AquiraS,0
erfuuan,0
Stink-Po,0
shinjons99,0
applewood101,2
BharatVarshney12,0
GKARLOZ,0
maxzaikin,0
Jon2G,0
KK-9684,0
ubeydeozdmr,0
Muhammedessam11,0
DrxcoDev,0
indranil143,0
mariarodr1136,0
BehnamAkbariBm,0
Ahiamata-Gabriel,0
Frombull,0
altifuse,0
idkvarg,2
alvaromfcunha,0
ItaloRez,1
PedroNB10,2
jenirfs,3
MatheusBraga71,0
alanfranciscos,0
vitordangelo,0
fr4ct1ons,0
felipecolares22,0
mathiaslima,0
pegalvao,0
matheusvra,0
oilucaslima,0
Max-X2,0
sucepass,1
chris-ruther,1
alexist2623,0
iamirsalimi,1
Matross-20,0
Iskandarovih,0
xelvhk,0
innocentemutabazi,0
AdityaBhusal,0
jeanfsantos83,0
CodebyCyrus,2
LeoMSgit,0
code-polaris044,0
rmottanet,0
Samukelokhathi,0
dengaertig,0
BarriosXJavier,0
kdingin,2
urlichelim,0
Lewelling24,0
NathanAlmeida2006,0
joseph-smith-swe,0
ICodingStack,1
GabrieleGlinni,0
Finaldestinatixn,0
zhenrong-wang,0
bibashjaprel,2
Jackso010,0
TiyisoWolfiez,0
md-jahid-islam,0
techcaptain83,0
Alirezz2020,0
7flash,0
arthurkoblet210,0
suxrobGM,0
mosipamo,0
jnopareboateng,0
NoemiaGitHub,0
ImanRHT,0
robertobouses,1
alwaysPasindu,0
KomkovAleksey,1
OrionFable,1
DataRaj,0
ahmad01ali,1
robert1811,0
TechTalkZach,0
ankitsinghh12,0
LadyJessie19,0
MAR-AM,0
klcreech,0
carloseduardobertucio,0
DzaferDz,0
getahunabr,0
MohmmadTikani,0
SinaMasterMind,0
kishan-ghetiya,0
jlcarrascof,0
nyancatenthusiast,0
Kylewalker69,1
gideon-simiyu,0
YesianRohn,0
shinaayomi,0
LonguiVic,0
whopperburger,0
Said-Ait-Driss,2
safuco,0
senior106,0
zachsbloodshed,0
Sudhanshu-Ambastha,0
Dosssei,0
cemetery-girl,0
DEVitor0,0
special-kate1004,0
japhethkemboi,2
Digitalpuuret,0
DULCEH0RROR,0
seniorreactjsdeveloper,0
kdn0325,1
Gjadam,1
siracsimsek01,0
johnny-estrada,0
PixelNon,0
ketchupowlz,0
Kami-don,0
elmur0d11,1
Sai-Ishaan,0
lucazammataro,0
mahdihasanaghaei,0
Sharmadipti98,0
AymanMady,0
kumsa-Mergia,0
xaviermontane,0
Ciprwoo,0
Danteon0,0
Pixelaspin,0
QuantumCryp,0
Areenzor,0
KKMOfficial,0
amineleghouil,0
PRASANTH-MARSH,0
hoseine6,0
Magic-Glove,0
softstar116,0
NeverPlayFair,0
rdmrcn,1
githubAloksingh,0
marciodinizdev,1
randomlee101,0
themehdihn,1
JeanSousa6,0
Ayokanmi-Adejola,0
Vir4bot,0
Jonathan0823,1
12ELICHA34,0
Angelysis,0
Neddie28,0
haknkayaa,0
anwartarekA,2
LanaRemenyuk,0
GeekAadityaSinha,0
EmineTKN97,0
dark-royal,2
mohsen-abbasian,2
AmirhosseinDehghanazar,2
kimalfredmolina,0
rudrabhikadiya3,0
Nun-Thee-Knee,0
mahdi00007,0
TheCollinsByte,0
jhonbergmann,2
mohammedibrahimshawon,0
MuhammadHassaanArain,0
Vishwas567917,0
mee-omi,0
satmee,0
lualourenco,0
arekkusu66,0
catharygr,0
teradorad,0
vanreagan,0
Intellectro,0
Chirag-S-Kotian,0
dexxxxca,0
rubydamodar,0
ShreyaTripathi1,0
karupuhhpoeg,0
Yonatankinfe,2
banuskya,1
ratanyadav476,0
ilhamjaya08,2
alexjoshva,0
ReDxDaGer,0
SaqlainMuhammadd,0
harshithur,0
muhammedshahinshapottayil,0
ismael-figueiredo,1
fordcheva,0
Ariashakoo,0
yehezkieldio,2
mubarakumn,0
BrianKani,0
CombiningIdeas,0
navinxqz,0
khawnjei,0
masoudjooon,0
JosephLlacchua,0
likhonsheikhcodes,0
josealvesmacieljunior,0
suriyaa,0
lesha0,0
1Breniin,0
rafaelarojas,0
gustavo-coro,0
arthurvieirasilvaa,0
Vinicios00,0
isaacrpl7,0
ManoelaAA,0
curciogabriel,0
enzocipriani,0
luigi-raynel-dev,0
misterclayt0n,0
raissavieiram,0
loreggarcia,0
Matheus3007,0
MarianaCostAug,0
geflx,2
Francisluckyxxx,0
Brunaolimene,0
smash616,0
JoseAntonio5,0
Marianalima31,0
BrennoAlves,0
jaciara-silva,0
NeemohCaetano,0
caiolimajf,0
WalberRanniere,0
rogarfil,0
renatolavor,0
helenanc,1
HenriqueOtsuka,0
albuquerquejp,0
josemar-junior,0
GabrielMCPinto,0
warSantos,0
AlineDominique,1
yorevs,0
JTavar3s,0
guialmm,0
mateusfcarvalho,0
tefsz,0
GabrielGuimaraes12,2
Jonathan-Stefan,0
fabiolamin,0
IamNivestar,0
vitorsvl,0
AlaPedro,0
brunopaim,1
moimanu,0
The-greenpanter,0
Mariphy,2
jeturgavli,0
marcosbarrosx,0
joannamagdalena,0
wskraymond,0
rusterman,0
realcoding2003,0
cisqo,0
mbhangui,0
armujahid,0
amirofski,0
nijahdon,0
dannyuff,0
imanpajand,0
arcanoix,0
vikat9596,1
jmjardim05,0
V381,0
Achour,1
YauhenBichel,0
khallmark,0
MikeLegemah5799,2
DrumRobot,1
eltonlaice,0
cpiprint,0
kimolalekan,0
MiguelMendozaMolina,0
artemboyko43,0
polsebas,0
tromenArarat,0
0zymandia5,0
sternelee,0
BiancaADJ,0
JJHannah,0
KhushiBajpai2003,0
marcosfmd,1
girobusan,0
mascenaa,0
kotatu0047,0
antoniofullstack,0
aidatorajiro,0
houzhongjian,0
joaopaulodotbs,0
projektorius96,0
arrofirezasatria,0
tino097,0
Bushra-KB,0
werdelesmarcio,0
m-zakeri,0
joelsena,0
moeinparvizi,0
KudakwasheM,0
GiovanniLeite,0
edumangabeira,0
athoulmuwafiq,2
rodolv-commons,0
annalug,0
manny1001,1
onuralpszr,0
joivo,0
noahalorwu,0
saeed-raeisi,0
kayac-chang,0
dargor980,0
RamazanKara,0
spolo96,0
RochaAriel,1
Thomashighbaugh,0
Leonnardo21,0
vorthkor,0
hujuu,0
SouzaCleber98,0
Fernanda-Kipper,0
PedroCorcaque,0
Thiago-Costa1,0
almeida0801,0
vitormanoel1,0
pachicodes,0
hitoshidevx,0
Merces-dev,0
chibobinho,0
patriciahaddad,0
carlosmorette,0
Flavia-OlSi,0
joysenaidevs,0
marianohtl,0
ksriness,0
Nakkat,0
Rafael-P,0
brubribeiro,3
Migbari,0
ArielMn22,0
llucasgregorio,0
bren-lari,0
Aleixoslary,0
alefwhite,0
williamcamasil,3
GuKeiji,1
GSolivier,0
GabrDeme,0
LameckVieira,0
KidChoque,0
JoseCMessias,1
RenanDevWeb,0
prgfe,0
hakstol,0
mmarcolino,0
BernardoDeveloper,0
CardosofGui,0
wesleywisch,0
ricsonl,0
denisluciano,0
FabriciaDiniz,0
marirodriguesxx,0
daniellf,0
RickyMarq,0
Ruandersonvieira,0
lcnunes09,0
wilcorrea,0
KeylaRocha,0
mauriciomutte,2
gabrielduete,0
guissalustiano,0
rheimon1,0
claudiacdlira,0
zsmn,0
gabiqrm,0
eududalim,1
WeslleyDeziderio,2
GustavoGomesDias,0
VictorPMello,0
isabellasaldanha,0
AndreWar10,0
joao-pedro01,0
pedrogamedev,0
joaopauloteo,0
jean-carlos-cxp,1
andcecilia,0
biribrinha,0
adrianlouis,0
Ananogueira1,0
t-rindade,0
gustav0d,0
kszinhu,0
edumaciel10,0
samueldurantes,0
pjonatansr,2
luanfonsecap,0
WilksonPedro,0
pedrohenriquebraga,0
Pedromdsn,0
ViniciusMaiaM,0
aripiprazole,0
GabrielaMarculino,0
IgorVinoski,0
alandeev,1
nelsonmfinda,0
julianaibiapina,2
lucasgabriel13,0
jvrapi,0
M0nicaVaz,3
willamys,0
rickalves,0
daniloikeda,0
NeoHuy,0
ggirlk,1
Triad-0112,0
josueschiavini,0
AnneMayor,0
luanargolodev,0
esrodrigues01,0
g1f1,0
andyosei12,0
logreg-n-coffee,0
novoamz,0
jacivaldocarvalho,0
sLaNGjI,0
johnmaster208,0
4eek,0
galek,2
IaraLima,0
ferbs89,0
ya-kimura,0
Leo-Teles,0
ridwanzal,0
iamsywid,2
emaestre,0
oguzzarci,0
gustavoalcantara,0
faisalantu,1
lfost42,0
mebarbieri,0
Nikola-Mircic,0
EaststarKim,0
chrislorando,1
enofeb,0
toptunes,2
AmineArif1,0
behnood-eghbali,2
ungkaku23,0
ysneshy,0
stunoir,0
AnhellO,0
griffan113,0
vagnerlandio,0
madosuki,0
hanhlinux,0
danilloubr,2
unitop010,0
rajibyo,3
LucioFex,0
DiegoBr7,0
nthnn,1
luanbatistadev,0
DarkKnightSafe,0
abumoklasur,0
amirmansoor97,0
MIDHUNTA30,0
blitzkz23,0
matheuspdf,0
sisouza,0
RamonPPessoa,0
AbnerSilvaBarbosa,0
alexcmgit,0
Martins-Guilherme,0
gustavocastrow,0
thiagolopes-dev,1
ranielcsar,0
walacefex,0
BhoiDanny,0
dudagenehr,0
AntonioArtimonte,0
pedrofracassi,0
laizahpimentel,2
JG-OLIVEIRA,0
livia-lima,0
francielekuchler,0
KleberBarilli,1
JoaoGabriel-Lima,0
andreza-vilar,0
dntfindmel,0
ItsTonyy,0
FranciscoWallison,0
JuMayumiC,0
athena272,0
falcao-g,0
Camesis,0
leofkin,2
lariiscriis,0
LeticiaBHB,0
lucasvarino,0
dionisioedu,2
Z-iE,0
celenny,0
leeunam,0
KelvinLR,0
zirondi,0
d1av,1
pablovianas,1
matheusBraga10,0
KingBael09,0
alvdelci,2
wooonderful,0
jacksonsr451,0
JoaoPauloPai,0
mari4souza,0
endioliveira,0
brunohhomem,0
YuriSamp,2
JOAO-LEE,0
kauefraga,2
LuanSergio,0
wesnds,2
ElladanTasartir,0
nataliagranato,0
Daniela2319,0
AidaHashemi,1
LucasMallmannEich,0
GuilhermeOnizio,1
fabricio-fn,0
kennyAnyi9,0
kaw101010,0
sneedman1337,0
motishokri,0
devhijazi,0
victorlisboa,0
BurunoVargas,0
paulovictorbrines,0
auntduda,0
valencprado,0
CADU110,0
Murilou170,0
lukeddy,0
ultros,0
takeratta,0
metadings,0
marctmiller,0
zokeber,0
alanhaggai,0
builtinnya,0
zakame,0
vtorves,0
jlstr,2
djanatyn,0
abispo,0
yosvelquintero,0
kauelima21,0
luysla,0
elidianaandrade,0
Heiny-H,0
LogicHarvest,0
hericklima22,0
EliveltonSouzaDev,1
RodolphoVSantoro,0
mpotane,0
ramirezmz,2
chihiro888,0
CiceroLino,0
ricky-setyawan,0
Cleber-0101,0
jonascavalcante,3
DeboraBallHor,0
vini54,0
attractiveDev,0
celsodantastech,0
WellingtonSB,0
ruymon,1
Feruaro,0
PedroLimass,0
nszchagas,0
MaheenMohid,1
emysdias,0
fcd007,2
oloko64,0
rafaelbmateus,0
durvalcarvalho,0
Thiago-spart,0
gigezuato,0
leandrorangel94,0
DantasB,0
YuanData,2
hugoarcanjodev,0
omrgrcn,0
towsif031,0
duncanyoyo1,0
sbeou,0
x0rw,0
joshuavoydik,0
rizalgowandy,0
bepersevering,0
ksmasemula,0
joelsonfoliveira,0
nathaliaifurita,0
arafajs,0
leo-reyna,0
augustosilas,1
felipecandian,0
fernandnsp,0
cassiamaria,0
thaisaraujom,0
hudsonfranca,0
PauloBarboza93,1
felipelsouza,0
muNeves3,0
andersonhsporto,0
huogerac,0
jadaun-sahab,1
JNicolao,0
YanaGlad,0
natalia-sampaio,1
alvarosiles11,0
Amber-Robeck,0
crismgsp,0
serapo,3
gleicelisbino,0
BrilliantPhoenix2024,0
Luciana-Santos,0
Karen-Carvalho,0
yonahirakawa,0
developer-fernanda,0
IsabelleBatista,0
ShivangiiSharma,3
udyogi-siphara,0
NurkaAmre,0
Nabi171,0
yaagmurss,0
Amanastel,0
kaderbozkaya,3
H-Asmaa,0
MaiaraSanto,0
Isis-gsantos,3
DevTnbad,0
marcelodmmenezes,0
gaabrielfranco,0
ronaldosvieira,0
marioasp,0
iuridiniz,0
batoreh,0
jhonnymichel,1
LuanaMendonc4,0
Felixmentos,0
WesleyRodrigues55,0
dassaev-lima,3
Rickson-Rocha,1
mtxslv,0
MatheusFC2,0
Millyanasg,0
luizfbarbosa12,1
aridsm,0
luisalviano,2
luccasmmg,0
artur-coelho,0
catherineisonline,3
Lucas-Almeida-SD,1
rafaelftourinho,0
samuel-constantino,0
rafaelmaltez,0
thalles-carneiro,0
vicsantus,0
julidane,0
mocraveirodev,0
Alecsander-Castro,0
WillACosta,2
paulohfsantos,1
EstanisVictor,0
tiotonynho,0
vinicius-gregorio,2
lucas-felinto,0
lunaperegrina,0
renatoalencar,0
nicolaswalcker,3
MarioDhiego,0
edsoncelio,0
VitoriaCaminha,0
eduardo-borges-goncalves,0
mendesmcmg,0
victorvhs,0
LucasMendes97,0
MarianaPicolo,0
JoaoCoutinhoSE,0
Creuma-Kuzola,0
Rayssawoods,0
mariana-caetano,0
eduardopinheiromr,0
allanacaldas,2
simaodeveloper,0
CleoMenezesJr,0
masbahnana,2
devcapivara,0
MarceloPorfirio,0
Marcia-Simplicio,0
malufell,0
henriqueta-sampaio,0
maria-luiza-duda,0
igorPhelype,1
ElisLages,0
gustavoleste,1
kalecio,0
Auralcat,0
LarissaAbreu,0
LarisseLima,0
luksamuk,0
diegowps,0
lucasjs,0
clebsf,2
madul,0
fernandabonetti,2
ellendutra,0
Luciara-Abreu,0
onhernandes,0
leticiacamposs2,0
MayaFiuza,0
wwwbrunagon,2
topeixoto,0
kahpereira,1
Lucasmaia435,0
Lucastmarques,0
alexrocha97,1
cunhasbia,0
lorenaaze,0
amandameflores,0
CoraLay,0
beatrizodorcik,0
hosanabarcelos,2
plmsz,1
anahigo,0
thgomes,0
AnnaAlbuquerque,0
biamuniz,0
RafaelxFernandes,0
DouglasSantosF,0
vicbarkfeld,0
LuizFJP,0
Murilo-Rainho,0
casimirowich,1
JulianeMarques,0
pedroalles,2
paola-rodrigues,0
daiaaaa,2
allyson316,0
RMCampos,0
ThiagoPederzolli,0
joseliacosta,0
VitorLuizC,0
bellesamways,0
danilok,0
Logikoz,0
MatheusIshiyama,1
Nadno,0
SuayMack,0
selinkarabel,0
enescakr55,0
mhmthrmn,0
Gundogduu,0
rabiayilmazz,0
Gabrielrms25,0
radamesk9,1
JeanCarlos2017,0
weixinjie,0
RumeysaKocak,0
snehashis1997,0
KhaoulaElmajni,0
JustinSingleton303,0
GabrielByte,1
serdartkn,0
KadirHaktan,0
JohnMCAdams,2
Gigi-G,0
KarmanyaT28,0
seda-aktepe,1
banobepascal,0
ruveyharuzgar,0
ArfOz,1
ksielyov,0
Sanarielsen,0
brunadelmourosilva,0
MBTGrazielle,0
meruyme,0
Rogerio0Vieira,0
lealclarissa,0
DeniseLuri,0
NadyLuna,0
eline-create,0
joaovictorsoars,0
Print-TesteServer,0
lenomatos,0
Paulo77Dev,0
FernandoAz09,0
robertoteixeira-dev,1
SimoesLeticia,0
andreadcsousa,0
lorenascimentoo,0
andreheringer,0
luizabizoni,0
JPTIZ,0
lorenaleao,0
guhcampos,0
ramongonze,0
Vince-html,0
RianTavares,0
FelipeEd,0
louisaturn,0
tallyto,0
arturbani,0
stormlilian,0
StanleySathler,0
brunodesde1987,0
franneves,0
fadynabil10,0
luisarbezerra,2
diogocezar,0
thiagocdn,0
Allyson04,0
CarinaGouveia,0
francinesanto,0
yorsh82,0
NoctisHsu,0
AhmadJaber,0
mustafafindik,0
Hilverton,0
mustafaermehan,0
banushanv,0
Theodory,0
thefatihcinar,0
melogabriel,0
sgtkuncoro,1
OrchaniousS,1
rahmancoder,0
emresr,0
lazaroq11,3
imadMansour85,2
JacobFV,0
dreamerparadise,0
esencgr,0
mikana0918,0
kamaludin21,0
russo97,0
Dark1922,1
wellitongervickas,2
lyraxvincent,0
lykheang1,0
BrittanyMBui,0
Salmandabbakuti,0
SmartPolarBear,0
BaronKimaru,0
cledsupper,0
johnniembugua,0
mathiasgodwin,0
ayan2809,0
ulascan54,2
jerrybuks,0
nzncngz,0
GabrielaAmbos,0
mrakhgari,0
jparadae,0
BruceFelix,0
GuilhermeCandeia,0
EIDOSDATA,0
dataskeptic,0
berat02,0
Pitson3,0
yosraemad,0
masterchef2209,0
dporkka,1
furkanaygur,0
PabloMelo11,2
RaptorialThing,0
Theophile-Kango,0
rezasmind,0
gmarink,0
zariuz,0
nair0lf32,0
jjnanthakumar,0
hunghg255,3
WalidRH,0
virtual-error,0
vefghmhassan,1
ayhanunal,0
GaziAkviran,0
SmilodonCub,0
pauloogliano,0
ybear90,0
pavel-wh,0
erikasantanaa,0
Antonia095,2
uthanhercules,0
dominguetigs,0
farnetani,0
opinfay,0
ronaldosegundojr,0
Jessicalemosgomes,1
viniciussidrim,0
kaue-magalhaes,0
LMaverick,0
ericksilvadev,1
Brenda-Raposo,1
VagnerBellacosa,0
PabloDantasDev,0
c-viniciussantos,0
AlexsandroRyan,2
victordm6,0
nahtanPNG,0
Mvergilio,0
giselegarcia,0
charlyBraga,0
joshbarros,0
Blacklist14,0
huzzahh,0
welton1986,0
gramedsan,0
rodrisoares,0
MatheusChein,0
naolip,0
nenodias,0
heloisafarias,0
vitorserrano,0
DanielM08,0
lewandy,0
ayimdomnic,0
Thales-Eduardo,0
goncadanilo,1
p-perotti,0
MarianeAlgayer,2
lucxsbueno,0
RaiannyM,3
LeannonS,0
frederr97,0
mercyharbo,0
Chelik-Nassima,0
juulhao,0
H3llHammer,0
XXXalice,0
strongdan,0
Bonelol,0
xsliang,0
danielmmf,0
rodolphonetto,1
vedmaka,0
kelu124,0
mambax7,0
madcato,0
johnteee,0
pcbrsites,0
amnashanwar,0
douglasgrodrigues,0
Sehaba95,0
Fabiochapola,0
gabrielcraveiro,0
HigorAlves,0
jessicaespindola,0
manjitkumar,0
Lucasbrunoferreira,0
naeliofreires,0
ViLourenco,1
hyanmandian,0
vinihf,0
rattones,0
agnxsh,0
bitPanG98,0
MysteriousSonOfGod,0
MajesticKhan,0
tanaya123-comp,0
Gariel4562,0
skitala,0
omeraplak,0
GustavoAca,0
humbertodrc,0
xirc,0
rafaelcarvalhocaetano,0
zerofinding,0
ricardobecheli,0
e-medeiros1,0
fatima19962,0
RizkyKhapidsyah,0
oswhytecodes,0
Adejuwon-00,3
Gilchrist32,1
neeraj182,0
abhirick23,0
Thermiee,0
davoudarsalani,0
premdevapp,0
1GORDON,0
OnyenaucheyaEmmanuel,0
0xN0x,0
terasakisatoshi,0
sombochea,0
Greiciane93x,1
tayynicc,0
Wandrys-dev,0
mineoran,0
DanielMabadeje,2
luisgrange,2
prodseanb,0
mauricio-hub,1
Electogenius,0
halilxibrahim,2
Yorsyboy,0
Tr-reny,0
Paramkushamlokesh,0
GDSimpson3,0
bgsouza,2
yanlinlin82,0
njZhuMin,0
aspenmayer,0
kkipngenokoech,0
KutluhanAkarcesme,0
hoangthai1997,1
JehanKandy,0
wedleycso,0
guilhermeicarofr,0
GEEKGEEKOP,0
ekisler,0
frk-sandkake,0
AlcemirMacedo,0
jaopanes,0
BAE-JI-WANG,0
amanvyas1,0
AbhishekMankame,0
edurezende10,0
DouglasPimentel,0
EduardoDevSantos,0
ivad8080,0
jeff-monteiro,0
Mauro-Pereira,0
trupakufi,0
DanAzevedo,0
o-mago,2
douglaszuqueto,0
ilnanny,0
ArthurSampaio,0
Muchwat,0
rtu,0
vspedr,0
Pispros,0
brainbox15,0
Toxa03522,0
ericbsantana,0
vermilion4,0
Hasitha-Lakshan404,0
MaxiFerrioli,0
AlessandroGeras,0
Laisfragoso,0
ttmuller,0
newbornfrontender,3
Horman69,0
mamun9ey,0
romkravets,0
dbkangaroo,0
OSINTAI,0
tsukamoto-takemi,0
frederic34,0
AliBagheri2079,3
sigridjineth,0
aldinurfarizha,0
osiota10,0
JesseSandvik,2
arminmehraeen,1
dineetha,0
RaviChitiken,0
henriquetroiano,0
amin-da,0
akirarika,0
rajeshkumarkarra,0
Joguli,0
lazywe,0
TanviManchanda,1
mariodev12,0
phpenterprise,0
bruno-capim,0
AbuzarZaidi,1
Abdelali12-codes,0
ayoubrajabi,0
Coastony,0
yilmazcite,3
scillapinheiro,0
Shinbatsu,0
danybeltran,0
Alejandroid17,2
HimanshuSinghNegi,0
sonukumar1212,0
KirinyetBrian,0
BugCui,0
alexnpz,0
pereira-alexandre,0
25zcj01,0
masoud-bahamin,1
DiegoPereira12,0
raquellvazquez,1
gorkemmadran,3
DanielGouveiah,1
julianasdev,0
Kaua-Marangoni,0
jonathannunesdsouza,0
crispyzingy,0
sudo-victor,0
champi-dev,1
engk0ng,0
asafravid,0
anihakutin,0
sm-alfariz,0
pshreyasv100,0
jawand,1
moeenio,0
adielsonjunior,1
thaisascastro,0
qwe7002,0
GiulianoCriscuoli,0
eldblack,0
alisonbuss,0
kasali,0
robercicksimiyu,0
davimm96,0
craigevil,0
imalisiddique,0
edcastanha,0
aliorhun,0
harneeblayze,0
gabriel-cruz,0
TimothyMeadows,0
dalvesc,0
lucasferreiralimax,0
Toqxin,1
gtadashii,0
ikpehlivan,0
Murathansolmaz1,0
pramit-marattha,0
MaaniBeigy,0
pah-10,0
JarrodMalkovic,2
gabs-sh,1
petekmunz,0
Kaique-Dirceu,0
Hanieh-mn,1
Adriandias1997,0
thefazeelahmed,0
cristiantela,0
Akshaychdev,0
ReneSena,0
nametsego,0
guzin8,0
lucasti-cba,0
muhammeddilmacc,1
ridwanediallo,0
Fresh-Teacher,2
FelipeSdsilva,1
KingNelx,0
alexandreasilva,0
Athos13,0
sohamsinh31,0
deltanode,2
amal-nassih,0
Fino59,3
ampodo,0
jonnahfreire,2
smallzee,0
douglasmardegan,0
sb-child,0
heshanu,0
abeljrgit,0
Gabriel-Hansen,0
PatrykMamica,0
RamosCassio,0
kiokoshedy,2
suryakanigolla,0
Deepu84,1
fusismamun,0
NathanHolanda,0
aqsagul2007,0
diascarolina,0
essadeq-elaamiri,0
MaferRs,0
bograh,0
HugoMonteir,2
matthcarter777,0
blakecpowers,2
jumbamark,0
Axe-Pearl,1
markmesquita,0
bhoung,0
hanliumaozhi,0
licksjp,0
leticias20,0
cenkbasarannn,3
Emceyy,0
Asroyx,3
lincoln1883,0
parsa-black,0
SebnemDemircan,3
fegastal,0
mehmetcancetin,0
rangola,0
liku88,0
mehrdaddjavadi,0
alikperislam,0
Erivaldo-Montes,0
ViniZap4,0
Euclid556,0
irvinehawks,0
gpm22,0
bhavyakrishna001,1
knm8643,1
daniloamsilva,0
azevedovinicius,0
emreharman,0
jvclisboa,2
MarcosPauloSR,0
miguelcarmona23,1
lucas-jdev,0
nasoma,0
misaeldossantos,1
naveen42266,0
Kage0923,0
ramichabchoub,0
theabbie,0
grisreyesrios,0
yigitarpacioglu,0
mountain,0
GhostDovahkiin,0
huduarte,0
ljluestc,0
pedrohti,1
arrudadev,0
vagnercardosoweb,0
jonatas-lima,0
fredcoutinho52,2
ALaurinne,0
mandimartins,0
wilsonwagn,0
lucasdksan,0
EddyPBR,0
CarlosRhedney,0
abjesus,2
doyubkim,2
jonlk,2
marisabrantley,3
ayse8888,1
Deciliano,0
gmihran,0
jaykobpc,0
yule93,0
jasper1001,0
urbanstech,0
abuti,0
thiagoa-martins,0
stefanlester,1
1001daysofcode,0
ildsonLeno,0
joseluan,0
Mohamed-AH,0
CarlosHrqSouza,0
Cinorid,0
lahiruchalana,1
jessicaMarquess,1
Ishita-0112,0
nihandincer,0
aton-py,2
ooguzyuksel,3
Felipeb26,0
gokhanturer,0
RianMarlon,0
hajirodeon,0
mercykip,2
k-kyler,2
marcello222,0
tugnt,0
nancyalaswad90,0
shaddyshad,0
jgalanl,0
TroyD9241,0
melihkaratekin,2
andreglatz,0
seydanurdemir,0
RamankurGoswami,0
osman-developer,0
ufocoder,1
b1u3b3rr7,0
canxkoz,0
orafaeloliveira,0
ahmet-cetinkaya,0
theatina,0
ultimus11,0
s3mPr1linux,0
kshtj24,0
Benardi,0
rafaelclaycon,0
cpprates,0
hewmoreira,2
o-leandro,0
LeandroMascalhusk,0
santoswillames,0
Alexandrehideki13,0
SAVINDU-DESHAN,0
estrng,0
davismelo,0
jonassyon,0
lutrapp,1
AnaCarol-PR,0
CaduPinheiro,0
kris-olvr21,0
DanusaGianpietroSzot,0
buchevitss,0
erickmedrado,1
batteringram-dev,0
Weverton-Vitor,0
kebele,0
Bayu12345677,0
viniciushleandro,0
Henriqueiru,0
Alen-Mo,1
lunatic-fox,0
albuquerque53,0
DiegoEvangelista15,0
Afrikan-Son,0
paulomunizdev,0
fernandamullerb,2
Mohammadbill,0
Robson-Carvalho,0
frinsdev,0
tgn76ok,0
joaoh4547,1
FelipeRupertiEsteves,0
brunacm-dev,0
LCDS97,0
DiogoMalfatti,0
thaaarruda,0
gabrlcj,0
Luanperez,0
tiagofrancarita,0
bertdev,0
BiancaSBrito,0
anjupriya-v,0
Uallessonivo,1
mariludobrescu,2
majid-757,1
samuelikz,0
da0hn,0
brantheoliver,0
Luccasoncini,1
Romansth,0
andriksantos,0
rodrigoKulb,0
augustolimads,0
aymanesarrar,0
jeidison,2
Ruubia,0
ThalesB,0
lifa123,0
FarhadDorod,1
r1n1os,0
VRgWfapFT,0
aindilis,0
Gabriellavoura,0
avidLearnerInProgress,0
magedeungaro,0
nicksagona,0
LeandraOS,0
Rafa-Oli,1
annabeatrizlucena,0
biancacpacheco,0
sergioduartte,0
marianacoimbra,0
elayni,0
RuanGOA,0
williamtorres1,0
LuannaLeonel,2
AlfredoAndrade14,0
nayarasps,0
samuelribeiroc,0
JRobsonJr,0
JuanBarros2,0
felipealvessi,0
Colt-M1873,0
pedro-candido,0
g4bh,0
pmagalhaes2,0
karlapereira,2
bruno-rodrigues-d,0
murieldelvaux,0
omersavas26,0
navy-ss,0
juliamaciass,0
AloisSailer,0
Matheus-nb,0
AlineSanches,0
PSLuan,0
ElbertRibeiro,0
afornalimatheus,0
victoriandujar,1
pauladiniz,0
PhilipRamkeerat,0
pedrohzwang,2
NatSatie,0
isyuricunha-zz,0
Grubba27,0
Jvmendes021,0
HappyBeautysmile,0
rafinhadufluxo,2
ThiagoSuzuki,2
ToledoSDL,1
M-adeelnasir,0
NilloGabriel,0
alepeglow,1
Wagui13,0
YasmimVieira,0
ZeroOneTV,0
Feitosa-V,0
neninja,0
viviangcastro,0
fonluc,0
gregoriLima,0
nildogalvino,0
Matheus2004a,1
gbmsaraujo,0
Monicabishnoi,0
aadambrownn,0
satarii,0
hagiomassaru,0
r4mi4,1
RakelMacedo,0
priyacoder5151,0
SaulGrez,0
amanpratapsingh9,0
MaiaraM,0
fakenickels,0
ThalesAbdon,0
luiscarlossf,0
henriqueln7,2
talitagaldino,2
RodrigoEC,0
beatrizadm,0
scarletquasar,2
manassesss,3
gmoreiraa,0
FelipeTorress,0
PedroLucca,0
MrPinabutter,0
lucasew,0
ArielleSousa,0
fabioladiniz97,0
juniorstreichan,0
jacksonbrunoss,0
jacksonbss,0
rkeppler42,0
suhassalian27,0
JosuaSitorus,0
leonardojribeiro,0
tamyrespereirasilva,0
alvesmatheus,0
MateusAndrade,0
jardessonrb,0
marmitoTH,0
kaardeco,0
antonio-yves,0
carlosdanielpohlod,0
omur8819,0
Ananya2306,0
leoworkcp,0
thomasdsc,0
leandroschabarum,0
fredysomy,0
ItsCbass,0
wasseypro,0
kangmincho1,0
Fabriciooml,0
NeroMohn,0
iheblhbib,1
MushEater,0
Rennatts,2
indrapaul824,0
Aarush-Goyal,0
mahbubul14,0
matsuboshi,0
Pereira-Araujo,0
Gabysx,0
pjdurden,0
byrdie,0
iancmilan,2
LauroCosta,2
bora399,0
natalia-sa,2
marciocamello,0
Corlobin,0
gulinmerve,1
Hkc1673,2
yasminia,0
erayaksv,0
stalhakaradayi,0
erichm1,0
TechLord05,0
coolkei,0
iceYami,0
Anurag2618g,1
Robert-Marchinhaki,0
eustaquiofreitas,0
jvictor23,0
larissaag,0
iris135,0
arduanov,1
caetano-dev,0
qa1,0
hemerson-git,0
splhead,0
MustafaOzer20,1
frknbskn,0
ven-del,0
MichaelDouglasPIX,1
kellyanesantos,0
AzdineElJattari,1
luscalima,0
qservices-process-automation-partners,0
Just2Deep,0
rcmuniz1994,0
Alencast,0
GlauberC,0
Melnatal,0
amandie-ct,3
renatomb,0
italommf,0
TarsilaSamille,0
lucasnr,1
josefilho,0
guilhermeggloor,0
joaopaulopmedeiros,0
raixasantos,0
diegodiogenes,0
rdsilva,0
gabicavalcante,0
emelynfreire,0
jeorgivamjunior,3
sinarakarla,0
allythy,0
hyuko21,0
henriquehorbovyi,1
lexmarcos,1
wmikael,0
feandres,2
Gabriel-Bastos-Rabelo,0
bootstrap4cc,0
vituenrique,0
williamvsmartins,0
andre-fil,0
LuisMig-code,0
brunnuh,0
PETCompUFMA,0
alissonphp,0
desk467,1
jvitorfranca,0
LucasPires2807,0
isaacmsl,0
mthmontes,2
kamuridesu,0
miguelrochajr,0
sergiodantasz,2
anacarol-r-santos,0
julianadallasta,1
Lima08,2
Strongreen,0
TonyyCruz,1
marsleite,0
phassis99,0
mauricioruviaro,1
joao-sillva,0
DouglasDrozda,1
LuizaAntiques,0
68tiago,0
visantiago99,0
chriscsantosqa,0
Brunotbx,0
gjoao11,1
devmayara,0
TamirisShigaki,0
Micael-M,0
Ana678,0
marismar,2
jackson541,0
WesleyVitor,0
YaakovDantas,1
igorsilvam,1
Anderson026,1
renanvcb,0
IcaroEmanuel,0
padawandr,1
vinicius-virtuoso,0
dvargas42,0
keikomori,0
icaroVerilog,0
DiegoImperiano,1
msouto,0
joepreludian,0
allysonbarros,0
pabrrs,0
Matheus-Rangel,0
carmems,0
rafagarcia2,0
AroldoFe,0
danielaraujorn,0
RayanXY,0
passjoao,0
davisonv,0
dav1rm,0
genarciso,0
clarabez,0
joeldorosarioo,0
sassmatheus,0
ythiago03,0
thaydds,0
guigaoliveira,0
danilo-medeiros,0
lucasmiqueias,0
claranobre,0
naldogomes,0
brunnomatheuus,0
netoairton,0
igorabrandao,0
ritallopes,2
dayvitoria,0
matholiveira91,0
everson-ever,0
larisse13,0
joanerocha,0
Liellison,0
israelsousa21,0
JacquesGomes,0
andersonpedrodn,0
ajee10x,0
llopes05,0
erisjunior,0
yagobmarques,0
lucashsilva,2
Yvan1995,0
ibraheemosule,3
gmg0829,0
buddhika85,0
falconlee236,0
sidineyr,0
Abhinandan-2,0
shivvamm,0
Bskasan,0
BeniSyach,1
FloweryK,0
selenslmn,0
giasraya,0
lyyf2002,0
DanielRivera03,1
mohamedelhacen,0
aexnimbus,0
melkamu372,0
rayhankinan,0
gregoriodelucca,2
SteveParson,0
ruby-kim,0
seb-art,0
mrkeshi,0
immohamedba,0
Himanshu4776,0
kiche-allan,0
ekurt,0
mfajririki,0
renatohvo,0
pranaybinju,0
AmmarMohib,0
rsadwick,0
phlbrz,0
daniloladeira,0
faezehrb,0
Daniel-J-Cho,1
brendenozie,0
brgman,0
gachezra,1
G1lind,0
KrystianZybura,0
EvansRobbie,1
Aditya-y9,0
meshack34,0
panhongsheng-eng,0
jp-cortes,0
ithunter0428,1
elhaddajiOtmane,0
Den608,0
sajjad-rp,0
piotr-bak,0
4bdul4ziz,0
Eduardoss45,0
ligiastalves,0
literalllyitsabot,0
lsl17,0
MUAZAlimi,0
escummy,0
wenMoonx,0
jeevan8888,0
shiviam1,0
Ariamoradi1,0
Khar0maXX,0
ecomdragona,3
mcanthony,0
AntonioIrineuFilho,0
leofn,0
ghsaueressig,0
karolbelo,0
victorddantas,0
yusufbali13,3
tajerian,0
tonylloyd2,0
Konstans8,1
Semen8515,0
sandrosyahmed,0
spadeA777,0
ngalamac,0
romafill,0
stavkv,0
murky371,0
JhonnatanDouglas,0
Pit2203,0
Jr-Broz,0
adelalizadeh13,0
yanicopper,0
Edualvesilva,0
EJINEROZ,0
marcosdelgado0408,0
judsonc,0
MatheusrdSantos,0
mohmmadi123,0
arjkashyap,0
MRebati,0
shanmdphd,0
AsHkAn-Django,0
theodesp,0
senthil090,1
c4devart,0
y-sugiyama654,1
SergioVenicio,1
megandavulpi,0
sctv,0
stoweo112,0
yama-dev,0
amitkalsi,0
Patrick160893,0
minsle,0
yassabdulrhman,0
dianbugas,1
jmziya,0
faragh47,0
lwardzala,0
priyamervana,0
KennethMiller18,2
southwolf,0
diegomartinsoliveira,2
BrillianceOsprey,0
BigHouse0405,0
eduardo-antunes,0
anaclaudrs,0
FernandoCesarFA,0
isaiasnhantumbo,2
pedrollopesb,0
Pent,0
Bruno-Filadelfo,0
iannak,2
jeanchilger,0
brunoalves99,0
d0ugui,2
David-Pires,0
roycuadra,0
GearHiram1397,2
CREDO23,2
CStre,0
markl-a,0
luz-goretti,0
Alefros,0
soukaina-debug,0
WarmUniform,0
0xdeadbad,0
0dayNinja,0
mattmagrin,0
sarasnts,0
ZaraSdt7,0
julianocamposcode,1
superstarlancer,0
DevNylo,0
developer-S-H-Sajib,0
shaykotselim,1
Manka-Mohamet,0
harismexis,1
dasjubin,0
fundor333,0
Rafawastaken,0
shivani170,0
tsukitaro,0
Edicemi,1
Amit0417,0
justleoo,0
jonatassouta,0
xoThatsmeVeahxo,0
ashihara15,0
AndersonAlvesCoelho,0
robertogriel,0
LyeZinho,0
thehassantahir,0
FahimWeblogicAndCyberTechnologies,0
tiagoryandev,1
Cadufc91,3
Henriquecesar139,0
dewitt4,0
timoteobentes,1
lih-90,1
filipecalm,0
thiagokj,0
luanrramos,0
Leonardolira01,1
Alerrando,0
Kizito007,0
codecygen,2
SibaPrasad2221,0
bbshark99,2
isaacwrk,2
thematrixaditya,0
legendaryangelist,0
dinever,2
wizardigor,0
MaryamFarshbafi,0
geeksourcecodes,0
trietptm,0
satishwithcode,0
N8python,0
johnamata,0
viaches001,0
brandaow,0
SunRise-11,0
AbdullahANoman,0
Jeanpk12,0
software-venus,2
mars9541,0
luizchaves,0
fernand3z,0
GreyTechno,0
Hajjimeee,0
tausiq2003,0
redblame315,0
amirQuf,1
assassin990123,0
UrSourceCode,0
Anifyuli,0
marcosandremsfilho,0
rich-iannone,0
cleytonjesus07,0
MasihMuhammadi,1
lahatra3,0
AddyMiller20,0
softpluspro12,0
BinaryBreaker,1
elourenco001,0
eriwek,3
Amirhossein-ZareH,0
javiergold112,0
devjoydeepdas,1
Guru-Bean,0
Vivekgupta96,0
Luchia777,0
sleinkaraman,0
RubelMehmed,0
zevireinitz,0
yasminvasconceloss,0
marwancodes,0
l0s0s,0
norahc-x,0
mde3,3
ffrmns,0
deye1986,0
MainaAlexM,1
mann2moon,0
Leroy-sama,1
fabrinucci,0
falcaozane,0
Bluecode77732,1
DerrickMoiben,0
davidt10,0
refirst11,0
Rosanakuniyosi,0
Oludefiyinfoluwa06,2
zikzakio,0
SarahAbuirmeileh,0
skayvo,0
ThalisFernandes,0
PJDude,0
leoGeraldino,0
saikishorr,0
VinayKanase,0
axel358,0
sserhatacarr,0
ucheobioma,1
mustafayildiz12,1
Rezende-Fabio,1
ByteBeem,0
henriquelima1984,0
GreatHorse115,0
Dagogo-Clinton-Uranta,0
matheusrf96,0
helixedra,1
LuminousChestnut,0
CyprianFusi,0
achhibi,0
powerstrong,0
mjoshua97241,0
rlaehd62,0
Ti7801,0
musama619,0
macxb,0
meleksabit,0
nstarlike,0
96vini,0
NovoaDev,0
MasamiYui,0
eric-py,0
WilSegale,0
armanjscript,0
KeithArogo,0
rdesarz,0
adokhugi,0
manojkumar-jmp,0
timoteidumitru,1
armandevs,0
grant-king,0
DadaNanjesha,0
visualsbytheRob,0
sam1365,0
deeprock2,0
allan-kirui57,0
saguileran,0
feehnscmnt,0
anatoly-bobrovsky,0
itsbhavsagar,0
buriihenry,0
supercodingninja,0
sammarxz,0
sajithrw,0
criszst,0
nakajima97,0
kTz1,3
transpchan,0
ClaudeBrilliant,0
Priyanshu5088,0
ejunior89,0
nidhish-nayak,2
vedanty3,0
Radzivonn,0
durieg,0
shashank-indukuri,0
MRiDuL-ICE,0
aras72h,1
0xkimi,0
davidldennison,0
NPollito,0
morteza1987b,0
Gomezzzer,1
saidibnerradi603,0
nicknjagi,1
PatrycjaBochnak,0
miasif,2
outlook313,0
CodClever,0
Fgaoxing,0
RafaelJohn9,0
StephVergil,0
Suleyman001,0
ishi720,0
AnnaCVrecruitment,3
marina6coneto,0
aksinuh,1
Sarah627,0
abhiya492,0
MrPowerUp82,0
yuriikindryk,2
dogukann-aydin,2
Argen1sw,0
infinityistar,2
obahchimaobi,0
FunTime-230,0
Perun98,0
brilliantstory2,1
Lavz-8,0
SasadaSaumya,1
houimliraed,0
arthurmorganCode,0
WilsonCruzz,0
Jeoungseungho,0
gokulyc,0
Naresh-chandanbatve,0
tcharlesfr,1
Denso-Air,0
Zakarialabib,0
mpersia7,0
useCallback,0
hamidds,0
straj7771,0
thomasnynas12,0
cryptostar7,0
mouna0404,2
SonerA1,0
arvin-1367,0
Pfrommer1982,0
Beau28713,0
abhimax,0
myfemi2002,0
Mulusoy-dev,0
SilverIceKey,0
arunangshu01,0
sopeKhadim,0
CYBki,0
BGWEB08,0
karimihup,0
nawodyaishan,0
Elsayed-Rady-Elsayed,1
Panos32gr,0
MamarezaAlipour,0
daphneruth,0
PycraftDeveloper,0
Jay-Karia,0
TomasSorgetti,1
sushantkr961,1
NITIN-VERMA-afk,0
CodeConnoisseur74,0
Ekkanit,0
bayram-ozkan,0
lacegiovanni17,0
samueltuoyo15,0
dialguiba,0
yousufmunna143,0
Jorge-Portela,0
kenchikuliu,0
Stojanovic94,0
yaso09,0
Hugh-KR,0
jenab47,0
WillDev12,0
AhmedWithJSDevelopment,0
asekibaala,0
TuranDURMUS,0
azurejoga,0
karalex,0
billyrigdon,2
FractalCodeRicardo,0
ToyZeynep,1
illionillion,0
Ariaaghakhani,0
basarballioz,0
Iamtsquare07,0
GregMasterBr,0
Roshanzha,0
jeftenunes,0
SP4R0W,0
naresy,0
j0rd1s3rr4n0,0
YanBFalcao,0
Anitasilvi,0
abdulrohman19,0
skieabad,0
monahidalgo,0
NeisserMS,0
drzz21,0
hua-bang,0
amkorousagi,0
sulaiman-dev,0
R6cky,0
nilpeep,0
aifia105,1
callmeumair,0
diegoalvares,0
hhznmrnayeri,3
EricOliveiras,1
MlungisiN,0
Rodolfo-Sampaio,0
Flaviodc7,1
mohmadalamansari,0
Qyfashae,0
aligheshlaghi97,0
seattletravis,0
Abhinandan-Sah,0
DarrelA,0
eurekaP,0
code-sum,0
N1ki-by,0
simabilony,0
Amanuel-1,0
furkancanzirek,3
rameshmane7218,0
mandyfarrugia,0
lucasvolpati,1
KevinWilsonAT,0
PedroCozzati,0
alaminediallo,0
erdincozdemirr,0
Raherinotoavina,0
SKB-TECH,0
atmarcosrodrigues,0
Jamshdbek,0
kesharinilesh,0
SergeyRust,0
sldimitrov,0
Kauaseara,0
imf-ali,0
gumburtu,0
Jakub-Laska,0
shevonne,1
SandeepChatterjee66,0
dai,0
The-Able,0
SkyCaptainess,0
farzin146,0
FabioSantos99,0
magical-to,0
emrekaradag11,3
AlexS28,0
sbonelosth,2
claboran,0
HystonKayange,0
Shawn-Ogbomo,0
0xTan1319,0
smebad,0
samnoonabrar,0
fbmgh,0
bokveizen,0
marek-jakub,0
Rmin-cell,0
vinimorad,0
ElaheMahmoodi,3
zeeshan-thedeveloper,0
scayho,0
ThiagoJaweb,0
AnoopCA,0
antmarinho,0
hassonor,0
ossan-dev,0
Zezi6290,0
farzinfara,0
Ashkan1987,0
cashblaze127,0
Serenitychic,0
ahmadadibzad,0
Hokkyokukou,0
elmurod5676,0
GraniteBeltWebAndSoftwareSolutions,0
tayfuntoprakcioglu,1
prissycorrea,1
YashBhindia,0
etopian,0
AvalinAir,0
aikmman,0
grogrobombano,1
nathaliascampos,0
thales-goncalves,0
urbanaviciusleo,0
BrunaDev,0
IsaAuad,0
leomendesjr,0
bruno-candia,0
sno0s,0
pedroblimaa,0
LucasSaldanha21,0
avillasilva,0
SarahToscano,0
VLAfonso,0
otavioalima,0
AntonioAugustoo,0
DanielJardiim,0
NicEscobar,0
igor-rufino,2
profxx,0
itstherall,0
Bhyan,0
MaryaAlexandre,0
Ruggery28,0
mairaallacerda,0
LucasMagras,0
GHFerreira,0
BernardoSilvaAndrade,0
isuruK2003,0
Bartholomew62,0
fawazdevx,0
suemeyyecevik,0
tushar-br,0
Contractor-x,0
BeadChain15,0
alevit90,0
mohamadanasfattoum,0
mohammadxonel,2
beastzai,0
ALiENSTAGE,0
C4NDACE,0
megalodontia,0
Siyuziq,0
AbdiIbrahimAdan,0
Gakiri001,0
UncleSocks,0
rezeda15,0
Github11200,0
wasd52030,0
EduardaMendes01,2
Agungvpzz,0
zizaaa,0
sara-be,0
ImmediateMurderProfessionals,0
YoungriKIM,0
ayushhharyann007,0
zapabob,0
Dani-Ps,0
khiba-k,0
parsaa74,1
nathan-pugh-fsn,0
itsryu,0
alprojects1,0
ivan9paunov,0
software-dogukan,0
MANU-de,0
intondiscott,0
karolencina,0
viniciusldiniz,0
farukh110,0
2kha,0
Tugbars,0
Ayyoub-Kasmi,1
Abdul5786,0
abdurrakib129,0
James-Muguro,0
Tom5521,0
MorisMwai,0
hamdi4-beep,0
SAShameem,0
ahmedelazab1220,0
james-cordova-ray,0
redwhiteeee,0
medisanaa,0
Nsoro-Allan,1
Bart-Plange,1
scarymonsters,2
aeren23,0
ProgrammerSiam,0
yasserderbale,3
colee5,0
gulnurdadak,0
rontea,0
1ArisD,0
osmansefayuksel,0
EliotGuy,0
nikhilgodfather,0
onetechwolf,0
Ghiathalsoki,0
Rabnail-SOL,0
maks1302,0
devlegend524,1
Armin-Abdollahi,0
amirroox,2
amirhnajafiz,0
kincsescsaba,0
raulmarindev,0
miladparvaneh,0
emptyfist,0
Sina-Taghizadeh,0
aliBenhenia,0
anissafia90,0
darlingmanda,0
rompelhd,0
Muhammad-Tayyab-Awan,1
svillalobosdev,2
sonnylazuardi,0
moseshope,0
Skeletonkiss,0
EhabMahmoudAli,0
issamElkhadirYC,1
abduadem,0
duyguerogluu,0
thenuka99,0
jpeggrapher,0
SudaisK19,0
codegrann,2
DandysLostTapes,0
danylokaliandra,0
usmanmalik07,0
grellified,0
jeferson-paz,0
valentinaivanova1910,0
cmiygl,0
dzulaj,0
Aeenic,0
kyostro,0
madeleinephantasms,0
pawsuri,0
zipward,0
jefferyklass8,0
JessemanGray,0
Znaxh,0
umutsar,0
Chavas950906,0
TRIPATHISHIWANSHI,0
huzarh,0
dengyi1992,0
YoshiTheChinchilla,0
RichardMulambuzi,0
zackyfachrur,0
sandei-travolta,0
Iharss,0
W47-KRTS,0
simsimient1,0
KingsLandingCS,1
nati673,0
GavdzinskyiVeacheslav,1
BrunoMSantos04,0
Bel24-boss,0
SakshiFadnavis2003,0
coder7475,2
arafat-rahman17,0
fslmultiservice22,0
MadhawaRathnayaka,0
AdityaPatadiya,0
EvanParden,0
shree-bd,2
dearisabella,0
novarva,0
Khalilheyrani6367,0
Technoxerq,0
xfloksyx,0
rishabh1S,0
AkhileshKumar10,0
auguste2003,0
Numeer,0
jasonsreid,0
mrendyg,0
dirtytears,0
eltonninja,0
lucasmanrick,0
AbdelrahmanELsokary,1
RanganDas,0
fontainianhound,0
Dhruba2004,0
FlorenciaRecruiter,0
yeabtsega45,0
shivakumarzishnuviknesh7,0
KadirYazadzhi,0
combatjimbo,0
TzN3220,0
alexysb9032,2
mohammadprogramer,0
ansiace,0
jackson951,2
jassercherif,0
ejrv,0
hedaetul,1
izzetfurkancari,3
aliasghar1379,0
SedrAlex,0
velosoberti,0
Shah114,0
BAslani,2
fatemeabdolmaleki,3
saygo566,0
mohamed-sayed-elmahdy,0
dqwe223,0
Shadowzora,0
SolAriass,0
ntsmk,0
marciofelicioo,0
bonsoul,0
VEGLOgabin,0
kalammakhfi,0
RAJA2023H,0
birkankaraer,0
AP2Topper0127,0
mdccg,0
jahidatamanna,0
lastnames,0
freakysixsiege,0
jonathanitgithub,0
alvinalfandy,0
HYPER-00,0
Ck07860786,0
mdriscol,0
kleahaka,0
ibroman12,0
monuxx,0
abubakar508,1
shivkumar991832,0
elyargeek,0
Dangoo2002,0
hispertos,0
Capi-nemoo,0
vicentee148,0
TAJ2003,1
Isaac-Gomes-085,0
ObiwanKenobee,0
sulalith99,0
aliallam123,0
sama-babaee-web,1
AmirhosseinHashemi,0
angelskisses,0
ParsaMehdipour,0
royhankamil,0
osman28tr,0
Dev-MihirParmar,0
iampranshu2003,0
beyhatun,2
devopspass,0
jacksonguedes,0
ryan-d-graham,0
JessDataNLP,0
Kate941-su,0
cleotestt,0
passionatedev724,0
JohnDominicJasmin,1
GustavoS7,1
Tosinpeter,0
lucaspiquera,0
TBERT31,0
navid2099,0
anopsy,0
sawcrz,0
jeffreywangzhi,0
ATHAANGGORO10,0
itsocoldhere,0
Upwork-Job32,1
EmpgBinary,3
Irina-Ichim,0
aylinsarioglu,1
ArafaFarouk,0
berkaydgn,0
devstar829,0
kentaurse,0
solguru310,0
leonard-sanya,0
K3irill,0
Murtuza-Ahmed,1
RafaelDesenvolvedor1,0
kluivstar,0
micanduamon,0
pinmonyvicheaa,0
FelypeDantas,0
En-Dhiaa,0
Dapjzl,2
BeyzaNurKeskinn,1
OleLukCie,0
sinanazem,2
chominho96,0
sireesha-siri,0
MaryamKalantarii,0
plopezgit,1
DonGroovy1120,0
ali-e-n,3
pnwarner,0
LeoSousaJesus,0
v1nybarreto,0
chiratid,0
AldowadSimanjuntak,0
seferogluemre,2
JustMrNone,0
samparsa1,0
tasha-dev,0
technxlxgy,0
luckminer,0
acen20,0
RasinduPesara,0
plpedreira,0
naqateener,0
marcos1394,0
emineugurlu,0
space-bio,0
AloofAli,0
ayylmazslmn,0
DeveloperOmarFaruk,2
sudotty,0
jhonatanseminario,0
paulh27,0
Kei-K23,0
pedroferreiiraa,0
miyoko-shimura,0
brissach,0
saadnkhawaja,0
Dudimath,0
amartinezbrito1,0
pavanpagan,1
harinadh76,0
zengfr,0
higormarcelino13,0
H1RKANY,0
hiroyukikumazawa,0
danielmuthama23,0
tstreamDOTh,0
EX0TICLXVE,0
suzannaprze,0
DjangoWithArif,0
skyhawk000,0
CodeRaven516,0
Marc0zDev,0
vitoremanuelpereirasilva,0
vfranca123,0
ArthurHMS,0
brashi,0
Gui-MB,0
HomoGodzilla,0
larabzs,0
Trecto34,0
Hoff-Otavio,0
IamPamella,0
rebeca-mbrito,0
Phenrirs,0
Thaylor-Hugo,0
Victor-Varjao,0
eliasbiondo,0
DeM4rcio,0
ssammii,0
darlinton,0
RobsonCrLira,0
michellemarques,0
viniciusmiquelao,1
joaochiquitin,0
rafaelCacador,0
moreira-lab,0
Jonatas-MS,0
leticialnmoura,0
Zeryotes,0
douglasmd3,0
Catusan,0
Juanelcol,0
euvoiid,0
BRMicael,0
wallaceAnterio,0
dsilvahenrique,0
Guxtta,0
maarcos4g,0
ronniepettersonn,0
Artur-Santana,0
luizpcferreira,0
GabrielRibeiroUD,0
MatheusRobles,0
Val2021,0
rcaliman,0
lucas-caetano-reis,0
isabelafdevito,0
MariaRitaRR,0
EduBertozzi,0
RennowT,0
J-c0d3r,2
JoaoIgreja,0
AlvaroBreno,0
nicolaskbs,0
arthur-craveiro,0
NayaneMazaro,0
kongo02,0
rwhite35,0
robinhood-jim,0
Rockyspade,0
cwt,0
moch-sudharmono,0
sboussekeyt,0
ksora94,0
elvismartis,0
Rasha88,0
handyc,0
ichynul,0
silvericarus,0
unicolored,0
MarlonJD,0
julienbrg,0
2222-42,0
jomonkj,0
acsenrafilho,0
sako810,0
johnhaverh,0
tuyen-vuduc,0
ziishanahmad,0
dcorrea777,2
jhalljhall,0
Crystyanno,0
indrayoga,0
JulianSong,0
ronoaldo,0
lalroshan590,0
fucheng830,0
englianhu,0
LordRahl90,0
AndiKod,0
muroko,0
gpicchiarelli,0
ChiperSage,0
paladique,0
mauriciopiber,0
Hckmar9,0
Fuzzworth,2
Bindles,0
joshuamabina,0
shervinchen,1
bryanperris,0
ContardiC,0
abmiah,0
PrinceKex,0
javierlopezdeancos,0
nguyenminhtien1411,0
Yanggum,1
mervick,0
akileez,0
nikolai-shabalin,0
nalabi,2
angelobelchior,0
Gurpreets11,0
hanrw,0
frandepaula,0
gui1andre,0
NickolasAndre,0
bcsurf2822,0
Neha-Pal,0
MeriemBoujamza,0
Helly-4,0
petergi,0
yakubori,0
nyinyithann,2
kathyonu,0
WarutereIan,0
denizsult,0
ViniciussMelo,1
daniel-oliv3,1
douglastenfen,2
ngeorger,0
nakinnubis,0
CesarAugusto88,0
Lokeon,0
whuhxb,0
DumplingSociety,0
canberkakcali,2
wangyysde,0
rm3l,0
edenio,0
demetriusvissarion,2
msantosf,0
castillo777,0
AkechiShiro,0
parsa-abbasi,0
kadirbelkuyu,0
mufidmb38,0
Bouhfid-Mohamed,1
superswan,0
vector-man,0
CarlosZiegler,0
caslabs,0
JhowSchuuder,0
ademkocamaz,0
fazleyrabby,0
Disura-Randunu,0
limavit,0
darci,0
LarissaCroco,3
theCompanyDream,0
edpadua,0
nguyenanhhao221,0
CRY-D,2
krankos,0
mehranasghari,0
jovemdan,2
kleva-j,0
alijvhr,1
jovicon,0
nabeghe,0
EdvaldoLima,0
notdanhan,0
souzaitor,0
buhngwi,0
Zundal,0
anacvignola,1
cristopherpds,0
Thxssio,0
guilhermecdo,0
kriskappel,0
pedromchd,0
Alexsander-oml,0
Henrivaz,0
Gabrieltlt,0
luisffee,0
alikolling,0
Marcokbc,2
Ste452,0
felpssdev,1
Biel-H,0
azevedontc,0
lucas-borgonovi,1
VitorMartinsAlves,0
enzzo-dev,0
lari-sant,0
Chingling152,0
JosiasCalebe,0
Manuele-Xavier,0
joselainejrs,0
MathPSantos,0
alexiamelhado18,0
Leal-Matheus,0
regiamariana,0
danvitoriano,0
EricFernandes26,0
eu-micaeu,0
otonielnn,0
GCRusso,0
Jabriel122,0
wbc-code,0
brensmiranda,0
KamiMilo,0
AllanR1991,0
alaanvv,0
gustavomolina17,0
JoaoRoccella,0
michaljaz,0
SaraahBR,0
Lucascluz,0
vcolen,0
ThayranGabriel,2
nayara-nunes,0
Joao-Darwin,0
anderama,0
larabeatrizms,0
rochacbruno,0
kleitonm,1
lysonjeada,0
pfanovaes,0
Rychillie,0
coelhobf,0
JPCBRGS,0
cacaudev,0
DiegoTeles,0
thiagofp0,0
villares,0
luizmellodev,0
KastroWalker,0
giselesousar,1
yuri117,0
JadirJunior,0
GabrielOliveira23,0
PedroBuenoRios,0
duartemariaa,0
weirygon,0
hmartiins,0
titanpolo,0
lupy100,0
deverebor,0
saviocamacam,0
vitorCamargo,0
paulosestini,0
dueiras,0
guilherme-francisco,0
gaialucas,0
AZANK7173,0
luisrguerra,0
CarlosCraveiro,0
GabrielParreirass,3
dan-santos,0
GabrielCout,0
henriqueyda,2
hmoyen,0
Rafael-Yokoyama,0
rfdornelles,0
tamirysnogueira,0
Warrior17GB,1
mgnischor,0
jashscript,0
Victor-Raony,0
JunioResende,0
Biabborges,0
maayconslv,0
leokalid,0
jestfuljoker,0
silveiratalita,0
mariatassiana,0
richard-brides,0
AmandaPiva,0
pinhobrunodev,2
renatoReboucas,0
gustavomalheiro,0
luisgbyte,0
LucasLM1,0
BarretoJ20,0
lessa1717,0
97revenge,0
GabrielSelvenca,0
eltonrds,0
marchitiello-vitor,0
alanmmartins,0
gugaSouza-dev,0
elissonx,0
GustavoTolentino,0
lucass-teixeira,0
Strilicherk,0
tamigld,0
thamiavicente,0
TatianeCMessias,0
Dan-Mqs,2
isabelabu,0
Muratawga,0
dellamora,0
enriquebeta6,1
igorfelipeduca,2
berutodo,1
brunoeduardodev,0
PedroCost4,2
JoaoVictor6,0
izakdvlpr,0
brenu,0
rafaxtd,0
Guilherme-RSM,0
pamellafernandes,0
nic,0
peterp,0
H1gor1,0
annakarlasganderla,0
beamedeiros,0
Pekito,0
c1bergabs,0
andrevks,0
filipebraida,0
dabliu-rodrigues,0
SampaioLeal,0
arthurpolon,1
osantana,2
affonsobrian,0
CaiqueMitsuoka,0
felipebernardes,0
mtheusbrito,1
tiagohs,0
brunobertolini,0
wakeupmh,0
M1CH4EL-ux2,2
renatomno,0
wendell-kenneddy,0
maarcusvinicius,0
kennedybarros,0
AmandaAilin,0
cmatt7,0
giovanni1351,0
hionei,1
ntcaetano,1
alexanderthegreat96,0
diegorodrigo90,0
Ikziriv,0
narbota,0
lucasperrotta,0
gilcimarbarros,0
PauloCollares1,0
anderson-oliveira-git,0
jsldvr,0
pauloAlba,0
deniscass,0
Phrozbug,0
aperera,0
angelajholden,3
abinashdas,1
ismailgok,1
amiss18,1
AneleMbabela,0
georgedlm,0
alldias,0
jacques,0
plu,0
MarinaSantello,0
FernandoAvanzo,0
AlucardNosferatu,0
haku-d,0
fabiancook,0
DavSanchez,0
plvhx,0
fghpdf,0
jethoo,0
mohammedsalah7,2
ShaikeMukul,0
Ratkovski,0
yassinmeligy,0
desoga10,0
MikeTech93,0
chuikokching,0
itok01,0
DreamDevourer,0
papas8105,0
iakunin,0
N-i-p-o-l,0
rzakaan,0
anubhav823,0
hector98,0
ucnv,0
rochman25,1
osama-ahmed,2
marcoswoc,0
OVarLaz,2
andersonsouzabass,0
mauriciotamez,1
malek10xdev,2
paolomainardi,0
hanfengsunshine,0
RONNIE-RWS,0
JuanvictorO,0
repson,0
pedrovs3,3
GabrielaGonzaga,1
ElderGr,0
gicaAlves,0
MatheusAlmeidaNascimento,0
emiliegervais,3
danillogoncalves,0
moraisacr,0
anaURL,0
temirlanZH,0
sinanbekar,1
Guilherme-07062002,0
DannyBimma,0
Aczy156,0
valloon427428,0
gabrielnunes0204,0
kodebae,0
apantzar,0
naji1368,0
JCSkater,0
brutalzinn,0
AnaPaulaPAraujo,0
Marx-wrld,2
Shahlovez,0
abril-bazann,0
Salman-Samian,0
mackblake,0
rafaelkano,0
macielsevilha,0
Gabriel-FerreirasSantos,0
MauroMarchesan88,0
Felipe2077,0
behulovely,0
kisakyamukama,0
CasalMiriam,0
jacksontenorio8,0
alesuzuki,0
fabianomonteirofarias,0
carolsuelen,0
nicolasauler,0
Delistoianov,0
Anag0es,0
joselitojunior,0
farias-77,0
jjrkkj,0
kkpan11,0
GuilhermeSerafim,0
souzajv,0
Rennanlg,0
idail,0
EvelynMurasaki,0
DeysiLopes,2
juliansempre,0
jailsonh3,0
thaliadani,1
paulsaenzsucre,0
ggpereira,0
jurandirm,0
RafaelAmaralPaula,0
jsvatre,0
sirguilherme97,0
walber-vaz,0
ewertonds,0
Vagodev,1
mvictor10,0
profhdeivisson,0
Redwars22,0
brunoienne,0
alissonjaques,0
FelipeMiiller,0
DanielleRodrigues,0
wallacefreitas,0
artenlf,0
SabrinaRF,0
Tinnyschz,0
brunaquignoli,0
samuelgomes0,1
ermogenes,0
GabrielCoelho01,0
IsabelaSiqueira1,0
oragic,0
Mr1984-Pinheiro,1
NathanDeodato,0
PedroJorgeSA,0
palomavila,0
EricNeves,0
Andrius-pacheco,0
PeterStark000,0
flaviogui,0
pedroricardo14,0
isgabrielast,0
alliehenrique,0
ZauJulio,0
ArthurGorgonio,0
maggiemarques,2
ianevictoria,0
aryanneacosta,0
veronicarubim,0
nathaliakoetz,0
anabeatm,0
eduardowada,0
joaolima16,0
LucasFelicissimo,0
bruniibs,0
Navarriin,0
LarissaAngioni,0
Tav1nnn,0
araujodai,1
Caaarolb,0
rafaelaaugusto,0
diointhegit,0
AndreCFranca,0
CiceroLucas,0
Ranieeery,0
SantinizX,0
HlfDev,0
antonioscn,0
Vafernandes,0
vitoriazoche,0
guilherme-teixeira-gomes,0
rrafush,0
fabinzne,0
julianafmotta,0
mauricioromagnollo,0
LucasApparecido,0
Amad3eu,0
fonsecguilherme,0
VictorHugo00,0
HelenaSiena,0
selcukAltinisik,0
bmarroc,0
tunlaton11,0
MohammadGhnim,1
omk-coder,0
ntlcs,0
develvisilva,0
leandropiagno,0
werewolf22,0
marcelajcn,0
LucasCavalheri,0
imJessicaV,0
contepablod,0
turanedizsacakli,0
Elizah7,0
kassiaschipper,0
regex412,0
gamma19,0
barbaraportes,0
ilanacaetano,0
saashstan,0
Cixayah,0
laahnanes,0
KellihKey,0
mrcpicanco,0
lumoura0,1
LucasCoFranco,0
Buriola,0
IncognitaDev,0
lranacleto85,0
dnsouzadev,0
annalaura2,0
Tsugami,0
gboncoffee,0
francocontigo,0
xand3,0
allthecoder,0
LcsCefali,0
sylaht,1
joaobenigno,2
toniswx,0
WelberC,0
SamBlackLotus,1
leandroAntunes00,0
duartetech,0
mariaseverino,0
GabrielNunes12,2
MoDasby,2
geloodev,2
mattheusp,1
enzogennarii,1
gabriel-lopes-dev,0
BrenoItalo16,0
lucasshira,0
AraujoTech1,0
sieunnnn,0
vasloui,0
laughing-nerd,0
Gamzeysr,0
jonathanmperes,2
Asifr001,0
estercarvalhocv,0
gabrieldelucc,0
rayssaxq,0
raficfarah,0
Reimar-Coelho,0
pedroonovais,0
PabloVenino,0
LuizLimaM,0
luisnreis,0
GustavoSilverio,0
pedronicolascosta,0
Breno-Cardozo,0
gferri-projects,0
guhrodrrigues,0
rahbespalec,0
marcellepaiva,1
LauraCastilho,0
vicitel,0
ModestooLucas,0
victorbetoni,0
isinhah,0
erickcestari,0
nathanSeixeiro,0
Felliny,0
miguel-barros,0
VictorPortize,0
Thomas-DEV7,0
lordjack,0
leandroaragao31,0
caroll-ac,0
otavio-binder,0
arthurfernandesj,0
Gabrielcarvfer,0
Gabrielsoac,0
gabriel-lima258,0
CaioHabibe,0
bottinolucas,0
salmoel,1
lucaskeep,0
gc-barros,0
allbertuu,0
AdneMoretti,2
BiancaPatrocinio7,0
Fragellii,0
JohnJMN,0
jonthomasson,0
kingportipher,0
IgorDePaula,0
toxtli,0
ibrahimlawal,0
mmeyer2k,0
blogtheristo,2
d0mme-zz,0
somaditya,0
harish-garg,0
catalinc,2
influx6,0
EliseuTorres,0
libetl,0
zicro,0
baskeboler,0
stpettersens,0
nenadg,0
lucasrpb,0
ffreitasalves,0
cirqueira-labs,2
leotada,0
mseclen,0
anakarinacn,1
IsadoraFerrao,0
oestradiol,0
dudaholandah,0
ABMHub,0
VianaMarcioDev,0
barroscruzc,0
victorear05,0
renatainacio,0
eikecaina,0
LeyvinoBezerra,0
SuranSandeepa,0
gscolombo,0
dbreskovit,0
gabriellopes00,2
evandrocapo,0
wesleyorrr,0
matheuscamarques,0
jnaraujo,2
samucosta13,0
Ali19533530,0
augustoaraujoo,0
murilogds,0
lvidal-gs,0
vitordiniz25,0
medi256,0
F1reFinger,0
c0destep,2
thecastrodev,0
KarlaCSF,0
MoranggNormal,0
MatheusLCSantos7,0
raphaeldcout,0
Sabanai104,0
lboaventura25,2
ValentinBarco,0
badu09,2
Mohsenzergani,0
benmacario,0
JuanRRodrigues,1
victordsantoss,0
fcventura02,0
GabrielDVpereira,0
Kitsune110,0
ThabataAmanda,1
stariel123,0
CaioDalo,1
ruanoli,0
kleysonfmadruga,0
Josimar16,0
eduardapalm,0
sumitkhudaniya,0
ewcajado,0
AlphaLawless,0
andrelucasf,0
rafamaneschy,0
Kwame-Minta2021,0
ZiyadOuamna,0
BeyondMagic,0
Nanashii76,0
viniciusfgx,2
henriquefreitassouza,0
clarice42,0
analiviagarbin,0
PabloMirRC,0
ManuelPauloAfonso,2
gasparzinh0,0
sTrkalec,0
EricaFer,0
analisti,0
lixianxiang5018,0
jmar1998,0
hzg0601,0
iamdeterminedd,0
igorfersantos,0
lucasgonzalez2,0
ynskrc23,2
unsalsoftwareentwickler,0
ndohvich,0
maktiny,0
laureanray,0
rogeriolippert,0
tjacobconley1,0
hasanhakkaev,2
santosediego,0
pcdajr,0
jwillker,0
andreymudri,1
wiyadawii,0
cris-the-creator,0
RUCO13,0
tvieirabruna,0
rpajf,0
devicemxl,0
ahmednasserzaza,1
auabake,0
fabiopapais,0
Windows87,0
Kadidjah,0
guilhermecapitao,0
fergracianoo,0
adrielborges,0
bprofiro,1
diego3g,0
airtonsena10,1
analopesdev,0
AnneCosta,0
AmandaCarvalho1989,0
julia-finassi,0
TamaraKathleen,0
JessicaLopesDev,0
iannsantos,2
akaenrico,0
Larioficial,0
felipesantos17,0
annerland,0
adrianoapj,0
willnogueyra,0
Williams25,0
carolinilaila,3
sonegobruno,0
araguaci,0
bruno-sotam,2
taisesoares,0
je4npw,0
patrick-engelmann,0
omarcoaur3lio,0
lorenz075,0
traversaro,0
MariSIN,0
abhithemauryas,0
aninhafofazap,3
ashishkumarpalai,0
Thamasha-ru,0
rahulmk19,1
dharmikpuri,0
mizginesen,0
anshumapunia,0
vishal-girhepunje,0
lRauane,0
vitoriashapiro,0
Figueredo13,0
parsapanahpoor,0
Solangelis,0
nilamkhose2001,0
bmediato,1
Divyansh9058,0
Sarah-Hesham-2022,0
UmaSahni,0
Sumeyyehas,0
gamzeaslan,2
Dilanngul,1
ray396,1
menv25,1
vidhi86,3
zenab12,0
ashutosh0640,0
MillieBB20,2
JanaGoncalo,1
sumeyyeguler,2
ansu-kri,1
Delfina8,0
YasmineElbh,0
KanhaChhirolya,0
dayannaold,0
rafakeller,0
Anku9053,0
LauraBigoni,0
AlperenYcdl,0
darlenedesenvolvedor,0
TanviGaware,1
Salwa99,0
Nanda-Souza,0
jaleyerdelen,1
meryemozlem,0
kotaRamyapriya,0
gorguluarslan,1
ruthinunes,0
mervezcm,0
prashant9191,0
alexiagregorio,0
rafaelmakaha,2
viniciussaturnino,0
VerasThiago,2
DanilloGS,2
LeoSilvaGomes-zz,0
opiero,0
candidoalfilho,0
GiselleMelo,0
natan-dot-com,0
gustavo-loiola,0
fferraz07,0
paulohbsimoes,0
dmrib,0
erickfigueiredo,0
henriquepgomide,0
matheusscarvalho1,0
amelco,0
fladson,2
murilovarela,1
jessuircleydson,3
afcjunior,0
lucascassiano,0
CarlosJSL,2
weslenbreno,0
AmericoRodrigues,0
kakanetwork,0
Tobias-fernandes,1
andr-marc,1
paren-thesis,0
Makson19,0
Igor-Brandalise,0
laiscrz,0
SergioBonatto,0
mareduds,0
Aristeu-Dantas,1
lucasmateuslid,0
davidyuri,0
ClevertonCodev,0
Hagliberto,0
felipeaz3vedo,1
1l2pf,0
Gabsop,0
luisgustavopn,0
lpdcalves,2
Errac,0
peixotons,0
RuanMiguelGit,1
daviazev,0
DanSmaR,1
sergiovieirawebb,0
Rafael-Assad,0
Iro2021,0
Raph2ll,1
tndanjos,0
edibertooliveira,0
cauemustafa,0
Edi-Santos,0
lindainesv,0
eliel-oliveira,0
lzzhenrique,0
ViniciusmnLacerda,1
miguel-inacio,0
lucasquearis,0
frantend,0
GabrielFonseca13,1
RCVigil,0
camila-mp,1
antoniocunhadev,1
davypaulino,0
MarcleyRosa,0
lauroandrade,0
joaolelles,1
GuilhermeSRibeiro,0
Thesamuel01,0
leo606,0
douglasCajueiro,0
mariabessa,0
jhonatasmatos,0
myoui01,0
Romz16,0
nicholasscabral,0
whowon2,0
fcidade,0
Aleyucra74,0
matg0mes,0
guilhermedinardi,2
camilamaia,0
AlexBitar80,1
ItaloMedici,3
Bruini,0
luizdepra,0
lariadeoliveira,0
brunolcarli,0
wallacesilva,0
liloven,0
Barbara-Morais,0
giselegomes,1
enymartins,1
RaquelFonsec,0
lrolivera,0
JhenyfferOliveira,0
apenasMarcos,0
matheusassed,0
jyuky,0
pnlpcarolina,0
TheK6,0
FernandaMaresi,0
abnerpersio,0
dudaporto,1
gusstavotelles,0
luisrondow,0
stephanyas,0
SaraTuma,0
allankildare,0
anvitrola,0
duarte2025,0
hick97,0
raissamartinsmenezes,1
bboth,0
mainanina,0
Kassiakim,0
anafrancadev,0
CristianeBranquinho,1
Wallace-Bezerra,0
ShiellynFerr,3
davinyleticia,0
irlaandrade,2
pcSegatelli,0
carlaespindola,0
BrunoSaibert,0
rmax,0
lisandrascruz,0
luzialeticia,2
tatielirb,0
caiobep,0
chocoelho,0
felurye,0
naomijub,0
codedbytati,0
LucasViniciusC,0
fabioalmeida100,0
dionesmichele,0
JuCSMartin,0
GODiiKING,0
r4skaren,0
paivakarine,0
fdolzanes1,2
danielejsantos,1
oluiscabral,0
vanessa-dev,0
Leojunkes,0
LizandraBonfim,0
Natan-Abreu,2
nicolasmelo1,0
pmartinsn,0
mila-developer,3
BiancaPereira,0
marilhacariolano,0
SimonePedrosa,0
renathaoliveira,0
daianemsilva09,0
GabrielyO,0
thiago-guerreiro,0
carollas,0
olucasmac,0
memeco,0
matheuslenke,0
annacia,0
nalvescabrera,0
sonecabr,0
AndersonMolina,0
brunagil,0
KarinaThomaz,0
uelberhenrique,0
vpanjos,0
esron,0
dzvid,0
dmitryrck,1
miohana,0
gustavocardoso,1
backinkansas,0
VaneskaSousa,0
fesanto,0
talitaoliveira,2
danilovaz,0
maikenegreiros,2
danianith,3
tatianimeneghini,0
viglioni,0
mibsbalsante,3
vicduraes,0
velascosi,1
mikaelhadler,2
frontfabi,0
manzoliric,1
woliveiras,0
alinebrito,0
inaborges,0
lohannaaires,0
Kaiofprates,0
armand1m,0
ArianeCamilo,0
ferreira-mariana,2
carinebatista,0
FernandaMendonca,0
diemoritat,0
rodolfostark,0
kcami,0
Lorenaruiva,0
rhaynnelopes,0
CarolinaCedro,0
giuliabriao,0
CarlaBruckmann,1
francisco-devjs,0
amandaperrone,0
bruno-ralmeida,1
Magnarecrut2020,0
dougluz,0
vluzrmos,0
isabellasouzas,0
graziellecafe,0
laaridiniz,0
JenniferDominique,0
rmftelier,0
thiagoandrecardoso,0
proxygo,0
julliebelmonte,0
1cadumagalhaes,0
apwill,0
AbraaoM,0
murilothink,0
caroline-boaventura,0
deborateodorico,0
IanaCris,2
BrunoFay,0
CarolinaAriadne,2
walaceborges,2
RoyMusthang,2
adrianycmc,0
lanaiconceicao,0
VivianiMartins,1
yurigarrido,0
thomasravache,1
maurilosantos,0
Wesley-Maia,0
DanielaCosta12,0
DarlanCaruso,0
elionaimc,0
irsdora,0
wilsilva,0
JeffersonCN,0
the-physicist,0
LuizGMiranda,2
mateusKoppe,0
caro-marks,0
devLeSilverio,0
leticiamazzo,0
elisboa,0
FernandoKGA,0
Mostela,0
cstenico,0
vinyguedess,0
grazirs,3
thi-costa,0
pedro-isacss,0
NadiaaOliverr,0
JodanGalas,0
me-marchi,1
LuccasRMedeiros,0
Andrie21,0
aurelienheude,0
menesdev,0
ArthurMaverick,1
victoriasuarez97,0
cmcWebCode40,2
iareis,0
erika-h7,1
skywalker-its,0
ahuseyn,0
adili0505,0
mariomthree,0
miami78,0
Ankita-3107,0
ahmethakanyldrm,0
WellingtonVicen,0
renanstn,0
ekaranjaa,1
ewertoncmiranda,2
somedd,0
saransh317,0
Grateful55,0
Mehmetagkus,0
imssurya,0
Pedrolustosa,0
pulkitmehtawork,0
onuranl,0
umiitkose,2
awesomeamit1998,0
MathCouple,0
MustafaCelal,0
luizrosalba,0
onurdemir0,0
gurkanaltunok,0
morganagomes,0
EsmaNEren,2
carlosinhani,0
jocelinoFG017,0
miiraaayy,0
eyupduran,0
muammerakilli,0
nathsouzadev,0
roberson-miguel,0
morgannadev,0
carlossantos74,0
lorraine-crst,1
GeniltonSantos,0
tonistorres,0
ropdias,0
bernaRocha,0
ElisioWander,0
GAGABY03,0
marlonfrade,0
CyntiaMatsu,0
luizhlelis,1
DenFerOli-zz,0
camiladcm,0
itsferlima,0
eakeur,0
lisboaxd,0
carlamaximo,0
TuanySantos,2
TheJulius,0
igorhkd,1
Dayanaferrer,0
developer08895,1
romanellipereira,0
RR-DevGirl,0
Audry-prog,0
elvasthaisa,0
niltoneapontes,0
maaysiq,0
marianyqueiroz,0
marianafreitas13,0
priscilaestevao,0
ltsaiete,0
SrVictor1,0
DanielSBaumann,0
PedroViniciusMelo,0
clrbc,0
Joselucaas,0
anidio,0
izabellalbuquerque,0
pedrolgsoares,0
LaraYasmin,0
heloisaldanha,1
Dhebbora,0
everaldocmachado2,0
aladearchives,2
vandjalili,0
asifmuntasir,1
AgnyFonseca,0
ThalesLuizCosta,0
devlobao84,0
rogeriomussoco,0
julimoraislima,0
itoncorreadev,2
biancapb,0
jailsonsntn,0
EufranioDiogo,0
elainesteolla,0
yagomouro,0
JhonatanSSantiago,0
mohammad-mehdi-mohammadi,0
clcmo,0
tawanysimoes,0
perealvees,0
rebeccamoraes,0
ReAraujo,0
amandagdev,1
diegodrc,0
botelholarissa,0
idontwantcookies,0
Xunjin,0
eugeniopacceli,0
tatiana-scda,0
andre-motta,0
marcopollivier,0
Hybbon,0
rennancl,0
guilhermeolivsilva,0
lucasmbastos,0
viniciusveigadev,2
renadeveloper,0
joaoteodev,0
iaraoliveira,0
rodrigoea,0
dielduarte,0
MarcosDevBr,0
RaphaelOliveiraMoura,0
arthur322,0
lucasluca,0
luansapelli,2
gitflavius,0
laryssamagalhaes,1
m7ez1n,0
angelinopires,2
guilhermedecampo,0
luigidcsoares,0
Engcompaulo,0
kalebemoraes,0
otaviolms,0
ThiagoDella,0
dianavile,0
FoteiniK,3
markoboy,0
PerezLucas2903,0
vgpessoa,0
vitor-mafra,0
mcatrinque,0
gabrielmirandaBR,0
roger067,1
MilenaCarecho,0
samsantosb,0
alitsavirginia,1
breardon2011,0
ruslanbadaev,0
BaydoganMirac,1
geankaminski,1
dannyp777,0
tisljaricleo,0
00lucasm,0
fromgopi,0
CarlMartins,0
ietienam,0
carloseduardodb,0
busramerveaydn,0
pejmankheyri,1
RangelMoreira,0
pwamly,0
patilkrunal,0
jadielsonnsouza,0
FabianaCaroline,0
meleklacin,0
lilangbr,0
ratamranjith,0
davidmusembi,0
LUX14Zx,0
mike-liuliu,0
eyEminYILDIZ,0
eliezerantonio,0
y3rb1t4,0
kchikech,0
saadazghour,2
DiegoRoney,0
rohan-bhautoo,0
glaucoreis,0
firebuggirl,0
muhammetemrevatan,2
MarcusVinix,0
shreshthajit,2
erfanghorbanee,0
tugrulhkarabulut,0
realkevinbrian,0
emredemirr,2
AloyASen,0
dennisMarcelo,0
henriquerochars,0
devssun,1
marcosatsf,0
amirmojarad,0
BionStt,0
KellisonSilva,1
edu-Fender,0
gustavosimon,0
omazdev,0
Laguna1,0
spacekitcat,0
androyt1,0
riungemaina,0
miladsec,0
thelilnix,0
twglhk,1
aliyildizoz,2
cs-hasibul,0
biggaji,2
foskyblue,0
AyrtonPereira1996,1
bretoreta,0
imalisusan,0
makaulucky,1
ElkmanY,0
SkajeDev,0
PamelaFeijo,3
machadinhacega,1
hbianchi97,0
kimpro82,0
lucatsf,0
Josssanfrei,0
luarakerlen,0
Xicojr,0
davicn,0
isasanchis,0
eduardorcury,0
HenriqueOCabral,0
fhbcyberguard,0
IndianGhost,1
antuniooh,0
mohamed-helmy,2
Grazinascito,0
PauloZanluqui,0
vitorcarvdev,0
SpeciousSoup956,0
tarcizio-barbosa,0
Nathybozzon,0
LeonardoFebba,0
bartolomeusantos072,1
MikaaOliver,0
lchenrique,0
EduardoFrAlmeida,0
Christian-M-Silva,0
vanzacher,2
renankalfa,0
Rafael-doctom,0
Jose-cyber,0
Hudsonhfreitas,1
apolimax,1
vkThiago,0
MarcusVinicius21,0
danielvieiralopes,0
AlisonK2,0
gabrielasertori,0
HenriqueBarucco,0
vitosdeveloper,0
diegocar448,0
oLadeira,0
luciana-pereira,1
Newton-Duarte,0
Georocha,0
eriquinhos,0
Neandro-Silva,0
CamilaKampmann,0
Mocroski,2
leandroswz,0
Felipe-M2,0
pedroesli,0
yasminmarangao,0
lucas-dantas10,0
JonasJesus42,0
italobbarros,2
Aguiiiar,1
lemoscaio,0
orlandomotapires,0
ElimarLucena,0
oalissonbatista,0
barbap,0
rafifos,0
biancagualter,0
Jefferson-devs,0
WillianMotta,0
blamoo,0
omarkdev,0
hfabio,0
LeonardoZ,0
rogigs,0
Shizuzu,0
profluizangelo,0
elizeulouzeiro,0
andre000,0
felipefialho,0
vccolombo,0
CModernel,0
Juliamello8,1
GeizyCarolina,0
sinval-albuquerque,0
PauloAlves8039,0
ElandVarse,0
rafalmeidas,0
mnscmart,0
Wayfiding,0
larissabenedet,2
leorodriguesdev,0
MarianeCipriano,0
demelomatt,0
yuzokamoto,0
Josias-Ribeiro,0
laenderoliveira,0
leonardo8787,0
Sr-Souza-dev,0
rafael-campos,0
raframil,0
magalha7,0
rafaellx10,0
marcio-basilio-js,0
TiagoSilva92,0
xxGus,0
antigones,0
KagenLH,2
1ambda,0
mconyango,0
DincerDogan,0
Cambridgeport90,0
rodrigopivi,0
Wanhenri,0
Emersongit,0
starry-time,0
drsantos20,2
pathcl,0
mikeyb,0
vacom,0
SMcDonnell,0
mxdpeep,0
alibby,0
Brianmanden,0
j69,0
RobertoAlbino,2
diogeneszilli,0
GauravWalia19,0
gdfreitas,0
deyvissonAGP,0
brendonguedes,0
YuriLopesM,3
bcremaschi,0
brognilucas,2
ananeridev,0
priscrb,2
rafaelamiranda,3
filhodanuvem,0
DanieleAndrade,0
SubaruSama,0
mohammadkarbalaee,2
irevenko,0
tenmark86,1
ruedalibre,3
Ayodejioladimeji,3
zzhsec,0
SeePetulaCode,0
kolaynurdan,0
mkaraca25,0
PieroValencia4,2
s-v7,0
fang-kang,0
yunusemretoptanci,1
seydaozdmr,1
doguyilmaz,0
DevPianist,0
JNYH,0
birdsofsummer,0
SCOTTY0101,0
abdelrehman99,0
leonardo-oc,0
AnicetFantomas,0
brinhosa,0
Dagic-zewdu,0
Vit0rg,0
fayismahmood,0
AbdElrahman-Rafaat-Amer,0
deep-woods,0
jadson-medeiros,2
fed1k,0
gandolfoni,0
rafaelcastrobr,0
designwal,0
Stilic,0
MustafaAltas,0
burakguldiken,1
zeyasar,1
MuhammedKaradas,2
omamazainab,1
ribeirosaimon,0
hichem-bouzourine,0
JuniorCundari,1
thygo10,0
ebrusakar,0
carlosfrodrigues,0
bhumikatewary,0
leonardevans,0
Arun-purakkatt,0
JoaoG23,0
RafaFurla,0
aristidesgpg,0
onurerdem,0
rwerplus,0
YarlleySilva,0
n0tank3sh,0
marcos-asdes,0
wfedev,0
SrOliver202023,0
victor4pinheiro,2
JerCar,0
Classytobs,0
0Mouiz1,0
ahmedabdelsalam22,2
0komo,0
Goldfromgoldwila,0
ahsan2002,0
Shilton7,0
Aswinvt,0
mehdipayervand,0
Matheustsr,0
LeeKLTW,0
thejohnlima,0
xslyr,0
ciccioska,0
0-vortex,0
t2dbabz,1
mcnic,0
soumya997,0
erhangocen,1
senioresin,0
manisha069,2
cihanicelliler,0
leandrohorizon,0
Jkalio52,0
dsnehasish74,0
kayoderock,0
caidevOficial,0
sidratulmuntahagul,0
gulistanay,0
MelihKayali,0
SirFelipeMiranda,0
TarikSogukpinar,0
daliborkoenig,0
AbolfazlAbdi48,0
andersonmag,2
Voltranex,0
iamgabs,0
henriqueritter,1
agtonclemente,0
tugbayavuzz,0
lucasramos95,0
TStavale,0
c0d33ngr,2
JonataRocha,0
DuaneScheepersWebDeveloper,0
lgf-roverbytekok,0
takanome-dev,0
mhdsadique,1
rubenmarcus,2
lucasoneves,0
vaughan189,1
kyungseo,0
dmvjs,0
imaun,0
MohsenShahbazi,0
richinhim,0
ALOK6103,0
sshilpi110,0
r3ihan3h,0
mansitee,0
defrein,1
heminsatya,0
emjjkk,0
saroshfarhan,0
mohamed-ahmed-yousef,2
Vincenteliezer,2
Temitayo-spec,0
shaina-12,0
k0i,0
prabhatpoddar,0
ersinisgor,1
igorFrotte,2
BrunoPdSilva,0
Gabriiel-Barbosa,0
MetehanMuradTali,0
ABOBAKAR-IT,0
anmoljhamb,0
DevPedroVII,0
sabitunsur,0
amakaluvitalis,0
DogukanBaygut,0
koechvictor,2
BlasioGodi,0
nattheriddle1,0
Pop-Apple,0
ioannispol,0
zelihaznk,0
tupokraju,0
RC-Regalado,0
kibrug,0
Gabriel-sFernandes,0
Dikachi-official,2
maks-nenashev,0
michaelamponsah,2
guilhermeroberto,0
nelleuSant,0
sriramalavalapati3,0
MouidMS,1
manoj7654,1
fernand-a,0
NathanSFon,0
gustavolabela,0
annnyc,0
brandodevr,0
Mileide-Mikka,0
penasNipute,0
kamimartins,0
RB-Matheus,0
JBSilvaDev,0
ronaldprofile,0
nathaliaguimaraesdev,0
Gers2017,0
tamirespatrocinio,2
wandosantos,0
valentim-vh,0
TiagoBaratieri,0
gdeggau,2
mayaemerson,0
klebergeo,0
jefftermayron,0
jayjaycrown,0
kevinmukuna,0
vdsou,0
ysh-rael,0
ClaryAloisioHendgesJR,0
OneUnicornToFox,0
the-matheuslima,0
y93r,0
bruninhadioli,0
hmslima,1
Orlandoj77,0
lellismaria,0
Margarida-Andre,0
lucas-devstudies,0
manuelcunga,0
ruanltbg,0
vanessametonini,0
killvxk,0
douglasbarcellos,0
newtonmunene99,0
lucas85cunha,0
sergiocabral,0
Suarsan,0
RodolfoSilva,2
fdaciuk,0
joseaugustoss,1
KathleenPorter,0
HelioSilva,0
neymarsabin,0
wagura-maurice,0
krzysztof-magosa,0
MrDave1999,0
AryamannNingombam,0
Fabunmiegbe,0
david-malpica,3
salitha10,1
5Diraptor,0
clivetc,2
rafiiramii,0
bradleygichuru,0
JP-sDEV,2
Julio-Norberto,0
rahimasalman,0
Abd3lwahab,2
alvinkaiser,0
BeGentleman,0
cholis04,0
brunaluisasilveira,0
Acir-Moreira,0
mmmmimic,0
ranushka-lakmal,0
birdeveloper,0
Grayforever,1
GeyssonAguiar,0
mygoal-javadeveloper,0
JellyfishMIX,0
fmpiza,0
celeron533,0
drevdine,0
Alikhoshkholgh,0
ozgurbaybas,0
sergioriv2,0
adel-gu,0
AndreiMartynenko,0
khloudHisham,0
rodprogramdev,0
italorafaeltavares,0
mongoloidkhulmikuki366385,0
shikhar13012001,0
nadiaahmadian96,0
dinoaqui,0
Trigve-Hagen,0
JohnItoo,0
mamenesia,0
awran5,0
sidarkelse,0
RicrdoMedina,3
skymach97,0
jeferson3,0
burakyzn,2
Joycekellyy,0
wellingtonsa,0
fogeid,0
ozgursarioglan,0
adryansf,0
marlon-Symczecym,0
jeancabral,0
thebylito,0
christian-de-ornellas,0
antoniotex,0
antonioanerao,0
vitorpdasilva,0
wesdeveloper,0
gabriel19913,0
gleidsonf,0
Joaovsa7,1
sarkioja,3
PremApk,0
zerontec,0
DanilooHenriquee,0
kquirapas,0
dclark,0
alpagu872,0
lordoz234,0
Pratik-Sanghavi,0
amirnilofari,2
JrAdilson,1
wendel-passos,0
mohammed-bahumaish,2
c4lyp5o,0
thebunnyelectric,0
kamleshjoshi8102,0
tanavurs,0
mostafasoufi,0
nicklima,0
MarcelFagundes,0
deepneko,0
Amirsamrezv,0
m-oniqu3,0
yk-yong,0
hotddul,0
about-joo91,0
sergey090977,0
mustafayucedev,3
WinChester1723,0
HugoLSPaulo,0
gabriel-assana,0
Ronnie018,1
evertonpila,0
Bikram1122,0
Enes-Kayiklik,0
AnukaMithara,0
tee-jaay,1
MohamedHNoor,0
SyedMustafaImam,0
aliine98,0
CodePaula,0
jadsnet,0
gyssa-prince,2
MioMauro,0
igorcampos-dev,0
liberatricebaizer,0
WallasAR,0
joaofelipeas,0
pedrohnf688,0
Akramwired,0
natBizitza,0
lucastravagin,0
AlexR1712,0
AhmedSayedMansour,0
YoRobotCop,0
chandan-ojha,2
catelina777,0
mehdiradx,2
DanielSchuette,0
Mobink980,0
geraldo-netto,0
muhammetcangl,0
myw3schools,0
eyobofficial,0
matheusdoedev,0
osuobiem,0
tchnorider,0
bahachammakhi,0
juniorbuba,0
Harry-Muzart,0
Katheesh,0
ainyava,2
Nazarikk,0
suthicha,0
teslatickles,0
WebertiBarbosa,0
ograndoptimist,0
hashika2,0
DanielNgandu,0
Pedro-Krw,0
peueueu,0
ravinduf,0
johnadan,0
khirotaka,0
alagiz,0
JasonHaque,0
KamonLeigh,1
Oner-T,2
damadormoreno,0
lg-gonzalez-juarez,0
wellnunes,0
KadriGbemi,2
abhishekamralkar,0
jaeminkim-ee,0
lillianphyo,0
romarioarruda,0
haniueo,0
DarioCabas,0
hillarymutaik,2
frmatias,0
BabatundeAlo,0
francisuloko,0
thomashfr,0
sampaththeman,0
jonathanatuscpsu,0
yukinon-,0
sydowma,0
StefansArya,0
threeal,0
ageis,0
Ahacad,0
victoriaogomes,0
FalsoMoralista,0
adkatarine,0
rakeshkarkare,0
HugoHoffmann,1
mustafal,0
johnnynavarro,0
williamlims,0
Isadora22,0
valsonpereira,0
chriniko13,0
Max-Oliver,0
ostapyshyn,0
ronaldocuca,0
hugovelasco,0
TiagoHA,0
yullobomfim,2
nathanzilgo,0
PedroHenrique-git,0
MatheusNascimentoti99,0
daneccc,0
davymatos,0
alainkaiser,0
bragamateus,0
aquiles23,0
basharovi,0
Kelta-King,0
willian-santosalves,0
devangelaguilar,0
TanweerulHaque,0
kunwarabhi7,0
Denis-san,0
nooras,0
nehasoni05,0
mbolukbasi86,0
jeffreybaoshenlee,0
Renatojr2,0
Mastechnology,0
NascimentoMatheus,0
rafaelbucard,0
JEN-dotcom,0
opensource-joe,0
kulasedat,0
RodgerCodes,0
joellacerda,0
D-Wolter,1
MailingDelgadoMedina,0
belhajjamorsamar,0
tongoonamujera,0
oguzhancvdr,2
glxnull,0
aakashratha1006,2
Mahikolhe23,0
eric-zanchettin,0
markhv-code,0
jamieus,0
JohannGordillo,0
EdanAlmeida,0
MamadouAlySy,0
jorgejoshuatt,0
IronOnet,0
wwwbijay,0
raziyedogan,0
Dee-nDee,0
AmyKrizanWang,0
mmalbr,0
LeandroDukievicz,0
Paulodiastst,0
JonasFiechter,0
rumeysayurtseven,0
amirahnasihah,0
marckesin,1
dtm85,0
gfouz,0
LimaAmanda,3
KelvinWevertor,0
Marcos8060,2
jgmsantos,0
muchirajunior,2
SamaraMacedo,0
hsiaofongw,0
pambus,0
Finyasy,0
Famenontsoa1,0
LorenaDrumond,0
ERICAVN,0
baranzen,1
basturkerhan,2
Msajt,0
Emerson-02,0
hudayihancerli,0
igorRicci,1
pronepoet,0
OSHMOS,0
amirkarimistr,1
hfl0506,0
mertess,1
Sajadssa,0
Lucasssanto,0
Dinesh101041,0
AlfabetaWeb,0
IN0C3NC10,0
ElissandroMendes,0
lucianoseibel,0
ramcandrews,0
honghuac,0
murshed,0
Viijay-Kr,0
acmerev,0
x213212,0
dipespandey,2
joelouthan,0
agabaandre,0
aaron47,1
giacomotrinca,0
semioz,1
ozbirmustafa,0
ozguraktas5,0
ilaydasahin,0
esraarsslan,0
ESA1979,0
masayukipy,0
SuelenSCardoso,0
binaliyd,0
Idriz4work,0
bilalaymak,2
AgustinKassargian,1
Hilalbasibuyuk,0
Fatmaaktar,2
onurkecee,2
abdul-k-shaikh,0
joaoquinto,0
Justinldub,0
jchoeup,0
achmadlutfi96,1
seifrajhi,0
nabilfsd,3
kakaingalu,2
DonnaReilly,0
rushasdev,0
tcandra24,0
kobbycyber,0
serranuraran,0
ozencdurur,2
ysfcbn,0
EmreKabali,0
noumecha,0
JonasCaetanoSz,0
prowebdev119,0
leonardoccipriano,0
raissacampos,0
hesnacaliskan,1
tynist,0
TomaszModrzejewski,0
antonio-dev2710,0
jamesshoemake,1
Kaivalya4,0
Roberta-Oliveira,1
DhyonKeyllon,2
hanifecennet,0
ecoknows,0
leohb07,2
Aman103767,0
Henderson-da-rocha-porfirio,0
unameit10000000,0
Joao-Inacio,0
dmitrykorochkin,0
gil-sdev,0
rajeshbyagalwar,0
iAmWayneBenedict,0
WalidSahnoun0001,3
Therealblackgold,0
pmbhatiya,0
OtacilioN,0
lfbond,0
mairaspilack,0
ojuliomiguel,0
Xandowski,0
albrtinoaugusto,0
Looxor,0
sebastienrousseau,0
irsocafuso,0
leondavidtb,0
Rodrigllb,0
juselania,0
EduardoAraujoB,1
amandayuu,1
EduardoRFS,1
shaikhjavedofficial,0
aasthasaxena217,0
ishwargov,0
zainmehdi,0
mertozgenn,1
pooridev,0
Thiti-Dev,0
vinicius-solon-silva,0
jill-macdonald,0
emaferr,0
fab1opinto,0
Aminsehati,1
osmandgn,1
kufre-abasi,2
PrantoshB,0
ws-jm,0
isun-dev,0
gustavo-zsilva,1
uncomfyhalomacro,0
Ejiro-Edwin,0
vivekadi,0
safi-alt,0
TheKr1z1s,0
Andressaffs,0
eliascarv,0
marcus-castanho,1
bivarz,0
JWCosta,1
FaruqueBraimo,0
Cnilton,0
mlssystem,0
dhmiguel,0
flwski,0
DanielSalarini,0
ednanjhony,0
eulaludmila,0
jvitorn,0
dioumedeiros-zz,0
tonoliveira96,0
marcos-dev14,0
victorbrayner,0
AmosAureliano,2
TARGINO0110,0
matheuspadilha,2
EdisonJuniorDesigner,0
MicaelaAndrade,2
clertonf,0
fabriciocunhauk,3
Coldiblaster,1
gustavo867,0
luizeduul,0
srsantosdev,2
Iago-s,2
FelipeRRPereira,2
Adoilson-Freitas,0
amanda-santos,3
JonathanHenriqueCWB,0
lukatassano,0
jonathandr9,0
lucas5g,0
marcossilvaxx,0
NewarkX,0
eltonlazzarin,0
Willian17,0
Lukinhasssss,1
clovisnunes,0
xcasluw,1
etakao,0
Gregorio-A330,0
JhonathanWeber,0
JeffyMesquita,0
mbmauriciojr,0
ptkrm,0
ahmedfoad,0
Haeeul,0
krsakshi,0
cuixuage,0
fabricegauglin,0
diegowinter,0
Pumily,0
weykon,0
kazimanilaydin,0
moezbaccouche,0
ariady-putra,0
dbcxx,0
Josh-D18,0
Enes-s,0
Shayuru,2
Space-Cowb0y,0
madmesi,0
amanmadov,0
hirayGui,0
phaedonv,0
Precise03,0
sylvainSUPINTERNET,0
anton683,0
gantgarrett,1
emekambachu,0
Victoria-Pinzhen-Liao,0
Wiilderson,0
Massas,0
lucasdelvillar,0
thafanseid,0
masanori0209,0
KeithLin724,0
taoria,0
richardgourley,0
hugokce,0
HackyCoder0951,0
sladjana95,0
GregoireF,0
negin-shahani,0
surfer190,0
mycroftanthon,0
RNtaate,0
mohamed351,0
kunlong-luo,0
Eddyflawless,2
levos-snr,0
Vanessa8000,0
aarana14,0
leolautens,0
SpiffGreen,0
1995-Matheus-Lima,0
Akash52,0
pedrorizzo,0
Billocap,0
Pericles001,0
mynameiskayky,2
AtosNeves,0
jcgsr,0
JorgeLNJunior,0
MarinaAlane,1
MatheusWanderson,0
Anndrei87,0
guiofsaints,0
IndianaLora,0
rodrigogregorioneri,0
MatheusEdnei,0
horberlan,0
joaoprferreira,0
chidimo,0
EmAchieng,0
gabznavas,2
ronaldomendes,0
Pedroor,0
eduardodangelo,0
manyunyu7,0
Sulecs1,0
Yusuf-Kara-Git,0
paramsiddharth,0
omerayyildiz,0
SpidySamurai,0
ogiovannyoliveira,0
Ajulibe,0
Yashank18,0
fabriciocovalesci,0
subham2107,2
santipm29,1
prakhargurawa,0
tulinaktas,2
SatYu26,1
WesleyIsr4,0
erenaslandev,0
a-dera,0
ozgegn,1
guilhermelima18,1
aliazimoshan,1
Jargs25,0
mateusrodc,0
cristianmayo,0
dev-mgkaung,0
JaviPardox,0
ahmetonurslmz,0
arifBurakDemiray,2
abdieldeathayde,0
codeshruti,0
Innovator007,0
lucasrbezerra,0
lucas-deschamps,0
Stephenlaye2,0
nickcarva,0
deepakkumar1984,0
AdiTCG,0
vicainelli,0
goh-chunlin,0
edelciomolina,0
berkbatuhans,0
nickyiliwang,0
trustyoo86,3
paesrafael,0
fabio-beutler,0
Zakelfathi,0
igor-s-ribeiro,0
guilouro,2
gomex,0
diegosfc100,0
vyrs,0
maxbarboz,0
yasmini98,0
lucasfelipeluz,2
gustavofbc,1
Biancaa-Costa,0
GabrielaSch,0
brunoGaddini,0
danielh-oliveira,0
mdar4,0
ttp3r,0
samreis,0
BiankaIbrahim,0
VeronicaBertozzi,0
lisdrl,0
jeniferplacido,0
gadgetvala,0
brunosana,2
LFC222,1
Francisca999-tina,1
UellingtonDamasceno,0
MarcusAldrey,0
ricardvsilva,0
blalyasar,0
IngridFCosta,0
Wendemberg,0
rodrigobarbosa12,0
planetsizecpu,0
ShortlyMsg,0
soham-samanta,0
Tovim,0
gankun26,0
andrem91,1
jacqueqa,0
Rivaniadj,0
petruciadayene,0
wanessalanne,1
lucasclf,1
yagomathiass,0
Riverfount,0
tanvirstreame,0
sydneyhen,0
biancacristinaalves,0
MoniqueFracarolliCamargo,0
carthy93,0
Mayara008,0
jessicacordeiro,0
topjohncian,0
Mustapha-Smail,0
yessine-agrebi,1
Lucas-Reluz,0
VitorFerronato,1
Ambush3,0
sidramwaseem,0
thecovarrubias,0
steniomax33,0
yasinarik,0
mochaaP,0
wlvvs,0
BertanT,0
MelqSantos,1
CalRodrigues,0
luiscns-alt,0
Sweetlight95,0
AlexandraParra,0
DevWoody856,0
cristian2213,1
BrunoRagner,0
AjayiMike,3
Notye1K,2
ricardoyepezz,0
JulianoMir,0
Alan0170,0
cybot-des,0
oguzcandemircan,0
Festusnkrumah,0
fireAi-Cloud,0
G01d3nW01f,0
vanshitatwr620,0
rodrigo-marcolino,0
omer1abay,2
MihrimatriX,0
Neto002,1
kleandrav,0
priscila-rocha,0
santo556,0
ManassesGoncalves,0
uanderns,0
Matheus-Pontes,1
jonatancarvalho81,0
gsmartins96,0
kaztraz,0
Sabrinadelpache,0
Mati365,0
punker76,0
basaksokmeen,0
Amendolaflor,0
yanjinhuagood,0
nobrupsiq,0
mariaccarolina,0
amandavsamorim,0
vitoriagalvao,0
marcieleadivincula,1
alexiaassumpcao,0
PauloHenriqueJr,0
Tulanics,0
leandrolesnik,0
rogimcos,0
leovd100,0
GlenilsonSantil,0
Braga451,0
BielFeliciano,0
marianelamana,0
brenobiancardi,0
renatamoss,0
maxsanttos,0
romulodev08,0
valeriedania,0
anderson-cst,0
Danilo-Xaxa,1
jamesjlv,0
hiago-ramalho,0
Anailson,0
thiagohrcosta,0
VictorN7,0
mattnicee7,1
lpolon,0
fguisso,0
gbarcella,1
gugapadilha,0
weescoelho,2
mauriciorocha1968,0
kanastasov,0
murilo-andrades,0
matias-manoel,0
gon-khaung,0
AmirmuhammadShk,2
thiagogcv,0
AlexandreKimura,0
yosiasm,0
pwoltschk,0
0xbaha,0
RA9,0
shuyueW1991,0
mimipeshy,0
pcesar-costa,0
drblack8,0
Allovallo,0
K-H-Ismail,0
eanerdy,0
matthewrmccall,2
barbzlornah,2
uiralima,0
LoboArkano,1
MAbdurahman,0
mehmetserifpasa,0
loktionov129,0
peperoschach,0
shiqingyun1024,0
sk8Guerra,0
alrtas,0
saddamBD,0
Senzenjani,0
igormartins4,0
flavioccf,0
RuanAyram,0
otoshimtoshi,1
Soroush98,0
nunees,0
lalosh,1
Sabareh,0
MohammadForouhesh,0
albertolopes,2
erico-au,0
farnamatic,0
iagotito,0
paulojuniore,2
marcellasiqueira,0
matheusarauj,0
LucianErick,0
MarcosDaNight,0
deboraleda,0
raissonsouto,0
thyagopereira,2
JGuilhermeCoelho,0
luiz826,0
Pedro-Murilo,1
testitesti22,0
vitoriadevalois,0
kasilianaoliveira,0
avmachado,0
Kr4k0w,0
miistrass,0
EdgarOlv,0
AamirSohailKmAs,1
GuilhermeGraeff,0
biancviana,0
MarianaAntunesJ,0
DisassembledSharper,1
Edilson-EJ,0
katiacih,0
felipefbs,0
JuliaPinheiro,1
AmandaDuart,0
mateusavila,1
gabrielacsalesc,0
mayrazan,0
patriciabarnabe,2
caroAlvim,2
robertoalcaras,0
armitage420,0
RealSollyM,0
ionutnechita,2
kimhaegyeong,0
yangyang14641,0
joelmss93,0
amontheape,0
DeniseYuki,0
isisfa,1
josiane-rocha,0
gabrielipavlack,0
shahzadthathal,0
stnc,0
nikolayvoronchikhin,0
NikolasMatias,0
danilolutz,0
jemluz,0
rvmoura96,0
jhonatanmsc,0
LucasAMiranda,0
jmrepetti,0
brunarafaela,2
oaraujocesar,0
adellylima,0
jairft,0
brunogaefke,1
vgeruso,1
Ricnaga,0
aquilamedeiros,0
FelipeFama,1
Mpbarcelo,0
LucasQueiro-z,0
mkyy,1
MichaelKnopacki,0
swelam0,0
theuntamed839,0
gabjohann,0
SATILAM,0
julian-gamboa-bahia,0
emersoncarneirodasilva,0
joaotinti75,0
jjoaovitor7-unit,0
rca0,0
andreyaraujo-dev,0
vitoriajaco,0
amimaro,3
mguilhermetavares,0
gabrielvieira1,0
LuccasTraumer,0
ignaciojvig,0
Luisnadachi,0
devsfer1,0
eduardoaraujogomes,0
joaogabriel-sg,0
marivaldocarmo,0
grochavieira,0
WellSims,0
guicoutinho-dev,0
faustinopsy,0
brunodmartins,0
marcoslima-dev,0
Lipemanso,0
Polokghosh53,0
livialim,0
Ti-Smartx,0
Vinnybrunn00,0
OtavioCanedo,0
martinsjeniffer,0
luqnex,0
marisellen,0
lesivieri,0
Fyre-Flye,0
aldemirneto,0
matheus-kittler,1
danrleyney2210,0
Reynanwq,0
DFelipe1,0
marcinhojazz,0
zakarialaoui10,0
ErikFerreira477,3
MiroBenicio,0
aabreusilva,0
natanfeitosa,0
rpjansma,2
eduardoamorim-dev,2
jeronimofjr,0
Jacsonx,0
MarioFronza,1
alessandroaires,0
theusfelipe,1
GarciaGP,0
henriqueclaranhan,0
DefRuivo,0
MarciovsRocha,0
monikode,0
Joel-Irineu,0
LucasKleaL,0
eduardonunesp,0
Jyuury,0
eliascmurat,2
felipejourdan,0
catiau,1
jonathan010603,0
L3019,0
art-santos,0
hugoFelippe,0
bernardcaldas,0
AntonioWeb-dev,2
otaviothor,0
CelsoAlmeidaLF,0
andresmontoyat,0
barisertugrul,1
iAmKankan,0
atimilson,0
rezkyfm,0
marcosvcorsi,0
pranavhunagund1993,0
X-itachi-X,0
Akinyemi-samuel,0
marziehbagherinia,2
alidehkhodaei,0
IasmineSilva,0
sahmed1o,0
maykonmichel,0
dirkarnez,0
sreedeepta,0
bludnic,0
ali1129js,0
JackWh0,0
CurtisChou-51,2
itllsendamsg,1
kevinhearts,0
softking0503,0
theamallalgi,0
Ishtiak007,0
moha999DJ,0
GylanSalih,0
sarathk73,0
craftsmanapps,0
sakshikore16,0
shining0611armor,0
Fernanda154,0
nicollylemos,0
Catarina-Carneiro,0
senhorbento,0
tthaisnunes,1
PedroMoreira87,0
sabaoempo,0
mhnx,0
Koji-desu,0
anna-albuquerque,0
davilopess,0
rutefernandes,1
hevlyo,0
joaoarthurolv,0
dgoscn,0
joaofilipenasc,0
andyrodrigo,0
DreadPirateRobertt,0
GabrielGSD,0
JonThomsen,0
mohammadhouda,0
eben619,0
mohanbabi,0
gauravmatta,0
ejklock,0
waltereidi,0
Siris4,0
dawoodkhatri1,1
shahzaman900,0
kkousounnis,0
AudeizReading,0
njtalba5127,0
iammuhammadumar,0
daley-mottley,1
gabizinha12,0
victorbadaro,0
brnathanlima,1
rosooares,2
bawejagb,2
ProfessorMB21,0
sarahesari46,0
Swanstonn,0
CoreUnitNET,0
Fraganya,0
MartMbithi,0
Stobertonf,0
MichalPaszkiewicz,0
hieudku,0
cloudhighfive,0
moraes-webdev,0
anaclarabck,3
IgorMendez,0
gabrielafeijo,0
matheusinacio7,0
santoshpanda1995,0
Hexzilla,0
thagyu,0
DevvObiero,0
xtoben22,0
reid-harrisson,0
danijelconsulting,0
Erolcntd,0
mohsenemami0011,0
dev-hafiz,0
Gaurang5704,0
MasterTJ123,2
marcosfons,0
silvanaamaral,0
MirandaFernando,0
Igorolivei,0
Pvictox,0
Cvmcosta,0
lorainegarutti,2
KarolaineAlencar,0
diegoshakan,0
hechfx,0
leonextlevel,1
bperezdearce,1
G-ilian,0
Pettecco,0
guiboava,0
Mandy8808,0
softrebel,0
undextrois,0
gjovanovicst,0
ishandutta2007,0
waheedi,0
andreterceiro,0
buzz8year,0
badgids,0
ellen2015,0
teamchong,0
invisibleBully,0
Balajichandra,0
meory101,0
rafsanahmad,0
duhowise,0
ratson,0
jgadsden,2
Uxxxxxxx,0
HadzhieV777,0
Suraj-Upadhyay,2
savio591,0
CarlosDevBr,0
Mitesh411,0
natanvalimcardoso,0
victoroalvarez,0
MeghnaS21,2
akshayitzme,0
jessecarvalho,0
Only-to-top,1
Stardev1127,0
opengineer,2
rodolforezende,0
BryanAnariba,0
Notlynoel,0
windev0609,0
abrehan2,0
Abdullahsaleh203,2
Clint171,0
Negin-Shams,0
PouyaSonej,0
PedroDeSanti,0
FelipeMarra,0
mozart-maia,0
carlosantq,0
rickyalbuq,0
ViniciusJPSilva,0
MaiaraSilva,0
shayan-taheri,0
rayanne-barros,0
mylenaoliveira,0
GabrielNegreirosLima,0
juliabfluz,0
Raisess,0
KRochaS,1
Kamilasilv,0
kurisosan,0
rosalyneduarte,0
Node-23,0
xGabrielR,0
valter-junnior,0
AngelicaAlbano,1
leomttx,0
claralima1,0
luishgh,0
breeeno,0
itmoura,1
ErickBGoecking,2
kadutheway,0
DevThiagoRamos,0
EugeniaPais,0
tinaponting,0
ekouekam,0
rajbhatta,2
manuel12,0
EpicDeveloper0928,0
Alireza-WebDeveloper,1
dgam777,0
0xb0b1,2
mek1986,0
andersonmatte,1
grace2riku,0
OmaarElAmri,2
ysfmrbt,0
mabiamabia,0
cleberson-dev,0
leovincentseles,0
billykybe,0
oxica,1
Bunlong,0
Tuhinm2002,0
sondosaabed,0
ai-to-ai,0
grazielly-ac,0
DiegoVictor,0
pedrohcdo,0
ronenhamias,0
Gregiss,0
Bruno-Milford,1
berkayvuran,0
Lucas-HMSC,0
Brainhub24,0
YassinTalssis,0
josip0920-zz,0
ahr-i,0
becauro,0
KhazadDutz,0
jhenriquemargrafm,0
faizan150,0
Safiullahgithub,0
arvin-ramezani,1
muzahid120,0
jeremyspace,0
shahnozahaydarova,1
neilsohn9,0
snowMan128,0
AhmMashhour,0
irfanulkabirhira,0
fatimaazfar,0
uniwaydev,0
yahia-soliman,2
HI6Cypher,0
LuciMito,0
0xpuck,0
lluckymou,0
lucasmateus,0
sergio-contente,0
GabrielNBDS,1
Rafolios,0
Lucas-M3dina,0
mlm5608,0
wesleysouzakeys,0
felipemadu13,0
Cenachi,0
lucasaug,0
Valerieps,0
glazey132,0
souzlari,0
scavassa91,3
andrejr971,0
Isaius,0
wendeleyf,0
hayssac,2
leisiamedeiros,2
edcnogueira,0
gabrielsscti,0
rnlisboa,2
arthurmeireles,0
CarlosVinicius3258,0
lucasmontano,0
jeanjar,0
Livia-Rachell,0
tonny-weslley,0
jullianasousa,0
GabrielRCodes,0
PedroGontijo13,0
infinitedim,0
canokaue,0
dmax101,0
LucasGitDev,0
AlvaroLucioRibeiro,0
pedroaba,0
PedroLuisDionisioFraga,0
DIEGOVZK,0
marshvin,2
yaoper,0
minuuva,0
waltercrdz,2
mauudev,0
tuxcanfly,0
schneiderfelipe,0
JonatasFontele,0
hiroki-repo,0
BrilliantAdam,0
ali-eljerrari,0
michael811125,0
thebatclaudio,0
Djdefrag,0
eshanmherath,0
LuisMiguelS,0
Williano,0
arm-on,0
AmauriOliveira,0
dev-leonzera,0
CodeMaster7000,0
liquidshopier,2
Artem5287,0
rashedulhasan-dev,0
Derrick-Mulwa,0
Pablo73,1
SeunBoyy,0
vinciidev,0
Jonasjps,0
FullStackStar,0
lyandeveloper,0
filipedeschamps,0
franklaercio,0
h-ssiqueira,1
codekojo,0
t-matsudate,0
luisdelgado,0
Tosin5S,0
clinton-mwachia,0
mssm199996,0
sali72,1
Fytex,0
Domaman202,0
54J4N,0
cengizhankarabel,0
duyu09,0
alansgoncalves,1
aregtech,0
Thinker18624,0
Bytenol,0
trendy0413,0
kechomartin,0
MrArnaudMichel,0
chikitai,1
gelftheshot,0
acrosett,0
galaxydev24,0
Tobie-Rathbun,1
brajesh708,1
zied-snoussi,1
muhammadhoud,0
madara1793,0
ekokedao,0
Isabelle-Matos,0
claudiaapj,0
Bathory,0
cemeterydriiver,0
kaioenzo,1
DiogoSilas,0
claudiacaus,3
darakimberlys,1
artie93,0
JGuilhermePimentelDaRocha,0
JuFaro,0
Alaksion,0
davi-canuto,0
victordaniel102,0
giancarlozero,0
THMattos,0
evandroduarte,1
1Sayza,0
azeveco,0
luizclr,0
SrWhale,0
bezao244,1
GOlivierNation,0
lakhreevaelizaveta,0
LucasSResende,0
bsmvictor,0
marcelovca90,0
lucioeiras,0
joseandrepereira,0
gradan-hash,0
faqih-rus,0
ccamel,0
lyxal,0
DeyvedAntonio,0
xianengqi,0
mrtlive,0
DPS0340,0
sumeet-srknec,0
nicolaerario,0
c4arl0s,0
ljcl79,0
mateuschaves,0
nachoalvarez,0
TeamSPoon,0
elifpirgaip,0
Supernova1024,1
midas95,0
jaracoder,1
JaySabva,0
superdev87,0
connectit2anand,0
itsApurba,0
Rafael-Abne,0
i1idan,0
ArshdeepSahni,0
PhatBK,0
michelspirlandeli,1
ikhsanalatsary,0
shlpu,0
candiepih,1
Horlawhumy-dev,0
mlojek,0
fabioms-br,0
asigalov61,0
regismeyssonnier,0
sayed71,0
verejava,0
Muhammeday9un,0
MernDev0603,2
Fadhaa,0
dhan-profile,2
yaroslavmatei,2
deeptesh-rout,0
hossein-no1,0
Donshaikh,0
onlinehub0808,0
stancillous,2
ThisIsAR7,0
piupauspide,0
ZigaoWang,0
halkhalki52,0
tahamostafavi,0
abdulkareemm,0
watchout254,0
golddragon41,0
TurboChainx,0
silas32,0
GodHad,0
bytexenon,0
ArthurDetomi,0
mayarapreta,0
juliorodrigues07,0
mavinsi,0
twChronous,2
Willsome,0
pedrohemmel,0
Akshar-code,0
johnatanlima,0
gmarcon83,1
beatrizmaiads,0
joaomcsferreira,3
gabrielduqueschiffner,0
afcj8,0
00s,0
pvborgesz,0
Danielopes7,0
pabloalmeidac,0
Franklin-Barbosa,0
SamuelSilvaMelo,0
joseanepalhares,0
taiporto,0
Sirherobrine23,0
jjomonero,0
fredpedroso,0
phillima,0
AndreOneti,1
isabelaacr,0
oscarmarinmiro,0
bgturner,0
marcelotorres1982,1
sandun86,0
danielbayley,0
long-910,2
rikyoz,0
fulviavaz,0
andrejmoltok,0
julioxavierr,0
carlosdarioio,1
Bharathkumarraju,0
ebnhxcode,0
momoirocloverz,0
scobi84,0
nimayazdi93,0
ZouJiu1,0
emeath,0
giordanobraz,3
KartiKChaudhary07,0
Caio-Sdk8,0
AnaProgramando,0
geovane7881,1
Ayfarag102,0
jonascaetano,0
rafaalberto,2
martinussuherman,0
iamaliybi,3
librity,0
waltertaya,1
devshopier,2
klouds27,0
devking1116,0
SmashedFrenzy16,0
AmarMijgar1,0
4cyberlord,1
Sahil4883,1
Tynab,0
342261733,0
shinevue,0
MathSena,2
RenatoSTV,1
GiuZambot,0
lmassaoy,0
Krush206,0
Padman83,0
jppradoleal,0
calebesg,3
adkif,2
turtledna,0
Emmanuel687,0
Wandersondu,0
HashiramaDev,0
simplesolutiondev,0
MohammedHarmouche,0
brianobot,0
rodneyazev,0
shimodateakira,0
nikumu,2
mjvbz,0
JEFERSON-CASAGRANDE,0
SelimEminoglu61,1
nimanikoo,2
n-dev27,0
HosseinAlikhani,1
pouyashahrdami,0
MohamedMohamoud,0
iproudofme,0
mowhn,0
M-Piyush-21,0
ezadin2,1
SaraRasoulian,2
ai-in-pm,0
Razmahit,0
joakor89,0
ZahraSahranavard,0
Gidayi-dev,0
RyanBlundell,0
vladmeer,0
HimaaSayed102,0
Manvendra108,0
sunny250984,1
maksym-bezditko,0
MessiasFCM,0
Dires00,0
IagoArauj,0
Yuri-Costa,0
Makoto-dev1,0
KauaDeja,0
luolibit,0
GabrielKishida,0
fe-oliver,0
sweetsoph,0
Felipe-16,0
marcotuliocarvalho,0
cdcavagnolli,1
CommanderErika,0
waghcwb,0
ludeoliveira,0
cahanjos,0
rmagalhaesds,0
NondasNF,1
lucsoliver,3
maikonkc,0
ThadeuDefault,0
iscodand,0
hmesquita26,2
MathewsDantas,0
eaaliprantis,0
michel0liveira,0
eiandremoreira,0
Spyy004,0
Werberty,0
GustavoPivoto,0
pauloeduard0,0
FerNagata,0
ArthurOpenheimer,2
pedroamota,2
ryan-pin,0
FelipeAlves14,0
paulovanzo,0
teuswx,0
leosmsilvx,0
Muhammed-Osamaa,1
haxurn,0
georgejrdev,0
shenleeosialai,0
Julian-Dumitrascu,0
jp30566347,2
Talamantez,0
econexpert,0
Kwynto,0
okiess,0
ASGDLO,0
Dickens-odera,0
jim3,0
antonio-abrantes,0
mindcont,0
Mafiasource,0
leo-smi,0
Flaviogameover,0
alvandwp,0
solify020,0
franck-gaspoz,0
anabastos,0
CossyCossy,0
errir503,0
jimmonster,0
carloscazelattojr,2
gutoccs,0
urantialife,0
melihderici,0
jmohan57,0
H-a-r-s-h-i-t-a-k,0
sosanozanjomong,0
ErfiDev,0
sarlakZM,0
top0910,0
DiegoAscanio,0
Joshaby,0
jjeffcaii,0
fahadashiq12,0
hoco1,0
besimgurpinar,0
Fredrick-KE,0
wolfdev0512,0
acatzk,2
codmania,0
polcats,0
Infernolia,0
hugocortes,0
robbytrujillo,0
arks-lacerda,0
EdgarJFA,0
NatanVieira,0
ghazal52,0
noahbroyles,0
anteroselin,0
Defmc,0
hanandito,0
cardles,0
WesleyCodeMast,0
samuelcsouza,0
navaneethrkrishna,0
victorpreston,0
cyrolux123,0
xiaoweiruby,0
micaelgomes,0
heyynat,2
rannaraabe,0
Mehrdadghassabi,0
JavaidAhmadKhan,0
elitmor,1
tylerlight071,0
6wki,0
starlitnightsky,0
rizvan555,2
VagrantStory,0
Danyseifedine,0
y0geshx,0
saajann,0
MuhamedHabib,0
gold-mouse,0
jwe0,0
amariwan,0
ShaikhZayan,0
edge2ai,0
alienfoxx,0
JohnEsleyer,0
codemage66,0
SpenceLabs,0
Shamim-Al-Mamun,0
M-il-o,0
LucasBernardess,0
pedroazeredo04,0
c0utin,0
lowliet64,0
rafaeloliveiracanuto,0
ohthias,0
luizfelipeveracruz,0
noymaxx,0
dgmath,0
aericode,1
fm4teus,0
tuanductran,0
targ1no,0
jennys-alves,0
LanaGomes,1
caroldgo,0
amandafb,0
erikunha,0
jorgedjr21,0
leo3210k,3
stephanJoao,0
zenobiopereira,2
matheusinit,2
pedrocastrovs,0
MatheusLevy,0
emkreimer,0
gusttavokr,0
FHumberto,0
paulosandinof,0
tkow,1
Fajrizky,0
juliocloud,0
RobinCharles984,0
PedroPassos87,0
DaviRestani,2
brunoquirino14,0
jvoliveirag,0
eduardovalias,2
beatriz-a-cardozo,0
raimundomarciano,0
JohnPss,0
fernando-horita-siratuti,0
Caiquekola,0
outsmartchad,0
gidsola,0
johnsage25,0
michele-tn,0
yxw007,0
lemyskaman,0
hamednikzad,2
noborus,0
eduardo6722,2
mjkodkks,1
mmontielpz,0
lerkush,0
AdaiasMagdiel,0
allenvarughese22,0
mlane,0
kabitacode,0
iticworld,0
yigitm,0
biantris,0
MohamedKhattat,0
doougui,1
andreguedes,0
wandersondlopes,0
roninJosue,0
JMustang,0
pct960,0
vjudge,0
codebuil,0
amirisback,0
aimen08,0
ochiengbrian,2
Bobcodiz,0
v-makarovskyi,1
luanaxcardoso,0
SuperGalaxy0901,0
GraniteMask,0
Linamohamed89,1
sohail-chughtai,0
SamuelRocha91,0
dantasl,0
dauryellen,1
Jeff-Tian,0
amanvermai30,0
star219,1
dplewis,0
rizqiwahyudi,0
IAmNithi,0
yhunlu,0
lyushher,0
lm101845,0
caiquetorres,2
hyc0812,0
The-Young-Programmer,0
ABKADRI-AMINE,0
leonhiat,0
vitordl,0
jamesnet214,0
steffano-da-cruz,0
vishalpande,0
clashatdemonhead,0
misbot,0
vitorguima,0
dcmatheus,1
jjosenaldo,0
JohnVithor,0
Taner940706,0
alexandrutanasie,1
abhaysinghr516,0
Ahmadgaming01,0
Nodroid7,0
webtopcoder,0
Rez4-3yz,0
wiki-protopia,0
Saba-abiri,0
sminerport,0
goldsunshines,0
ExploitEngineer,0
TheArtPlug,0
its-topdev,0
quyettranvu,0
phoenix933,0
kelvinmutunga,0
abdurrahman482937,1
Rezzecup,0
carloskim123,0
Bettgideon,0
brkykb,0
lenardjombo,0
hamxy,0
xno1n,0
yasinsaee,0
Merciful123,0
Bhupender2,0
ZenXen7,0
anamachadoc,0
EduardoRiev,0
Syndelis,0
JoaoMEspindola,2
ohenriquesouza,0
camillamendess,1
Ian-Soares,0
Anny-Pereira,0
Laura-Jeronimo,0
lucasnauberth28,0
biaaimi,0
Markfgui675,0
mrodrigues14,0
Gersuer,0
mislainealmeida,0
pedrohtg,0
krvaibhaw,0
Rodrigues-PauloRicardo,0
ericaconrad13,0
anatrindade99,0
GiovanaThais,0
Fuguety,0
Marcuspo,0
tawansf,0
Mascariep,0
Thiagodemas,0
cesarbhering,0
LeandroLopes1,1
PauloMarquesG,0
tgdnts,0
rarysson,0
danjmillier,0
HeywoodKing,0
savio-84,0
lucaschf,0
alan209,0
pausasilva,0
saulotarsobc,0
micro-hawk,0
GuilhermeBauer16,0
alvarosamp,0
rairongf,0
lidiacarolina,2
FranciscoPGuimaraes,0
yvessrib,1
1LgR,0
HabibSha,0
pastuxso,0
codex009,0
alpozkanm,0
irishgordo,0
panguojun,0
mrs83,0
ciceroakiles,0
MaDrCloudDev,0
mh-mansouri,0
halokid,0
dalwid,0
gustavobastian,0
Vgk88,0
Lateralus138,0
AaronNHorvitz,0
mahmood1996,1
macocci7,1
samuelalmeida95,0
weimingtom,0
fioalpha,0
cleitonleonel,0
alexdolbun,0
exitdump,0
awesomedev08,0
motanelson,0
Arthur-byte-code,0
Alivanov93,0
JacksonUptain,0
MooudMohammady,0
projectdp,0
aaronmcleancs,0
elijahgummer,0
AlexisFlach,1
MattMarquise,0
kdalton0518,2
kaiosilveira,0
savio-2-lopes,0
leoFinzel,2
Hani-Shaif,1
AbdusSattar-70,0
rfgcn,0
Iankulani,0
kirollos91,1
EnginKARATAS,0
rashidmakki,2
a3X3k,0
luc0liv,1
emmanz1995,0
carlosportella16,1
batermj,0
gunnerDgd,0
AsTunO,0
peta-byte,2
KHemanthRaju,0
Adeyinka-hub,0
eldarlrd,3
mohammad6vakili,3
0xgirl,0
ozielalves,0
kurobisu,0
matheus369k,0
arielboyu,0
berserkerx,0
MARSFOREVER472,0
Space1128,0
Robi2810,0
honey0820,0
ProgrammeChef,0
alimahdibahrami,0
CenaBabajannjhad,2
anthonyleier,0
khloudcode,0
Anon23261,0
andreikhromushin,3
webbrowser11,0
Ela-Fhd,1
ngud-119,0
mvrie,0
yasi8084,0
RuzCombat,0
gabrielprenassi,0
DanMarques31,0
romulo-maciel,0
pamelaec,0
lucasromulosr,0
sergioh665,0
jlucfarias,0
VitorNiess,0
z-eck,0
computerblade-official,0
Gabicolombo,0
reinaldorauch,0
vczoika,0
MatheusMamedio,0
Gustavoozz,0
IsaBologna,0
caioescorcio,0
VitoReis,0
NicholasTavares,2
marlonsbasilio,2
sidjr2,0
Unesio-Severino,0
tbmota,0
Lisacastil,0
VitorMouro,0
LazaroDamasceno,0
kennedy9616,0
GustavoCarvalhoV,0
igu,0
samuelrvg,2
soumaki,0
lucasdotvin,0
ArthConf,0
pauloccesar,2
leticiamarts,0
aldmiropassagem,0
rewri,0
karinarfadel,0
L-Goncalves,0
JonathansManoel,0
LeoTeodoro,0
ThiagoBuen,0
Pedro-Prado-Dev,0
arthur-ngdi,0
almeidagabriel01,0
stsaria,0
olufemiolamoyegun,0
giancosta86,0
halilcosdu,0
vazw,0
dumildematos,2
GavinFerdinandChee,0
johnny-rice,0
angelocavallet,0
onuruslu,1
AlTheOne,0
nisusam,0
rustsol114,0
yloliveira,0
rijulraj456,0
BYOMKESHPRATIHARI,0
Pixelated21,0
millennialdev,0
NidhitheCoder,0
ozkanakkaya,1
MuriloSouzAlmeid,0
diegoSbrandao,1
jgcmarins,0
Weisbergbsf,1
rogerjdeangelis,0
SecurityAnalysts,0
CamiloYate09,0
wxx9248,0
Surprise080504,0
hafsalodhi2023,0
dprasuna,0
SciammarellaBrenno,0
yousufkalim,0
jeniblodev,0
Abdoelabassi,0
aliyurekli32,1
0xMartin,0
ghaseminya,0
Advaithva,0
kefadream,0
Robertobarross,0
mcombeau,0
najlae01,0
SaraKhamisMostafa,0
RAUH-WRLD,1
fulyaertay,0
HackEzra,1
FlavioAro,0
jelsonjay,1
LucasVanni,0
theKemmie,0
carolferreiradev,2
wajahat1064,0
fazaltech,0
kbjude,0
jAzz-hub,0
lliai,0
hamed-iam,0
sezRR,0
GuilhermeSenna,0
icarus8050,0
aserdargun,0
baidinvladislav,1
Strike2-ux,0
ykmnkmi,0
MarieUS5FT,0
burakberber,0
jamesmt-95,0
01JAMIL,0
Dev-SalamSheikh,1
Abolfazlghaseemi,1
jjrh92,0
nathanssantos,2
camilameirelesss,0
gurr-i,0
KotaroNakashima,0
MartinCastroAlvarez,0
Gtindi,2
AlbericoJr,0
lazarnarcis,1
Luiz-Eduardo,0
eltonvs,0
ana-celia,0
JessicaCostaM,0
aayushkumarmishra,0
fweakette,0
njugunamwangi,0
mamurciac,0
return5,0
Yogendra333,0
ArtPlatosha,0
Many-Al,0
GabrielNat1,0
VitorCarvalho67,0
TopTrenDev,0
rainbowdev1359,0
JeninSutradhar,0
Solomonkassa,0
Awwze,0
devotuoma,0
NFTknight,0
majidmohamadi0022,0
Saltinbank-SyS,0
cornel-cp,0
geoffreylgv,0
Tritonix711,0
FudXDenz,0
geforce-tech,0
santa512,2
omega000133,1
GoodWork0903,0
lucyhunter9411,0
Enz0Gabriel,0
Barmadmim,0
zahrakrmi,0
Rashidkhan1234567,1
zekzen,0
s7evenv,0
devimccallion,0
parassareen4,0
dhanarrizky,0
aivantuquero,0
KyleBrian,0
samuelc254,0
Reisdrj,0
rodolfosouzamoraes,0
luiznetojc,2
faelperini,0
samuellimabraz,0
DanielMendesdoAmaral,0
lfnand0,0
Thewizard18n,0
RicardoHonda,0
febagni,0
rnmenzs,0
davialcantaraa,0
omatheu,0
brunadalmagro,0
eryellima,0
HilquiasAbias,0
vidacalura,0
r-perez,2
KlausEverWalkingDev,0
beasousa2,0
carolabello,0
rafamrrobot,0
johnnickjf,0
igolt,0
Gabriel-Oliver,0
EJconnection,0
joaorty,0
dsantosr,0
arkher,0
ocafeeoelefante,0
Romeujgarcia,0
allangabrielrod,2
Manrick-Lazaro,0
VictorHAS,0
silasbispo01,1
evelynoliv,0
maxwmsilva,0
NathanAtaliba,0
carolinyat,2
LiviaJacklinne,0
rgoncalvss,2
sarahalvesc,0
Antonio-alexandre,0
wesleyribeirobarbosa,2
LeticiaCalixto,1
luis-vilela1337,0
IASR19,2
elvishribeiro,0
ArthurOnly,0
farinellizin,0
raydafunk,0
TaylorDurden,1
e-rabello,0
Ochakko,0
YP522,0
bekmarc,0
Lucas-Bellini,0
masnea,1
fabiosouzadev,0
AndyZjy,0
Yvillia,0
HenriqueRicardoFigueira,0
omidlmazaheri,0
Vanderoleo,0
c0nf1gur4t0r,0
mualv3szapa,0
srsouzaj,1
WelissonLuca,1
MihalczGabor,0
zarexalvindaria,0
Pobermeier,0
NadeenUdantha,0
DjayselPessoa,0
ryo-ryukalice,0
Borwe,0
ltpitt,0
mahdi00021,2
rexlx,0
talemache,0
sadielbartholomew,0
JeanPoffo,0
pablomaribondo,0
pedrualves,0
stampFabian,0
pgsohail,0
angelicaccampos,0
dvamleite,0
Shipow,0
ashleylayton,2
brunasilvaraujo,0
luckyengineer053,0
maxbyz,0
larazevedo,0
Fekleite,3
danielaltamirano1993,0
EricMF,0
khusanmeliev,1
MafujulHaquePlabon,0
namariaa,0
SheilaNSN,0
serafettingunes,0
martineoficial,0
kelvink96,0
Pragyanurag,0
carlosjaime,0
supunlakmal,0
joaovitor32,0
ahmetozdemir73,0
katienoj,0
louislow81,3
Ifycode,0
danieldsf,2
lucasmsoares96,0
andremaravilha,0
elidakirigo,0
Brktrlw,0
andrewbaisden,0
dev1ninja,0
MatinT-SA,0
namsh1125,1
jhautefeuille,0
septsea,0
foxy4096,0
crmdevtool,2
workwithhim,2
cenaion,0
dragonman164,0
DataDaimon,0
am263129,1
Dnuns,0
vamper424,0
wandilemawelela,0
GrigoriiTarasov,0
L1QU3D,0
Arbabpouri,0
brunoarduarte,0
nandovbr,0
maranbrasil,1
FelipeCRamos,0
mathdesilva,0
JoaoNt599,0
riyaddecoder,0
MihirSinghYadav,0
LorryAfriyie,0
ProgramKingAbel,0
LinaxT25,0
jmarkuz,0
winnerdev2012,2
super124dev,1
sadekmehri,1
phd-cs,0
Prdsilva80,2
kfox-debug,0
Mohammad-Jokar,0
Winsletpp,0
diagodryson,0
shox404,1
Gabrieliam42,0
LucasVince,0
DaniyalAliIsrail,0
AbdelazizSoliman,0
chltjdrhd777,0
shaahini,0
yeasin-gazi,0
gitfullstacker,0
hectris,1
guzztavo2,0
ghost2468developer,2
principlesoftware-dev,0
ariaesm,0
vladimirzhushma,0
ronbonnke,0
LouiIII3,1
JetBrain2056,0
Webzarium,0
miroshar-success,1
Dibora12,0
BrunoCaputo,2
koalnix,1
irvaniamirali,1
serkantolga,0
ivankharak,0
majidLajevardi,0
worldlead,1
Mahas1234,0
mercedesbenz00,0
zeon-neon,0
Herikle,0
HallZero,0
otaviohiratsuka,0
DaviAfonso88,0
mariarezende07,0
n-honda2,0
ferreirawill05,0
m-pillon,0
dduartee,0
Alanghj,0
MuriloAdosSantos,0
Gabrieljnc,0
Diana-rosalem,0
imtheaman,0
BrunaMello,0
sarahsaene,0
SamantaMarry,0
ryanadriel,1
AdrianneVer,0
Josehpequeno,0
fabrevitor,1
dri14maretti,0
gaaveloso,1
fscaldas,0
JacksonRicardo,0
guinhoanjos,0
ngeremaias,0
BrugoAmorim,0
WesleDev,0
FlavioCandidoSilva,0
lilores,0
y9luiz,0
Jbnado,0
Hadenia,0
VitorST1,1
IsaacSSilva,3
zakkaria123,0
s3rasool,0
ninth-in,0
DimitriSchulzAmado,0
mathzpereira,0
anagvaleta,0
rafaferraz,1
leonardosblang,0
PHMarques14,0
JulianoSilva05,0
Luzim,0
zedsousa,0
willemromao,0
rafx01,0
HachemAhmed,0
GuilhermeVRF,0
willkopec,0
Himank8106,0
variemai,0
sms7182,0
waldenylson,0
GamerCleanVic,0
thevacs,0
iversonLv,0
damianpumar,2
gonzalomelov,0
anthonyroussel,2
hafiz-muhammad,0
tmori,0
mahdimp,1
abhi8427,0
blackMoja,0
BeAllAround,0
hendrilmendes,0
qingxiangguo,0
caioaraujo,0
iqzmn,0
VaporFoxLash,0
mauriciomlourenco,0
Guilherme-silva-teixeira,0
BulletSentence,0
SoberGrim,0
robsoncartes,1
goodtocode,0
juniormartinxo,0
raphael-brand,0
khazali,1
mariorobertobr,2
chuckxD,0
codewizard0803,0
VonHumbolt,2
EmanuelGF,0
Maxhu787,0
elizairam,1
CrisBelDev,0
NoushinB,0
RhymezxCode,0
vtamara,0
joaopauloufal,0
doyen001,0
OmarUTEC,0
khalilhasan23,1
Rumeysakeskin,1
mohammad-zolghadr,0
WaelTarabishi,0
j0shua-daniel,0
xjkun1,0
gabysmm,0
oliveiralecca,0
ValchanOficial,0
RodrigoLima96,2
GuilhermeBrandaoSantos,0
reandov,0
benjdiasaad,0
ByteDecoder,0
KhaledELKarazle97,0
vankatwijk,0
devenock,0
BatuhanYilmazzz,3
chengqinghuanyu,0
sambuddhac,0
markwylde,0
mkaranasou,2
tiago-nunesgv,0
miladhashemzadeh,0
BuggerBag,0
williamkoller,0
loressl,0
ThiagoSottoqts,0
jose-renato-m,0
VD171,0
jlmsdev,0
AlphaTechnolog,0
ifeelBALANCED,0
rockstaedt,0
jr20xx,0
karlinarayberinger,0
raghu-007,0
emmanuelthegeek,2
yigitmertcan,0
KourtneyFox,0
jonangeles-sanchez,0
xanderwang312,1
Ayoub0Bn,0
joaoflaviosantos,1
tahadebih,0
uchoamaster,0
LevyMatias,0
peppeconti,0
fancy517,0
serdbay,0
erkamesen,0
lunasemfronteiras,0
lawalTheWest,0
flaviodgdas,0
dennohpeter,0
vaimalaviya1233,0
superman0052,0
tachibanana,0
dinapgomes,0
andsfonseca,0
LisleF,0
nalumelo,1
oryange,0
vinihcampos,0
Codigos-de-Guerra,0
Alvarado08,0
lucatelli,0
saidurraahmaan,0
xmrrabbitx,0
brmsdi,0
afiifatuts,0
amirabdev,0
confidentmeerkat,0
MuhmedWagdy,0
Ortiz2525,0
tinicius,0
smartgeek1003,0
Olyadtemesgen,0
XCBA,0
Shehab-Hegab,0
Manjul1225,0
techteam92,0
wdkang123,0
lucasaltm,0
parsa-sbg,0
Ton-Chyod-s,0
fulcrum6378,0
ayeshanweerasuriya,0
xleonardov,0
hrosicka,0
travisburns,1
super622,0
LeoRVergani,0
Py-Ec,0
baharucar,0
timewn1,0
winter21228,1
fastleopard9372,1
NathalyaStefhany,1
Kaito-cokis,0
codekarmainme,0
ViniciusBenetti,1
healer-1205,0
ViniciusLima10,0
CarlosEngler,0
matheusprv,0
RodrigoZonzin,0
OokamiMidori,0
kkaiochristaldo,0
EdOc-PS,0
matheuznsilva,0
JoeyQPB,0
savioacp,0
AntonioSeixas1,0
pedroteochi,0
Mikaelsx,0
dinalifabricio,0
fmarga,1
fer-nando-machado,2
erickoliver60,0
rafa-wem,0
DiegoLopesLima,0
jsreputation,0
breendawelly,0
miguelsmuller,0
vinipanjos,0
jessycunha,0
nadisfeu,0
blendacosta,0
nathaliaassis,1
marcelomoreles,0
henriquegoliveira,0
mergirl,0
JayBIOS,0
maianenc,0
Yoac-eng,0
luisdeol,0
Matheuslagos,0
ramonfloriano,0
kleitonADS,0
soualexandre,0
pedrocarvh,0
MaykerHM,0
andretnr,2
PamelaZuni,0
MaycolTeles,0
MaMBassi,2
vinigs22,0
samuel-alves-chagas,0
gabriel-pivoto,0
polianaraujo,0
vSteps,0
zleypner,0
nadeemelahi,0
anastasd,1
mindeleven,0
carlesloriente,0
mngugi,0
danydodson,0
TahirTekizbas,1
al-imam,0
g7,0
amponsemmichael,0
MoQuayson,0
MMGGYY66,0
reindex-ot,0
piroz,0
shoober420,0
Maxnegrao33,0
Ahmopasa,0
charlesfranciscodev,0
friendbear,0
kevin-chau,0
PratikDhanave,0
AngeTia,0
aecial,1
Younis-Ahmed,0
lucasvegi,0
danielhe4rt,0
akinncar,0
ricardocanelas,1
amirensit,0
ZarchiMohammad,0
biyonik,0
hamzahjamad,0
taffarel55,0
ataeiamirhosein,0
thalef,0
Leonardoleo,0
ashiquebiniqbal,0
maak123,0
emmanuel-martin,0
telicoscience,0
hc0503,0
NyctibiusVII,1
markmusic27,0
yaseminkoc,2
Marcos9868,0
peudias,0
William-italia,1
cinthiaquadrado,0
nairacirino,0
carolinarutililima,0
ramonbs,2
BitPassion,2
ricardozv,0
Web3ByVirtuAI,0
code-kknd123,0
diorfunn,0
smartkapollo,0
gloriag-dev,0
kingstar1115,1
Gaini-Laxman,0
all0cer,0
laisfrigerio,0
fabiolealsc,0
gabrielkrneiro,0
asakew,0
Lawrencehudson23,0
nawan44,0
hasanyucel,0
akashgovind95,0
osmancalisir,1
jayitsaha,0
athenasaran,0
nusserstudios,0
erichilarysmithsr,0
fsenaweb,2
DiogenesF,0
tlyau62,0
Quenedi,0
claudioonoue,0
Kakise,0
ErickNas,0
agent4mpgp,0
alvin-tosh,0
zeysert,0
snipershooter0701,0
kamelorac,0
charity1475,0
ImGabreuw,2
raviprakash11,0
AndyWendt,0
MichellMurallas,0
gentcod,0
blockchain0125,1
jhondevcode,0
marreapato,0
vitasha10,0
endisl,2
maximmorenko,1
thaislsilveira,1
Jiganesh,0
buraxta,0
BedirhanGurler,2
AbdulrhmanBashammmakh,0
replybr,0
reginaldomotta,0
FarzadForuozanfar,0
bimashazaman,2
umair-hassan,0
IsaiasSantanaDosSantos,0
galvisjuanc,0
derysudrajat,0
Nikaum-js,1
gharib-uk,0
johntakesnote,0
KPMGE,0
Drako01,1
fazeelkhalid,0
sun-jiao,0
bjtu-lucas-nlp,0
majidadigozal,0
91ahmed,2
M-A-Felegari,0
LucasHBD,0
jilcimar,0
eliseu18,0
carlos-vinicios,0
wesleyluz,0
Fabiobrito,0
JaredBoehm,0
ninthsun91,0
borisRadonic,0
dreamerenigma,0
AshadeSamson,0
kerrickchan,0
VenusGworld,0
kels-git,0
DAO-collab,0
Mohammad-Ali-Malekzadeh,0
Afsanehaa,3
Jordan-2113,0
ERFANEKHADEMI,0
Chicook,0
smart-u,0
Panther-12,0
onatturan,0
zeshantech,0
halil-yesilyurt,0
yuskraft,0
hamzalodhi2023,0
Natnael-Yigzaw,0
LelouchFR,0
Moris9,0
ssoad,0
mghotbi,0
Farzinkh,0
Mhamedshamaei,0
3verLove,0
oshanto-ctrl,0
guilhermedom,0
conich10,0
GazeCode,0
Geek-Bunny,0
Thinhinane-AKRICHE,0
karimshaban01,0
josephmbasile,0
IIAmir,0
AlizayAyesha,0
Eros-Rama,0
p-delfani,0
N1k0l1n,0
Marley-Semende,0
santa116-1,0
shricastic,0
Hacker-Sam-is-here,0
celzin,0
persona3portable,0
edwin1113,0
aitmouddarkhaoula,1
jeshi2,0
Iaughingstock,0
Mohammad-dn,0
Andrew-Costure,0
HasmikSarg,0
BeautifulMoon211,0
i2PieO,0
ecomdevstar,0
TurboDezen,0
Diogo-Honorato,0
Macedo3,0
Arthur99Silva,0
davigpc,0
ntcbryan,0
Rezende00,0
Gabriel-maia-santos,0
kaianes,0
vnessagm,1
lucasilvas2,0
alfaaarex,0
Larissa-Rocha,0
matheusg-morillo,0
harleybrito,0
Erica34124,0
pauloeps,0
the-abreu,0
rafaeusilvar,0
hannagabyy,0
TainaIsabela,0
Predo-Campos,0
felipehads,0
Helfstein-one,0
Luscafp,0
thuannyramos,0
GregTrevellick,0
Abgail-Diniz,1
ja1za1,0
Pablo-Henrique,0
devmoreir4,0
joaocarnevalli,0
baku01,0
JoaoPauloBernardo,0
DaviRosimES,0
amandasguimaraes,0
MarceloHOPV,0
Fiddelis,0
thiagodks,0
ramonrpa,1
GabrielHCassiano,0
AndersonR-S,0
WilliamDLeao,0
id-gack01,0
0xkzam,0
MinChanSike,1
everpalm,0
adedirankehindey,0
chinthakaranawaka,0
joelibaceta,0
h-weng,0
sisovin,0
geosynapse,0
queelius,0
zeynallow,2
isaquealves,0
martishin,0
AdrianoVolter,0
ahmedsomaa,0
tkouts,0
StealthWorm,0
eduardotejeda,0
kipmyk,0
lucasdsalves,2
MkrtichSargsyan,1
ash399,0
ppnwt,0
sauloleite,0
deividsonsabino,0
MBUMILA,0
mubarak-mohamed,2
blaszorrilla,0
saakarx,0
HappyColour,0
itbdrasel,2
hdp173,0
cainhooow,0
Rakhimjon,0
Azad77,0
kadocolak,2
maguelES,1
juliaathar,0
LucasBO7,1
guilhermemonte21,0
vanessafsoares,0
madruga665,0
th14g0d3v,0
Angelogvr,0
MiguelCandido,0
danilolmc,2
guilherme-leite,0
vipinsaini0,0
cambusa,0
Raiffep,0
fabriciobonjorno,0
Zorono,0
TaiseiIto,0
diegomc365,0
Atif8Ted,0
bestengineer1112,0
GabrielMendesdc,0
realrobotteam,0
pkoopongithub,0
Ricardo7c,0
alexdlli,2
peter-kimanzi,0
filippo-fonseca,0
DanielFFerreira,1
valyriouc,0
Ayaon-Norhani,0
Labanya23,0
anajulialeite,0
Samuel-Araujo-Silveira,0
Asbaharoon,0
FuatBerke,0
valehasadli,0
msinamsina,0
mio-dokuhaki,0
CodeChamp1011,0
MurielM87,0
RosanaMascena,0
niushay,1
NaiaraBorges,0
alicepsz98,0
saman-nia,0
vellindev0324,1
dnorac,2
csrafsan,0
VictorRaynor,0
gholi-dev,3
SamanjaCartagena,0
0xAbbarhSF,0
ailynux,2
vlady0712,0
Crystal-CodeMaster,0
EloyMuniz,1
Dojikooo,0
AdminIT-arch,0
ts-ua,0
devzgabriel,0
Sandro-BR,0
EarthMaster,0
Imtiaz513,0
munir-hossin,0
Andrii589-Dev,0
hawariMuflihMunte,0
MustajabAhmed,0
eric-figueira,0
LexAguirre,0
prathyyyyy,0
ExorTek,0
rakinplaban,0
pavan-png,0
Brownwang0426,0
evilryo0309,0
muharamdani,2
sanggi-wjg,0
djimrangarleita,0
Arjunliljo,0
rhazem13,0
gennaro-16,0
Hoccyy,0
LomNtetha,2
sachithdh,0
munabedan,0
WarDroid23,0
0-harshit-0,0
BrianMunizSilveira,0
jozef-javorsky-dodo,0
branGitfox,0
LatiefDataVisionary,0
Nkwenti-Severian-Ndongtsop,0
LucasMB21,0
vishutyagii,0
GalvanGabe,0
Aquael5,0
teflon40,0
Thiararapeter,0
0xCenter,0
LiuQBinh,0
salem2400,0
Vikmanatus,0
Akshayadeveloper,0
MoinKhancse,0
mowgly11,0
msn9189,0
slozic,0
estevaojneto,0
TeshaneCrawford,2
rug19,0
arzgod1,0
midrovo,0
ChAdilHussainGujjar,0
Mukesh-Sharma400,1
aminubarade,0
baolinyang1,0
Q4Qoph,2
Guilherme-RNovaes,1
DayanaUzunova,0
PromiseEverlasting,0
BrightBrown0,0
PrinceGoblinTech,0
WaleedRazaShoaib,0
Mouse-King,0
pooriaamini,2
blue0316,0
Chambiks,0
ahmealaa123,0
franww,0
yopaaa,0
onyxvail,0
Okuro3499,0
NinadWalke,0
marichi67,0
iamrohitm,0
vvact,0
raphaelsander,0
leticiamoreiram,0
DreamkitteXz,0
luanrobert07,0
JulianoAleixo,0
tavares-douglas,0
eduardagoulart,0
joaojmgl,0
Letolsilva,0
VictorGeralt,0
OmarSalhab,1
brightdev124,0
CodeMaster0099,0
sammy6378,0
Andreia797,0
phantomf4321,0
Malisha4065,0
omarnasser199789,0
luckybird1115,0
someStranger8,0
LuisBrescia,0
Mupa1,3
Alex222222222222,0
yoyomonem,0
iavalli,0
mmdrezakz,0
anaxapilled,0
ufukayyildiz,0
anjiri1684,0
KamalMaktari,0
amrcool,0
Farahsaiza,0
DavideWiest,0
samueltexa,0
saranshsinhaa,1
EpicNesh26,0
Crypt-Guard,0
danmarquees,0
tp1845,2
imrul099,1
ethdomperin2018,0
1501henify,0
ponytownserver,0
kunalpro379,0
Matrixdust,0
felipedev418,0
YukiTheAltArtLady,0
smartdev022,1
SavageXchange,0
Julianidiego,0
Ian729,0
json574,0
GLino-Oficial,0
ChevrierDev,0
SammyBoiii07,0
rizwansammo,0
usamadezign,0
vincentMunywoki,1
Mohammed-ela,0
marcohenning,2
SahandMas,0
anuragShingare30,0
samuelldmj,0
Th3l3mic,0
pizzapunch,0
taraio,0
voidnoli,0
MastooraTurkmen,1
AndiChiou,0
edogola4,0
marichu-kt,0
lucassvalentim,0
GSOliveira1,0
nojirilucas,0
VitorRez,0
Bmaximo93,0
robotheus,0
epilldev,0
ramoncoelhojr,0
ddVital,1
DiegoOtani,0
mariagriggi,0
Raphides,0
Gabrielv7,0
pedrotrschneider,0
vpspepe,0
iara-rodrigues,0
DilvoneiL,0
gabrielvasiljevic,0
pedromorais-f,0
klaranarumi,0
helen-13,0
martinelles,0
Raipagnin,0
MarcosVRSDev,0
WPondian,0
f4zolli,0
JeremiasFernandes,0
atosborges00,0
GabrielLeandro21,0
RafaTabarez,0
ismaelcostarc,0
marcojunio,0
wallacev,0
kodacodasoft,0
Kash1m1r,0
Tads98,0
isaquekaio,0
pino-dev-br,0
JoanaFernandes1998,0
victormaximoclm,0
julianatsoc,0
andrefemlo,1
maxsuelmarreiro,0
iurylamonie,0
LeticiaKOSilva,0
ivolbf,0
sheila-oliveira,1
SofiaVictoria123,0
oskarniziol,0
s4ntiagoo,0
Gustavohps10,0
DeividAlmeida,0
diegogit03,1
almeidaraphael,2
bolatron,0
valves-ops,0
ElyonOrtiz,0
GalaxyIgor,0
Pfaffenbach,2
Felipe-Tagawa,0
markinh00,0
iuryt7,0
RichardCosta16,0
FabioFiorita,0
hugnarok,0
Imanm02,0
nmmanas,0
fabienpuissant,0
jennieablog,0
isperk,0
abstractninjatur,2
weraldco,0
PatrickJnr,0
imoore,0
peterhfss,0
M-Mouhcine,0
JohnPollock,0
oneananda,0
sanyaade-teachings,0
tshepop,0
Icedwolf,0
tousif12,0
bearlikelion,0
llorcasantana,0
RafTeog,0
ddmitov,0
wakoliVotes,0
arauju,2
sebjameswml,0
bennyzen,0
pmutua,0
Gusvioli,0
franciscojunior10,0
pavanrkadave,0
MartinsonFreitas,0
vaibhavbaweja7,0
appwebd,2
I-am-abdulazeez,0
un4ckn0wl3z,0
ugurkankya,0
ediaz13,2
DanielAcostaRoa,0
Thelouras58,0
ryouaki,0
pbrilius,0
svngoku,0
aksharahegde,0
pontes-guilherme,2
IvonneBenitesRodriguez,0
Isallkun,0
Usamaliaquat123,0
codigocarvalho,0
closb,0
margani,0
Joe6905,0
Brito22,0
Milenakamine,0
Mendessc,0
Silva-Julia,0
BartH28,0
IR3TR0I,0
RafaelGomes01,0
Viniart,3
RafaelaLucia,0
enzoquarelo,0
Thamyresarm,0
gabrielarosa1309,2
rebecarolinax,0
mwmjunior,0
murilofarias10,0
robertsudoliveira,0
victoriafaria,0
okflocos,0
DiogoKaster,0
almemanuel,0
pelinsarix,0
isabelirk,0
dominicmonteiro,0
mr-dev-dragon,0
ChristopherMarques,2
Pbluer,0
daltonmenezes,2
liaoliaots,0
lineavelino,0
l3dlp,0
fjlic,0
lucasmrthomaz,2
SantosRAC,0
yaakam,1
kkorr,0
mviniciusca,0
davidfffelix,0
f7lipe,0
sclaydn,0
marcosaru,0
mauriciolederer,0
luishennrick,2
alperunlu,0
wilburhimself,2
prabhuignoto,0
biancamarangoni,0
GabrielFeMello,0
raviolli77,0
riversdiniz,0
imbarwinata,0
thiagozulato,0
Alexson-Felipe,0
VEINHORN,0
JasmeetDani,0
fabiostefani,0
j-guerreiro,0
mohamed-azhar,0
Neo42,0
mehtapugur,0
sannimdev,0
chinedu117,0
CarloDotLog,0
AdroitMachine,0
GamingAlex553,0
commithero111,1
PedroEmmanuelBuerger,0
coda-coda-23,0
dilshankarunarathne,0
subhajit51193,0
soumyadeep6845,2
sucodelarangela,0
Oliver-Jack,0
mtouseeb0008,0
hermeshcg,1
VarunBanka,0
joevtap,0
professorobama,0
eumatheusvieira,0
guihenrique16,0
yurecouto,0
xpecex,0
JorgeOchoaReyes,0
ValloonSweet,0
Cristianpl4y,0
jenil97,1
jubsju,0
Ericodesenvolvedor,0
lucasgm18,2
Infinity-chakra,0
moraroy,0
axornam,0
eriker75,0
ClaudiaRojasSoto,0
mehmettas1,0
maryamghasseminejad,0
emilliy98,0
PyMarcus,0
p-v-z,0
jonesbusy,0
hitenkoku,0
jmanuelrosa,0
kimjaydot,0
Archie22is,0
LuisSempre,0
Beatrizduarte,0
JessePires,0
lucasmartins96,2
Noumanabegum,1
pratham022,0
LuanSilveiraSouza,0
nandodsb,0
yagoar45,2
natygulyas,0
ediakatos,0
thcarvalho,0
mayconline,0
neliojorio,0
luck18210,0
johnfkraus,0
DanielAugusto191,0
phoo8651,0
arcy405,0
StevenYinKop,0
jeawonlll,0
birobirobiro,1
Vanessa-Ap-Ferreira,3
JeffPatricio,0
alexandremolive,0
diaslilian,2
Beatriz-Paes,2
LucasAnselmoSilva12345,0
amorimmaria,0
youssefabidi13,2
christianebs,0
melisacortuk,1
ajikisan,0
marcosnaofazisso,0
rivasbolinga,0
iamsandralima,0
Gadaffi508,0
LeticiaMilan,0
FirePrometheus0109,0
Hamza-Abdulrahman,0
iamramahibrah,2
alyanamacedo,0
constance03,0
Lucas-PCN,1
eoisaac,0
kewineic,0
izepon,2
cristiancdias,0
jessycadev,0
danielevalverde,0
asilva-dev,0
jfranquis,0
DanielBrito,0
ayharano,0
alinebezzoco,0
ShibbirAhmad,0
biancaespindola,0
allonsmandy,0
Carnaux,1
jeremias-joao,0
felipemjesus,0
raquelcreis,0
felipesntr,0
felipeverse,0
gusttavocaruso,0
murilorrr,0
GabrielBiasoli,1
marimunari,3
lucasrosendo,1
Kamilahsantos,0
PauloGoncalvesBH,0
ColtonParham,0
vzdrizhni,0
nurrturkaslan,0
fernandocesarsp,0
mhenrique94,0
Semra4141,0
EvgenyLukyanenko,0
ShadeOfDream,0
AleksandraAleksandrovna,3
nielcodeforce,1
fatihkk01,0
roninkaizen,0
IsaacAlves7,2
defoebrand,0
dayknightmare,0
Harman-12,0
pedropfsf,1
Berabjesus,0
gumaciel,0
OzerBey,0
danielafarias,1
PedroTaveira10,0
MonicaHillman,0
lariandrade,0
Anacarlags,1
alinebell,3
TatianaFischer,3
Debora7376,0
brunodhr,3
Caayu,0
comarialuiza,0
Giljared,0
livibellyrds,0
RobsonCardozo,0
carlitos,0
Zeukkari,2
moreirafelipe,0
walteronoh,0
ezeoleaf,0
mranasm,0
iampato,0
ItaloPussi,1
tiagocarmosantos,0
PauloRobertoVieiraDeCastro,0
pedrohspires,0
alxsmora1,3
MatheusLima7,0
johnLitoBardinas,0
MosesWangira,0
foschieraanderson,1
andreamaggetto40,0
ahmethaydarornek,0
njuliacsouza,0
sudo-which-qp,0
fernandorpm,0
Wwillers,0
guilhermeomt,0
giseleml,2
chipy1209,0
FlyAndNotDown,0
Terencesun,0
NicolasOmar,0
simaojunior,0
staringelf,0
bisignam,0
luansantosti,0
CaioRagazzi,0
ammanabua,2
joshuamshana,0
zwxs,0
camilacassimiro90,0
beatrizmaciel,1
santosvini,0
klimapsyteck,0
OlavioTimoteo,2
julianapedroso,1
jucian0,0
vivianefabapp,0
KenMan79,0
IvanConsalter,0
jardelcarvalho,0
daiyanze,1
mensonones,0
hernangior,0
lmpizarro,0
lazydancer,2
divinor07,0
virtualvivek,0
littlefish0331,0
vaibhavmit074,0
Poojith-Obeysekara,0
aleynaeser,2
almeidaribeiro,2
vicenteicc2008,0
ma1rcos,0
RaffaelSchemmer,0
gabrcastro,0
kihuni,1
iconboot,0
Travinth,0
jesar-enl,0
kolvs,0
WilliamMajanja-zz,0
carlosfilhou,2
betulkilincaslan,3
leomadeira,0
Bianca-Machado,0
tpiperatgod,0
hootanht,0
EnzoXavier1001,0
luismayta,0
jacksonsns,2
kleberMRocha,0
PaulGuillen,0
nask0,0
Randall74,0
kfalconspb,0
fawaf,0
danyallard,0
chardso,0
judeleonard,0
khanmhmdi,0
QuestionMark001,0
wuziqian211,0
Level237,3
caeserlondon,2
chenurawinrada,0
Fabiano-1979,0
limatheus,0
nsrau,1
rav3ndust,0
nfuhs,0
VitorHugoFreireFrancoGoncales,0
zzolfaghari,0
waiterorg,1
NewComer00,0
harddownloader,3
PokeyManatee4,0
osvaldosneto,0
Rodrigo-Menezes,0
farazmalik180,0
morteza-jamali,1
keonjeo,0
Nyambura254,2
laionazeredo,0
LSP-Lucas,0
TheGresta,1
afaaaq85,0
surfskyio,0
shashreesamuel,0
MuhammadImran2,1
youtuberscafe,0
GhislainMitahi,0
ionelabrinza,0
elsowiny,2
EngrSaad2,0
21x37,0
MackenzieBrooks,0
cluzier,0
shreelvi,2
vanessa-cl,1
RetroNick2020,0
yogeshmishra667,0
joshuaah101,1
GabrielSiqueira1,0
AbhishekGandre,0
kwanit1142,0
RenanDev23,0
Luismkm,0
oliverearl,0
SamirJouni,0
JonataRamalho,0
patience00,0
Thilagavathi1,0
mmsesay,0
PequenoJoohn,0
fcsouza,0
DanielSRS,0
edjanilson,0
michaelfan0310,1
RickHardBR,0
ship-it-mind,0
pedrotomazdev,0
RaulMCFidelis,2
commandiron,0
SamMiller3,0
Marvrog,0
magaliamedina,1
KubanovValentin,0
sirlupinwatson,0
Nehal-Bhautoo,0
Fidelcastro24,0
Henrique123-Marques,0
gouiferda,1
mstfylmz,0
Sourabh-hulloli,1
MariaFleming,0
luadebug,0
Aneal07,0
oranmehmetsirin,0
Tamunokorite,0
openmymai,0
Olegchs,0
wahyu-adi-n,0
cn-2k,0
Felipeddn,0
carloshenriquejk,0
chrismitsdev,0
Rafael-Batista-Dev,0
arielfavaro,0
vigneshwaran-chandrasekaran,0
Jess-2021,0
L37sg0,0
DanielSCustodio,0
N1cholas,0
TuringVerified,0
Brenin1991,0
yigitnebioglu,1
LucasCabralDevv,1
Martimex,0
emersonlimas,0
gfmachad,1
eduardaalvess,2
davidalves1,0
diogoditorr,0
happybono,0
JefersonLucas,0
marcelo-rafael,0
KevinCerqueira,0
henrique-aguiar-dev,0
gracylica,0
pampzrd,1
becardine,0
Cycling11,0
shreyasinegi,0
paulocesarjr,0
Akhil-EM,0
arielmell0,0
woow-wu7,0
alperakkin,2
mrclksr,0
syyjbhjh3,1
dheeraj21,0
kamarmack,0
g1ovanaqueiroz,0
maximofernandezriera,0
kamalmoundir,0
Rd-Coder,0
arzola,0
urahamat01,0
rahulkarda,0
nightfury-dev,0
Darlley,0
alanbacelar,1
EAbeier,0
rafaeldellaquila,1
farhan-nahid,0
Seven-33,0
Idanref,1
rohit-ghadge,0
webpointdev,0
Kampotboy,0
luizwbr,2
sarthakar,0
Leticia-maria,0
jhoisz,0
Weverton-profile,0
duartecgustavo,1
marcoswhitesox,0
luizfelipers19,0
DavidLivingstoneHini,0
naironluiz,0
Kalpesh209,0
nanjakkun,2
Ksengine,0
nadchif,0
caiocrocha,0
Ehtijad-Ali,0
FAIZANTKHAN,0
G-Mustafa1,3
YosephSE,0
erpiyushmishra,0
NITHISHM2410,0
andika-andriana,0
Abdellahsyani,0
helldoodle-dev,0
samuelorlato,1
zakali22,1
abmaeld,0
AhmedELGAMMUDI,2
jmatiasn,0
vitorfontenele,0
rcchcz,0
JosManoel,1
felipegdantas,0
izanf,0
epitaciosilva,0
feiticeiro-tec,0
juliocholiveira,0
AdlemDutra,0
costvin15,0
Kako-0,1
leolindoso,0
viguime,1
jhonatadev,0
diogoodiego,0
rodrigoCodDev,0
menezesrenan7,0
renanvamo,0
CristianBrum,0
icarofgomes,0
DiSerafim,0
alinerivieri,0
joaovdxavier,0
felipetavares,0
andrefsilveira1,0
danrley-lima,0
teagucordeiro,2
fonsdant,0
mrdcvlsc,0
abraaod,2
icazevedo,2
victor-torres,2
JoMedeiros,0
deividazevedo2,0
guilhermekramer,0
lorranydev,0
italosilva01-zz,0
ekiira,2
Matin297,3
navneil-naicker,2
campos-sergio,0
lycan-nt,0
felipe123tadeu,0
bianca-g-b,2
g-htz,0
Topaz1618,2
DeFiTON,0
aminizahra,0
AnthonyNet,0
MTE1991,2
edadefterli,2
3lding,0
b-amir,2
maxwelldantas,2
vitorgodeiro,0
OgliariNatan,0
pengads001,0
KelvinHawks,0
L-Nova0211,3
dayCod,0
BaranDoganbas,0
sroycho4,0
Ctoic,0
HugoSilva023,0
Hercules2013,2
ShahkerTHD,0
Whuzurbuddha,0
dev-alihasan,0
koreanddinghwan,1
sametcandan14,3
smarteagel,0
Dumisani21,0
mbitujames,0
RifatMuhtasim,0
Antoniomorales17,0
MedetHasanUgurlu,1
YanWallas,0
Jvcgoncalves,0
andressa-l,0
DianaR60,0
joaoei,0
Shift-ky,0
EruditeCoder,0
Gambo019,2
Heavenzeus07,0
ajsb85,0
sagar0710,0
eagerbeaver0353,0
S-V,0
dev-win,0
wildageorge,0
crazedRomeo,0
steedmicro,0
rskok7,1
ivapuz,0
Retr0981,2
mm0hammadi,2
maxwellfrench,0
mbumblebee,0
gustarting,0
jamesleeksc,0
SoloDevOG,0
SARIF-MALIK,1
Visels,0
C0mputerJ0sh,0
amirrahemi01,0
vicarb,0
risetothetop2127,0
snrifat-dev,0
Sunil-Lore,0
lincoln-ra,1
blackpepper42,0
vortexory,0
AyoubM490,2
Oyefolu-CodeWizard,1
Wallah10,0
rodyherrera,0
ericranzani,0
aritlhq,0
PortoVinicius,0
SupTarr,1
satya5n21,0
juancarlosmiranda,0
Nessrine88,0
Aml-Hassan-Abd-El-hamid,0
x200706,0
saleh-ghazimoradi,0
FricoSimon,0
yunusemredincell,0
CY83R-3X71NC710N,0
AdrianoR85,0
woallt,0
sagorrrr11,0
devn7ck,0
ibugrad,0
ShahariarRahman,0
MohamadNematizadeh,0
Bibi1205,0
gabrieltsants,1
ARYAN-NIKNEZHAD,0
Piyush-Keshri,0
thomasthaddeus,0
RyannKim327,0
MahmoodElbadri,0
matt-sd-watson,0
Ideal-Softer,0
TariCodes,0
hutajoullach,0
rgucluer,0
luccifer00,0
Alper-Soy,2
hauntmuskie,0
abdalmoniem,2
fygar256,0
ttran-tech,0
JohnPaulinePineda,0
alijalloul,0
mehdihoore,0
Claudio-Caldas,0
tugcekizildg,0
NJCampbell,0
umidtech,0
jkenix,1
benny-png,0
aminkaktos2020,0
Nitrovenom,0
gamedirty,0
alimkh26817,0
TOP-10-DEV,1
TR0UBADIX,0
johnasblasco,0
notzen3264,0
archeduardo5,0
NasirAkra,0
AmanAyoub,0
masoudh7676,3
alan-solima,2
CodeRaptor92,0
Soheib-Kiani,1
goldensniper514,0
MasterFlomaster1,0
Walaaali782,0
BJ-dev0706,0
0xC0FFE2,0
Welton228,0
KubasuIvanSakwa,0
marwaniiwael18,1
illyasen1999,0
sharpWit,0
semiheimer,1
heliocosta-dev,0
rfatolahzade,0
prjctimg,0
raghdaneiazyy6,0
RafaeL-Malaquias,1
paskon-intarasak,0
LogicalAnt,0
kelverarruda,0
Dantechdevs,0
bonezegei,0
Whapi-Cloud,0
rebecaoliveira19,0
wayosu,0
angeloliscodes,0
libmichaelm357,0
cc-Mehdi,0
FatihYigit35,0
berjcode,0
Rian021102,0
artaabedi,1
Kashumy,0
arpaci27,1
serkanmax,0
Hengers3012,0
andersn0002,0
shadowy-pycoder,0
zhouxinyu,0
alebeta06,0
wonderBH717,0
wagzyAyo,2
PauloCesardev99,1
FreeFly0125,0
TAYBI,2
duxdudu,0
Moholand,1
nbursa,0
charlieduplon992,0
sa30am,0
justkaboodIe,0
Aramayis331,1
20essentials,0
darkhorse0311,0
bedonassef02,1
samuel-cs4,0
GiovaniFZ,0
KauaMB2,0
guiac,2
luiz-educosta,0
Lucas32-dev,0
dju4mota,0
mairaalvs,0
GuilhermeDMLopes,0
mayconfrr,0
breudes,0
MariRodriguess,0
annalaurams,0
LuanLuL,0
alvaroajs,0
AESMatias,0
nafargi,0
prabh8331,0
Chichiwenk,0
7hellDestruction,0
jiyoungzero,0
husainhakim,0
mjbharathgithub,1
gaciuki2402,0
jrcopeti,0
sairajnaikwade,0
WilliamKarolDiCioccio,0
angillaf,0
TLRKiliann,0
marksikaundi,0
Zhang-Zhaolong,0
aniketpatidar,0
ZCG-coder,0
omar49511,0
Lukxus,0
jay-691,1
Kamrulthedev,0
antonio-bastos,0
Haseeb-Moheb,1
RolH1992,0
hseyaj04,0
kafui010,0
GathenyaC,0
bIitzo,0
gloooooory,0
Zspline,0
smartcoder0305,0
cpeoples,0
baijed48,0
salehtikani,0
JuliGray,0
AliveIsHere,0
oumatoulacen,2
NooshineTalebi,0
d4ncekitty,0
Felix-Web-Dev,0
Byterprogram,0
m4rcu5o,0
ersync,0
evedornelles,0
talented634,0
Gooooodman,0
hirandogra,0
marcode24,3
NidalChateur,0
briansune,0
KleptoZombie,0
IliaKani,1
Chinicuil87,0
Hari-hara7,1
WeiHen01,1
Darya0333,0
m2l33k,0
aiaaee,0
elhaqeeem,0
Hasson23,0
JaremGallegos,0
crypmancer,0
Emersonpinho,0
erfanhekmati,1
rramantiwari,0
NikitOS-1,0
nemre,0
JOaOeduardo25,0
OleksiiJS-dev,0
karengonzalezdev,1
xiaohuohumax,0
Victimslut,0
techupgrader,0
sadullahkacar,0
aligzsht,1
morgan1119,0
RealMrSHA,0
lastmanstandingLMS,0
Imiss-U1025,0
SecretariatV,0
e-Nicko,0
ashrafulemon,0
marina-bor-23,0
archanaberry,0
saitomizuki111,0
ByeongHunKim,0
MatheusOtenio,2
Panda-droidno,0
AndriiMandziuk,0
tahamajs,0
armansiddiqui0015,0
ap2000218,0
BogdanMFometescu,0
yaseenganz,0
yassnemo,0
GuilhermeDex,0
rodolfoinfantini,0
queirogs,0
GuilhermeOtsugua,0
oalvarobraz,0
edurxsende,1
Yan-91,0
shanjii,0
pedropiccino,0
Ldm2003,0
diegokurashima,0
alelimasilva,0
IcaroJustino,0
onicolasmendes,0
NathanLima1,0
vagnermorgado,0
pedrotonidandel,1
alinedsr,0
jmarc00s,3
marcoamlima,0
leonardoigor,1
andreasmaeda,0
mariodias,0
MasterBlaze9,0
carolinebazoni,0
RanieryDutra,0
LuisFariasSantos,0
comaaki,0
beatrizspl,2
orionsamuel,0
lucas-pinheiro-costa,0
theussilvas,0
Yokorosan,0
wagnerlustosajr,0
ItaloNCcosta,0
HollyCreep,1
Bufige,0
Alberigi,0
geovannax,0
enzocauex,0
ly0r,0
ana-clara,0
1zabella,0
DedonioHub,0
andreqramos,0
tiagogiugni,2
HenriPressFF,0
Williamjunqueira42,0
dev-gabrielchaves,0
fabiana-campos,0
joaaopedromedeiros,0
alfacrab,0
siaolu,0
rodrigoperes,0
daisycamber,0
GrapeBaBa,0
aminzayer,0
roodriiigooo,0
justincredible,0
scottpeat,0
darren277,0
kavitaseshadri,0
J-HaleOf76,0
rockblings,0
rohwid,0
wgzhao,0
ahmettsoner,0
stefanlaza,0
aimaster-dev,0
m4rc310RCP,0
stormychel,0
RomanPodymov,0
LukeBriton,0
nairgh,0
mertaslay,1
FedeDiazDev,1
HarbingerOfFire,0
tarantulass,0
omerg,3
ccatto,2
GichanaMayaka,0
labohkip81,0
uzuran,0
AudreyLin,0
jmikedupont2,0
juanjin-dev,0
heartshapedbox,0
alenstein,0
mohamed00736,0
michaelcav,0
tiagors09,1
holoc285,0
epaitoo,0
RajezMariner,0
AponAhmed,0
bevilacqua1996,0
VinVaz,0
holivane,0
YumiChen,2
zittoooo,0
adisaktijrs,0
Davidharvey589,0
Marc-g-Z,0
erickcarvalhomatuck,0
gadorneles,0
tgmarinho,0
Gabrielabit,0
PedroDias-Dev,0
Joaoopeedro,0
PedroFigueiras,0
ChristianDantas,0
joaovitorfreitas,0
mateusrodsilva,0
bielvdm,0
MarcoFerreiraofc,2
Robert-025,0
samuelnunesviana193,0
vinixiii,0
wenderdecastro,0
G648,0
FranciscoHeronildo,0
RodrigoPauletti,0
levxyca,0
teixeirazeus,1
schirrel,0
tassioFront,3
rafnak1,0
josevalencar,0
Lsantana95,0
manzato89,0
19511979,0
giiannace56,0
sjvinicius,0
KellyCarvalho,0
maicon-oliveira,0
MarcusXavierr,0
Wellers0n,2
LucasMorais1998,0
gabrielvsc,0
criskell,0
mauvieira,0
roger-luiz,1
Daz-Riza-Seriog,0
Camilotk,0
dhelbegor,0
larien,0
felipecastrosales,0
Al3xsandro,1
AndrewHanasiro,2
jserranojunior,0
York13Pud,0
fabricio-cerci,2
monhi,0
RaheemAmer,0
omimouni,0
afif-dev,0
Jorgewlf88,0
Wuffle1125,1
genoinosonda,0
rmanantsoa,0
luisfcodes,0
alelapi,1
jamlfy,1
darlandieterich,0
danielselga,1
fscone1,0
mtimjones,0
shirohako,0
LennonSantos,0
cakcak27,0
gracekabaghe,0
Aerospacerr,0
gabrielcramer,0
tomazneto,2
carloseduardoalvesviana,2
alextana,0
alexandrelamberty,0
ahmedaefattah,1
rayleighko,0
andrealvesaraujo,1
FarnazAbdollahi,0
OmarAbdullwahhab,0
rafaelfl,0
deusdevok,0
Tana0910,0
NickanBagherpour,2
clarenznet,0
fajarafriansh,2
ericknathan,0
Joao-H-Esteves,0
anacarlaalmeida-s,2
Stathis96,2
CharlesCreativeContent,0
mazdakdev,0
batux,0
LucasCorpT5,0
Claudiovitor-DEV,0
nestaenow,0
k1vz,1
bulusite,1
jcmdsbr,0
viniciusshenri96,0
LaisGalvao,0
jafar75,2
rafaellmarques,0
algebraic-dev,0
e-degar,0
Patricia-Bandeira,0
Gustavomichel,0
adrianojosez,0
RayanneRamos,0
mvykool,0
mlucasoliv,0
IsaiasBueno,0
Adam-Almeida,0
YouGotHitByGunner,0
AnimBadger,0
brbmiranda,0
Gustateclogia,1
heinhtetzaw949,0
thallencar,0
priscyladepaula,1
kalNascimento,0
Mathh19,1
rarycoringa,2
mamede,1
hparashar27,0
B00rges,0
Lucky22bunny,0
EditsbyVineeth,0
bitterteriyaki,0
tilnoene,0
caio-felipee,0
anajoyceamorim,0
rfprod,0
alexpnt,0
kuina,0
OkelyKodely,0
mishin,0
gusbemacbe,0
AhnSeongHyun,0
djwisdom,0
EdinaldoCIcero,0
karolinagusmao,0
feyza-unal,2
MillenaQueiroz,0
LuizHenriqueMarinho,0
JessicaMotaa,0
jeffersoncasagrande,0
MG9944,0
hastibr,0
jolie22,0
Xvezda,0
pouyaneth,0
flaviaschuenquer,0
Matan18,0
roneydev01,0
mannoeu,0
GuilhermeBarroso-sys,1
gslmota,0
hypernova7,1
mamishere,0
ryilkici,0
gesifred,0
Solhack,0
lucasvmartins,0
cugurel,0
LedjoLleshaj,0
vahidei,1
eLyiN,0
emrtnm,2
ederlopesgoncalves,2
marco-amorim,0
DevGabrielSouza,0
andrecampll,2
Franppires,0
AkashDasmondal94,0
Laurel-el-los-Angeles,0
ZeynepNefsi,0
OmerSoydinc,0
Mukesh-Uchiha,1
OliveiraJess,0
BeeperDev,0
maryam-sabzalipour,3
farhaz1o,1
nitinkondhari03,0
flaviadanielareisenauer,1
mohisa302,0
adam-eques,0
mohamedabdiahmed,1
bush1D3v,0
raphaelalmeidamartins,0
diasbruno,0
gustavoFreireS,0
sarahraqueld,0
rafasfz,1
Francielefernandes06,0
Ociba,0
TatevKaren,0
glaucobeserra,0
digzom,0
LeonardoAragaoDev,0
wlademirdumaresq,0
RuaniFilipe,2
kezialves,0
leonardohmaia,0
pikonha,0
pmarcus93,0
alfa-m,0
Glerme,1
devlolla,0
andlz21,0
carinadidomenico,1
pamellabiotec,0
Lorenaps,0
Karinemoreira,0
alessandraluzm,0
Gabrielcsg19,0
sigrid-fr,0
elderon89,0
AlyoshaS,0
socheatsok78,0
lincolnbrito,3
tarsilatereza,0
lira,0
dandaramcsousa,0
phenriqueleao,0
Jessica7,1
feliperli,0
edujtm,0
mb-neto,0
GabrielNSD,0
weder96,3
ericanoronha,0
lina-ds,0
mpfdev,2
lahgomes,3
GabrielaValente,0
dev-luizf,1
rwmsousa,0
rafaelvictor88,0
guicouto90,1
vdionysio,0
gean634n,1
leandrolid,0
Fedolfo,2
netomachado,0
cesardddp,1
lucasoliveiraa,0
iCharlieAraiza,0
alialpay,0
dzc0d3r,0
PapiHack,0
yesraoz,0
redjoker011,0
rowidanagah,2
lorenhicks,1
LuzianeFreitas,1
mburakgunduz,2
ZelihaArslan,1
anagjorge,2
nurhayatketenci,0
naikshubham,0
lucastoll,2
fransilva0,0
lucianets,1
mellmiranda-zz,0
rena-cruz,0
jambsantos,0
julianab14,0
DeboraTaveiraa,0
coelho-na,1
felipegarcao,0
irshadbaruah,0
byJohnJava,1
monteirocamis,0
yasminromi,0
rodrigo-brito,0
LessaAugusto,0
EwertonDCSilv,0
BeatrizBacelar,0
IaraHaizer,0
alinerteles,0
chrswndrs,0
adelriosantiago,0
j33l,0
abdonmorales,0
Fwzia,0
pan93412,0
csbanon,0
jasperblues,0
kaizer1,0
metalsimyaci,0
firdauskotp,0
kev6070,0
MohamedAbuAmira,0
furkan-ceylan,0
Kauefranca,0
ReanSchwarzer1,0
raghav-wd,0
paulopgss,0
WilliamOtieno,0
GuScarpim,3
mshayden1998,0
sharkAndshark,0
jessicakopps,0
eduuh,0
Kivanc10,2
mistertest,0
khalilcharfi,0
Joseane-Guedes,2
EngMarianaBrito,0
marcospaulor,0
alinealien,0
ItaloFabricio,1
hortty,2
FreitasLucas01,0
Patricia-Silva1,0
fhuffner91,1
Lorenalgm,0
anaspaiva,0
Igor-PR,0
ricardosm,0
melihbodur,0
GabrielFSSantos,0
huriellopes,0
freddycoder,0
yoshiya0503,0
longlinht,0
marcopandolfo,0
MellonFive,0
azihassan,0
evanhutomo,0
jmcabandara,0
volkovasystems,0
KommuSoft,0
ugioni,0
Francisco-Jair,0
dev-DTECH,0
AbdullahRexha09,1
hariwicaksono,0
Abdurahmanm2020,0
mk-milly02,0
the-akira,0
dehoyos9804,0
Victorgonbu,0
riandeoliveira,0
MayankValechha,0
mercyog,0
AKASHCS50,0
Tiago-devop,0
Noah670,0
perfettiful,1
LeonardoTorresRodrigues,0
liquid1331,0
chaewonkang,0
rafaelnacle,0
Billy272,0
alrepin,1
SuryaPradeepM,0
melsayedshoaib,3
jmnyarega,2
alexchristianqr,0
amanda-gomes,0
caioalexleme,0
jaajakaiye,0
MirayXS,0
hamiecod,0
Vesta-Nassone,2
UlverGuara,0
VeoScript,2
king101-bit,0
thiagofreitascarneiro,0
luisjeremias,1
alibougarne,1
Muhammad-Osama-Qureshi,0
khuonglnguyen,2
adnanyangilic,0
AteeqRana7,1
alexanderfluna,0
yurimds10,0
yvan-ngoahitsi,0
FernandoLimas,0
kmiqbal19,0
Henrique-Miranda,0
JackieTreeh0rn,0
goobemaster,0
ashfaaqrifath,0
Touseef-haider,0
AbdulSaboor16,2
Bornunique911,0
elounimedamine,0
queensk,0
belomaxorka,1
Demul1,0
joelsonejr,0
Lukenoutte,1
LuizGustavoDiniz,1
EricksonSiqueira,1
mudu93,2
TiffanyHoran,0
pjuszczyk,0
Navid-j,0
ilk33r,0
dogukanarslan,3
omidPakshekar,0
dropihs,0
tweenietomatoes,0
JheniferChrist,0
juliobaccin,3
CryptoKstar,0
slima96,0
FelipeBelloDultra,0
ktquez,3
MarkusEicher,0
elh-art,0
swift1719,2
Errytagedesign,0
saifurrehman4114,0
PaulaSena,0
IvanShavliuga,3
whiz25,0
LeaveNhA,0
Rastrian,0
eligustavo,1
israelsantana01,0
YasinBlackhat,0
amitntrivedi,0
walison17,1
AKhatabdev,0
indeshan,0
ArturRod,0
jonasmachados,0
jeovanedossantossantos,0
xZAYEDx,0
minguinho26,0
AngelinaAngel,0
maesterzak,0
rezaaskary,0
Scemist,0
zyk0615,0
devchimpa,0
dman82499,0
cryptoradar-co,0
Amadeo-Frontend,1
SamanPradhan,0
Renato15767,0
rwietter,0
Shanan93,0
bestmahdi2,0
alishi973,0
zengqingfu1442,0
dav4thevid,0
haneyume,1
LuisCSGuimaraes,0
erickgtzh,0
dschulz,0
d-fal,0
karad,0
lubry,0
di3goleite,0
kdgyimah,0
chrisbarnes2000,0
Remysonrodrigues,2
efemevlut,0
charanquartz,0
Gabriela22204,0
maligaurav947,1
mehribanko,2
andersontrkz,0
web2ls,3
gagermaniac,0
bashar0091,3
GeauxWeisbeck4,0
Rodriguesss,0
021Mgk,0
mirjr,0
winterrdog,0
brunobgr,1
Dulon18,0
jaymesC,0
bagasstrongman,0
ah-nemati,3
sieleemmanuel,0
Harshal0902,0
SonGorLick,0
kaoutharElbakouri,0
babaie774,0
YasinRezvani,0
chrislucas,0
luckyr13,0
joesuf4,0
d4rkn3m3s1s,0
ademduran,3
mathstylish,0
mariamourie,0
siavashsk,0
fanishah,1
BiologyTools,0
DennisRono,0
FilipeVMartins,0
mjlee34,0
sajjadali54,0
Psianturi,0
sakkke,0
prxncxss03,0
rt-hamilton,0
amberrdaviss,0
mervesozkesen,0
tjennt,0
nergizozgeerdagi,0
gmm9,0
juninmd,0
Tonybsilva-dev,1
TheusNco,0
Brenerr,0
jacianeoc,0
venuziano,0
reimon,0
rafamatia,0
elizeubarbosaabreu,0
kanyijoshua,0
filipevsco,0
motloch,0
prateekralhan,0
hmjatt,0
juanlucasl,0
oscarmmi,0
jesussantana,0
Nyandago,2
KattsonBastos,0
LuannMateus,0
medaminefh,0
gustavonvp,1
Arianess,0
matheus-mf,0
ljlm0402,0
brendanmurty,0
kijimaD,0
hgunay,0
kdmoreira,0
leandrosimoes,0
SOHELAHMED7,0
IslamHeggy,0
1995parham,0
Paferreira982,0
maiagripp,0
fatimachine,0
FernandaMoura,0
deniseschirmer,1
Emerson26061985,0
ceofast,0
RafaelLSilveira,0
enesmaster,1
Valmario,1
minionstar,0
Rhaniacris,0
fndcaique,0
sauloveigr,1
henrique-roldao,0
NikolasCaldeira,0
lukas1013,0
husniababaeva,0
brazilianscriptguy,0
juahadinata,0
yevheniiairapetian,0
robbycarter,0
wellington-tinho,0
Lovely-Ruby,0
legeannd,3
enivaldoqueiroz,0
Alyssonmach,0
junicola,3
Queiroz-Dv,1
iagokrt,0
andressansantos,0
mahdipakravan-dev,3
Tiagovcdbr,0
goldfishlaser,0
HamzaAnis,0
Brillianttyagi,0
jarbasmferreirajr,0
Anajaraa,0
odaairlopes,0
T-stoilov,0
P0sseid0n,0
thomas-niko,3
juan-formoso,1
Maximos007,0
EricksonDutra,0
thiagosullivan,1
MohamedKhamisMostafa,3
RayanePereira,0
karim-aboelazm,2
ThiagoTatico,0
amaurybsouza,0
gbelther,0
tiago154,0
StephKeys,0
RejayMorada0,0
TomsMater,0
gustavodetomi,0
joaotuliojt,0
guisantosfr,0
carolvalenca,2
emannuellymelo,0
kimjoaoun,0
Nick-Gabe,1
pedrogoncalvesnt,0
jecrs687,0
raonyguimaraes,0
tiago-web,0
MailsonSilva,0
BiancaMalta,0
JennifferRufino,0
raphaelbusquet,0
luchiago,0
wadson-pereira,0
euarthuralvess,0
agustif,0
JohnMwendwa,0
BEPb,0
jfullstackdev,0
Thizh,0
mxmnk,1
aryashah2k,0
rescenic,0
hanzelkaraagac,0
paulo-magls,0
piaocreative,0
ValentineFernandes,0
murapadev,0
PHPTCloud,0
Friedrich482,0
Elbagoury,0
kenjinote,0
OFLU61344,0
ualehosaini,0
Omar95-A,2
omololevy,0
IDouble,0
Syipmong,0
vickkie,0
spider0317,0
akash-tk,0
Novusvetus,0
HosseinJafari2001,0
stan8086,0
sajjad-salam,1
Makitey,0
starcluster18,0
MrMDrX,2
HeannaReis,0
manulthanura,0
ip681,0
sefakozan,0
Anteste,1
gamemann,0
TG922,0
ikramagix,0
cherucole,0
whitenight-eco,0
ashwinikumar01,0
iamapuneet,0
jarvis-acv,1
mahseema,0
MdShawonForazi,0
web-cloudy,0
armancodv,0
xyzhanjiang,0
nicolemachado,0
Sam666O,0
Thiago-Nascimento,0
Ruth12mak,0
Emakiflom,0
KCblama19,3
6hislain,0
morganm94,0
usj-django-dev,0
tortuc,0
marialobillo,0
Kobra-soft,0
H-K-R,0
robertolima-dev,0
george0st,0
julianacastilloaraujo,0
marianapiccolo,0
GabiDeutner,0
CleuJunior,0
FelipeSDS23,1
canesche,0
habibfcn,0
esin,0
gustavo2892,0
oliviawilson2003,0
Wei-1,0
SoumyaSagnik,2
Charles-Chrismann,0
azlkiniue,0
Abdo-Mohammed-10,0
mortonfox,0
vahidefarzane,1
raccoon411,0
hmikihth,0
mustafacagri,0
TaronVardanyan,3
otienogeoffrey812,0
hectormenendez,0
faalbuquerque,0
chrdek,0
aplus-developer,0
mahdisml,0
cumsoft,0
Taimisson,0
yua-9,0
RooTinfinite,0
marciodanielll,0
EdiJunior88,0
Arham-12336,0
codewithJosh,1
inGyni,0
JsIqbal,0
natalia-fs,0
mdtanvirahamedshanto,0
alegauss,0
aliaszz,0
leosales,0
apollo-hero,1
tatsumoto-ren,0
FulvioFPimentel,0
Thuotracy,0
Iqbolshoh,0
vinicius-goncalves,0
Nakshatra05,0
CarlosAlexandre197,0
eingress,0
Raii-Azevedo,0
ChandanD1,0
FragozoLeonardo,0
GilbertoScript,1
ethanflower1903,0
mortolian,0
tnbie,0
umutphp,0
lxRbckl,0
egoan82,0
seo-asif,0
alineai18,0
seniorvuejsdeveloper,0
wallysonlima,0
vibhuthakur9911,0
KylerCondran,0
DebashsiRoy,1
dawn0123,0
RafaelGallo,0
84d010m08,0
arnab132,0
IamJapneet,0
D-Mass-RR,0
fivetop,0
mathiscode,0
Cyebukayire,0
pholoshos,0
standardgalactic,0
Ambesawi,0
RodrigoVazOliveira,0
sanamhub,0
Motirck,0
David-Braz,0
ronantakizawa,0
corasphinx,0
yxwzaxns,0
RINEARN,0
LuciLua,0
Malihashahi,0
japoewn,0
enzifiri,0
idimetrix,0
ahnshy,0
djvelimir,0
JubayerRiyad,0
mondalsurojit,0
kevin-06-huang,0
Mattral,0
visualGravitySense,0
zeneiltongpdev,0
HiWebDev0026,0
aclaraamorim,0
yasssuz,0
danqzq,0
diogomoreira,0
igorconde,0
diwalker,0
max-ray001,0
smart0107,1
OfficialCodeVoyage,2
F3lip32010,0
pacyL2K19,0
MohamedMesto,2
AthosFB,0
maaferna,1
AlvaroIsrael,0
ayogun,0
medzino2000,3
jaseva,0
samarjitsahoo,0
emirkaanozdemr,0
silvered-shark,0
aldrshan,0
juliuszlosinski,0
AliBahaari,1
MightyTechNinja,0
AndersonDinizDev,0
dybbuk-dev,0
JackObid,0
CrimsonSunrise,0
Josephglz,1
chrislima,0
al102030,0
abdelyouni,0
heinrikdev,0
arunkpillai7,0
unhappychoice,0
rationality6,0
leanfj,0
iCarly2007,0
V1nni00,0
src-mgra,0
Isaquehg,0
iamdulanga,0
warmice71,0
Satyamkumarnavneet,0
yokingma,0
gbowne1,0
LegendaryNaix,0
njavet,0
changhee123,0
itsKayWat,0
AlexNesvit,0
AlnurFaisal,0
instrik,0
iamgucci,0
grzesiekmq,0
N3NEKUSANGI,0
SE-LAPS,0
kulikov-dev,1
NathanVRyver,0
Necoo33,0
Epaphrus,0
slamj1,0
MarioAlbano,0
MohamedAbdiaziz,0
K1rsN7,0
offline0x33,0
Amir-Mohamad,0
fcosta-dev,0
joaoow,0
AlianeAmaral,0
DenisAzeved0,0
KAYSILVHA,0
yyle88,0
motasimbillah628,0
aash-gates,0
nholuongut,0
alinebastos,1
ShabnamDeveloper,1
jay-Anonymous,0
DCbrown,0
piordev555,1
rogeriorioli,0
PolarisDv,0
fariasmateuss,0
orgamiryazdani,3
Nilliam,0
gmahota,1
45288,0
AkuraDiary,0
renawmontanari,0
15923-ORIX,0
S-PScripts,0
LucasAlv3s,0
gui25,0
apple-fritter,0
LTHCTheMaster,0
dsfb,0
luanfonceca,0
39451,0
LariMoro20,0
mahdiyarsalavati,0
ANThonyRix,0
matinsajadii,0
lvisb,0
Leonardo-Burtet,0
gui-ribeiro66,0
MrRo-bot,0
KaweMaximo,0
ashkan0201,0
elveahuang,0
cemaltopal,0
Soldy,0
WalaEddine01,0
DIMFLIX,0
FACorreiaa,2
otaviossousa,0
shijithpk,0
joannaneves,0
mahdi-eth,0
Kerminator1973,0
FFUV,0
Brainydaps,0
yosbelm,0
evidentart,0
profjordanov,0
thebint,0
ivan-karaivanov,0
VadymMakohon,1
sungeer,0
mayefa10,0
Goldenbwuoy,0
Boyquotes,0
ElliotOne,0
HedonisticOpportunist,0
Arvinrjb,0
paule32,0
lulunac27a,0
vroncevic,0
jonkirathe,0
LinuxJS,0
gooddavvy,0
qawemlilo,0
nullptrException100,0
kezoponk,0
studio42gmbh,0
amirnobari,1
MiderWong,1
cshellz,0
jelspace,0
xbandrade,0
Alex-bytedroid,0
dayanamaia,3
Danaxar,0
sharifulcoder,0
SwapnanilAdhikary,0
natsalete,0
Magicianred,0
chritianegozza,0
Rafael2026,0
joyalshaji135,0
BATUHAN-ANKARA,1
Uxoa,0
neuromaster,0
IODevBlue,0
lucasrmagalhaes,0
fabnicolas,0
MayraTstrella,1
chipnertkj,0
hotcoding85,0
karthik558,0
Younessboumlik,0
flaviopavim,0
banji220,0
aptsharp,0
bouvens,0
JuditKaramazov,0
matyha345,0
luweslen,0
Kareem100,0
lgtome,0
hiwebdev26,0
farukx,2
mfortunat0,0
vivekweb2013,0
sandypiropo,2
a-bentofreire,2
cfrBernard,0
Ali1Safi,0
emmanuelvelmo,0
julianfrancodev,0
ibugithub,0
Kourosh-Hassanzadeh,0
Mahdi-Golriz,3
drkameleon,0
aeke,1
Mosensei7,0
Gizachew29,0
alikhazaeii,0
Neves369,0
lcds90,3
Mathenge-Alex,1
3D-Dev,0
gogodze,0
ndolocr,0
amiu404,0
mubaidr,0
Rachad-Alabi-ADEKAMBI,0
kisese,0
leovargasdev,0
Uziel79,0
Swarnika07,0
Krypter93,0
DanielpRibeiro,1
riseansmal,0
MohamedKrd,0
Ravi-Dahiya-00,0
TebogoYungMercykay,0
Daynlight,0
italo-mauricio,0
CAVIND46016,0
LuanSouzaProg,0
IZGI-A,0
wenceslau,0
tonykevin,0
YeshwanthKM,0
CallbackCat777,0
Runa-Chin,0
MiguelBrav,0
peterclemenko,0
kourosh07,0
ShonHarsh,1
Moustafa-Elgammal,0
abe27,0
helloLari,0
LoqmanSamani,0
alwspiderc,0
itepifanio,0
mariaazimi,0
marcusshepp,0
alexandrule,0
cosmohacker,0
Timofey3085,0
CoconutLorikeet,0
kexi,0
VitaminC1211,0
BetaniaLoboViana,0
mohamad-khorsandi,0
ogunsoladebayo,1
davimonteiro7,1
marjanovicbrane,2
Ruddernation-Designs,0
DavidSilveira80,0
nstrydom2,1
Giovane-F-Moreira,0
mlestrella843,1
EvarinDev,0
rishabhgokhe,0
umerfarooq8743,0
khvci,0
henriquejunqueira,0
doetotime,2
orhan8422343,0
CharlesDerek,0
ferdiunal,0
brian-salvatore,0
TaliResearch,0
naqeebullahcoder,2
Thoufiq-Uchiha-23,0
rolspace,0
mstraughan86,0
umbertomig,0
Saulomsantos,1
AbaSheger,0
jcamposmelo,0
Mahi-Kanakdhar,0
wanessa-antonio,0
cgrundman,0
0joseDark,0
di3goCS,0
randyaajr,0
Joknaa,0
JulianoSchaurich,0
krkarma777,1
FlutterSmith,0
brunohendias,0
paulobrandaodev,0
V-Matheus,0
cwinland,0
HenriqueCCdA,0
ThainaSchumann,0
HelenDias,0
neodigm,0
mellyssamnds,1
petrozavodsky,1
Pars41,3
hwpplayer1,0
thepiratehub,0
PanGan21,0
EduardoNunes5,1
Ariane-Brum,0
federicorex,2
filipebteixeira98,0
git0802,1
Amarjit-ph,0
ehrktia,0
RochaDenis,0
BhuwaneshNainwal,0
TavinhoNZT,0
gambling-addict,0
karr-x1,0
jnthmota,0
marilourenco,2
shahrilhamzan,0
MosbyLeia,0
FaezehRahimian,0
saegus4,2
heitorbrunini,0
Epitome87,0
swdreams,0
naruhitokaide,0
nastaranmofakhami,0
lykmapipo,0
Chunnyluny,0
pinhe91,0
cannudo,0
JCSIVO,0
hesam2801,1
karmaniverous,0
zanotta,0
Sartaj-Ali,0
artjmaria,0
Dedakup,0
fazaimron27,0
stainless-nata,0
vianabsouza,3
tincho,0
bley-gold,0
sagarm365,0
hoseinabedi,0
Carlos-Augusto-Roque,0
orvil1026,0
artHub-j,0
adrianiftode,1
Abhrankan-Chakrabarti,0
Galvesmash,0
himansrivastava,0
Ikyrillos,0
sh1n3sh1n3,0
taisprestes01,0
samanes11,0
TopGuru777,0
JacksCodeVault,0
bboysidou,1
depapp,0
amirebadi21,0
tonic-6101,0
ironcg20,0
diegobaena89,2
leadpassion,0
likhonsheikhofficial,0
feliperfdev,0
GuilhermeTerriaga,0
juliana-happatsch,0
yochannah,0
peter279k,0
encryptedtouhid,0
pfuri,0
mwarcc,0
vcwild,0
esraarnusaslan,1
JulienZe,0
Arthurrfreire,0
ThiagoSantosOFC,0
mehmetbacik,3
trinhminhtriet,0
bhza,0
po1206,1
gabriel-hahn,2
SimonePenido,0
paulolopestech,2
YogeshDharya,0
miguelex,0
pfuhrmann,0
D4Fi,0
Elenavz83,0
sabbir-noyon,1
silvesterwali,0
deepsea514,0
emanuelmassafera,2
erosk616101,2
ever1509,2
destroy-boys,0
nanadiy,0
pierresouza,1
eusouakell,0
jaglux12,0
rashmi-992,0
royaals,0
dongwookkim3,0
rafhaprates,0
jaavier,0
Benjamin-cup,0
mrKodat,0
artkirienko,0
MiladJoodi,1
Maxwell-Muthui-Mwangi,0
Sina-Afshar,1
asxez,0
ortonb110,2
mdhachem,0
omoghaoghenemano,2
drujustine0122,0
elzup,0
ab25cq,0
Lenakirara,0
navid72m,0
godyracks,0
PetaTech,0
lucassklp,0
printf-ana,0
MassoudJavadi,3
Mirzzie,0
PeterDiyo,2
Mkrdsli,0
suglasp,0
habibundayishimiye,0
AIDABGI,0
realesin,0
MariaEduardaTheodora,0
jakubsheldonn,0
SWxEng,0
fernandomachado90,0
JinSSJ3,0
sergiss,0
arjuncvinod,1
DanielArturoAlejoAlvarez,0
kaxiii,0
mariana-cristina-dias,0
douglaslimaxx,0
Henri-BS,0
sulaimanbiswas,1
JhowReis,0
emilysoueu,0
lucasnapomucena,0
EddyKubwimana,0
josemalcher,2
reisdev,0
TainaPimenta,0
anacarolinacv,0
lenodeoliveira,0
jaimerehbein,0
LakshyaDuhoonISU,0
goldenfinix68,0
scidroid,0
XXANTERIA,0
gulliverspace,0
philippogol,0
olavoparno,0
leonardoquevedox,0
evertonnatan,0
Lucas-Wanat,0
Zubaydullo,2
CursedPrograms,0
ZahraHosseinkhani,0
irisalmeida,0
GuiiCNunes,0
MarcosRibeiroJ,0
giordanorn,0
StyvenSoft,1
Rez4-4,0
7CodeWizard,0
vinibgoulart,0
xchanmolx,0
jennyffermorais,0
DaxSoft,0
organicnz,0
vicenteconejerosdelacruz,0
charles-bezerra,0
Mazuh,0
Eastwesser,0
ashem1100,1
hosseinimh,0
R-K-H,0
alejyoo,0
maryam-kazemi,0
itsparsh10,0
cypherm0nk,0
jahaidul,0
dutofanim,0
Abodawoud,2
scalarwaves,0
tientq64,0
mahakkhajeh,0
talescoelho,0
mateoiba30,0
fundon,0
CharlieGreenman,0
TeacherSamanthaSilva,0
david941352,0
Lukasdias,0
GabrielPivoto,0
ilertha,0
ArminKardan,0
NazmusSayad,0
superdragonstar1226,0
SOLPr0digy,0
rkhalili83,0
Peti6inge,0
alexanderaugusto,0
Ilgiz1968,0
mrLevys,0
conorheffron,0
mwickerson,0
abaoo3,0
AI0228,0
Lukeofwar,0
FPyC639,0
zikani03,0
Soheilja28,0
odest,0
Gustavo-daCosta,0
iiinaraaa,1
shhahhussain,0
Motaman-M,0
maclararose,0
otav-o,0
daniserafs,1
joseallef,0
MehrajLatifli,0
KiithNabaal,0
Yadev7,0
tajbender,0
farhadrezvani,1
manjunath5496,0
NitrixXero,0
hope-423126,0
santiagomota,0
agescura,0
ilkerhalil,0
kroitor,0
screwIIum,0
Dev-HideyukiTakahashi,1
Mehak-Kamran,0
N1CKWEB,1
Zainap16,0
rd-oliveira,1
choonghyunryu,0
filipmariania,0
Gezal1382,0
Fatemehkiani2002,0
mariasalvadora,0
ali-hassan-dev,0
kainonly,0
reza-rezaee,0
larissadantier,0
heltonricardo,2
SumitKumar-17,0
SeppPenner,0
Felipe-Souza-Pereira-Lima,0
ElifSinemAktas,0
rubsxyz,0
mhmdghaedi,0
rechiheaghie,0
TiraDevHead,0
valtercioj,1
marianavns,0
SamuelSSan28,1
Oldroge,2
Shahzaibfardeen,0
VanessaSwerts,0
sufals123,0
coskuntekin,1
Risyandi,0
milsaware,0
mr0ravi,0
FarzaneF,0
laryscampark,0
patriciatozi,0
pierinijr,0
profedvaldo,0
roman-shneer,0
dimitriwalters,0
WhiteSymmetry,0
mi6paulino,0
PedroCarpe,0
anbgsl1110,0
MatheusHonorato,2
pauloamed,2
adorilson,0
rc-chuah,0
joseffreitasjr,1
OliverLeitner,0
alieeahmadi08,0
nelbetancur,0
EliasGabriel1,0
urielbochi,0
WalterTNFC,2
Filipe-Bacof,0
Nelzouki22,0
PetersonPortella,0
Data-Miner99,0
hyeonprojects,0
olariuromeo,0
krysits,1
joyfulmagician,0
mohammadhasanii,0
zinping,0
joemar25,0
PieroCastillo,0
guidpo0,0
Ramazanoruc,0
caioagiani,0
ehsanx64,1
M-Yadolahi,0
LUIZFH,0
julianyraiol,0
felipeanndrade,2
1p22geo,0
SherzodAxadov2,3
casch-at,0
tk103331,0
seyfer,0
sanikkenway,0
Cboy220,0
phanatagama,0
SpiritMark,0
deromafilossali,0
Thaiane,0
renato3x,0
andradeigor,0
Programmer-RD,0
emaanuelsilvaa,0
joicyoliv,0
patevs,0
RellikJaeger,0
andybeas,0
nw-wood,0
mgm8,0
CsarGomez,0
AgungHari,0
Amir100200,0
TrixSec,0
euaaron,0
MdAshikurRahman,0
AvishiGan,0
angeldevillover,0
carolinaemanuele,0
Sufyanhamza,0
brunasiaovn,0
mwt,0
edward7770,0
gerMdz,0
Vendeta430,0
gsampaiowz,0
SelimHorri,0
Carolis,0
flavioCoder1,0
lorenatoscano,3
barbrina,0
HananFA,0
wattai,0
cain2,0
jackbereson,0
piterjb,0
RabbitTigers,0
Sou-eu-Miguel,2
ariandanim,0
mtgrunt,0
nidabaci,0
in-jun,0
olafhappy,0
shahrowz,0
pedroven,0
amandhawb,0
Mikiyas6,0
Pethumshyam6611,3
Ljolik,0
asiill,1
uplusware,0
seaidear,0
ArefMq,0
MatthewMacri,0
Suu021,0
Cividati,0
diegohat,0
TangyOrigami,0
fredericksalazar,0
tylim88,0
mrothauer,0
AbMosawerWadan,0
smartcoder0310,0
danielsouzaaf,0
gustavorpd,0
greati,0
Okekejr,0
ManoloPina,0
judyfong,0
DHANUSH21AD,0
lucas-santos,0
anacsv,0
kakacordovil,1
gabriel-russo,0
RaulAndres0819,0
LeoScripts,0
honeydatax,0
AlaouiMdaghriAhmed,0
eremohn,0
irinacadu,0
tanvirulislam912,0
carsimoes,0
emreavcilar,0
lollocenne,0
redLiquidator,0
apollon282,0
ADItya0367,0
kayukeee,0
HastiNeg,0
Amir10t,0
breno-alves,1
Lucas-Araujo15,0
lprimante,2
stearruda,0
thiago-gmacedo,0
josedoce,0
Michelledng7,0
MuhammadMujtabaa,0
subu53,0
patkon,0
iturbides,0
mvaibhav131,1
hipolitorodrigues,0
MohammadRezaTarahomi,0
Suyannesara,0
binhorochatrybe,0
Vbanety,0
RafaelPrincival,0
MdRashid62,0
KanagawaMarcos,0
arthur-hc,0
ImaniAN,0
saderuuu,0
onkiratu,0
GhostIrish,0
PracticName,0
JohnClema,0
Skipper-116,0
safaeean,0
WV-Wesley-Victor,0
kirannasim,0
melomahmoodi,0
wahyudesu,0
FelipeGdM,0
JuliaBrazolim,0
laissimenikim,0
alexandremhm,0
phedrakeson,0
paulndalila,0
MutlucanGokcukur,0
winos,0
Lasim,0
linces,0
matiasinsaurralde,0
IndrajeetPatil,0
LUCASFRANKINC,0
MayraPerpetua,1
VivianeAntonio,1
daianessousa,0
R0MANOFF,0
Genesisgn10,0
vicnuel,0
jpgSouza,0
aduayom,0
HunterKane,0
Otajonogli,0
d2py,0
jeancarlosti,0
Ninja1375,0
pony0206,0
refactorian,0
imArafatHussein,0
ogjoaoc,0
Goreth-Manuel,1
reginokaa,0
JulianePires,0
tuliospl,0
Hugosomers,0
luan-vtx,0
tbathat,1
tomasdivory,0
3453-315h,0
loranYousef,1
FATEMEHGHANOONI,0
jonathanccardoso,0
guim4dev,0
RenatoBrittoAraujo,2
julliasaad,1
renataalbq,1
SinaraPimenta,0
diegoberaldin,0
hollywoodpanda,0
iEmaz,0
ddjerqq,0
NinjaCrypto0831,2
nobbydoo80,0
sk66641,0
debtavares,0
rdeconti,0
gab618,0
arthurgsf,0
jeansantest,0
italodea,0
LXSCA7,0
kiner-tang,0
topsecretagent007,0
omidnk02,1
khodeprs,0
HadesHappy,0
Jason-Cooke,1
connebrink,2
Empiree,0
N1TEB0I,0
TopCodeBeast,1
MickaelAraujs,2
JuniorDurand,0
sammid37,0
DaniloAnndrade,0
kevinoca,0
johndpope,0
atqjunior,1
muriloLcavalcanti,0
sechanakira,1
huseyinsanal,0
dbaweja,0
aai210,0
shahnewaztameem,0
ninja-1337,0
saadozone,0
Hassaan68,0
lind0118,3
cojocaru-david,0
IljaZimakovs,1
Arminba79,0
liviadesouza,0
elheremes,0
vicdant1,2
hvsantos,0
rochedo55,0
OnofreTZK,0
tsunejui,0
spsanderson,0
zzzarius,1
1cbyc,1
AnasMohammad4321,0
kazupot7,0
AliSabet81,1
GYARU-EIJIRO,0
gentlepuck071,1
MayllaRabay,0
IvaldoSouza,0
NalbertLeal,2
rozendox,0
toiinnn,0
TheShadow29,0
Davidevlops,0
mono300genuine,0
NJul,0
danielmuthama,0
farshidbeheshti,0
aridepai17,0
xssrae,0
lucasm,3
TairineEllen,2
karengiovanna,0
chicobentojr,0
gmzo,0
yuriscosta-zz,2
luisabfs,1
giovannalinodev,0
pedrofires,0
AndersonBernardoS,0
ChikoHakles,0
hendrimardani,0
Tomba-Hopkins,0
CA-Arranz,0
jughoor,0
vincentnderitu,0
Ballwictb,0
DaniilBaida,2
eulixir,0
jeffersonmourak,0
igorasantos,1
Thiagospc,0
enzodanjour,2
JosephAFerguson,0
bralegz,0
Nima-Mollaei,0
dimkagithub,0
nstrmx,0
Spartanlasergun,0
QidarSarhan,1
jorneycr,0
hhdst,0
estheraragaos,0
ssdev-95,0
glaucia86,0
Kushal334,0
maxamin,0
LucasCerqueira91,0
cmagnobarbosa,0
ANDRIANALISOA-sylvere,0
seanpm2001,0
mikhashev,0
noizu,0
nhatthaiquang-agilityio,0
czus,0
anykate,0
arditmezini,2
JonnyBanana,0
knopmickael,2
wakhiwemathuthu,0
EduardaAChagas,0
Vivian-Oliveira,0
Rosanaxica,0
wps13,2
AidaFig,2
julianaabs,0
JoaoVSouto,0
mifthulyn07,0
lyannabueno,0
crypto0402,0
larissadcew,0
JawherKl,0
sibelius,0
BrunodevBandeira,0
brendamatias,0
maaure,0
yzakius,1
GitHub-dev12345,0
danieleverest,0
AMagicHarry,1
fesarikaya,0
vininjr,1
OftenUser,0
Julius-Hamilton,0
HappyCodingWizard,0
iisavzxie,0
yurialvs,0
Fabicaneyu,0
savio777,0
chicodevs,0
diogolimas,2
gusm217,0
rommuloifrn,0
unzerstort,1
biximilien,0
cosmycoder,1
stefanfreitag,0
bright-spark,0
mnpsnuwan,0
MeralTd,2
dimikara,0
guevaraStian,0
adko1396,0
Sinnersumire,0
SaurabhSSB,0
bh717,0
mooosakhan,1
jessicatcr-zz,0
Liliane-F,0
liviaoliveiraa,0
rafaelcastrocouto,0
TiagoLisboa,0
alfredots,3
LucasVidigal98,0
justinmathew2,0
jzr-supove,0
Alfex4936,0
M0nteCarl0,0
mi5t4n,0
palonza,0
dgfigueroa29,0
vkandola,0
StevenKamwaza,0
AZIZEMESR,0
jmoseka,1
Denys0808,0
filedonkey,0
Mehrdadakbari0,0
Leonardo-Souza-de-Castro,0
kelwinv,0
DoginUwU,0
sezeraltun,0
gustavofsa,0
JoseRFJuniorLLMs,0
Ronaldo3030,0
MatheusJulidori,1
thesun7385,0
nGQD,0
almoloo,3
etartar,2
osde8info,0
ThiroshMadhusha,0
SunsetMkt,0
aoaydin,0
sorooshrabet,0
D-Gaspa,0
nizar787,0
Samuel-de-Oliveira,0
thejaved,0
techking11,0
Mlook70,2
Filipe-Gois,0
PriscilaCorrea,0
rhian-cs,0
fernandodojo,0
jair-araujo,0
22388o,0
MatheusCBarreto,0
sdajkda1d,0
17coincooker,0
htbkoo,2
chquanquan,0
kpopdev,0
s-n-3,1
AencioVinicius2,0
sakib-hossain-29,1
FERHATSUMER,1
Oussama1403,0
OsmanMR99,0
ArthurHendrich,0
MOCO-MAKO,3
CodeEvolv,0
syedbilalalam1,0
Maksbicoin,0
gabriel-dp,0
jacobsomer,0
mateusvrs,0
matheushw,0
lisaterumi,0
carolfons,0
idelidelidel,0
Pedinpsy,0
sthecso,1
FilipiRafael,0
jpmairinque,3
Amorim33,0
Guiliard,0
aanthonytomas,0
cassimahmedattia,0
mhmtkarakas,3
delafuentej,0
Anujkulal,0
CelticAlreadyUse,0
uygardev,1
shenxs,0
iagobruno,1
khaledayed,0
AnneLivia,2
lfir,0
Huniko519,0
masterwww1,0
sygops,0
schalkventer,0
OsamaAlmamri,0
restriction,0
mcdrm,1
haniaa83,0
Txiag,0
adryells,1
GustavoBorgesSouza,2
fiorentinoartur,0
marcela093,1
ThaisDavilla,0
wevertor,0
DayvsonAlmeida,0
IsisAriele,1
Jakiminski,0
rapha-a1,0
lucasxavierlucas,0
DiegoReports,0
Dudaqfigueiredo,0
dSudario9,0
j-moreno-c-r,0
paodelonga,0
bardack134,0
smorcuend,0
alikoker,0
rensii-1996,0
fauzan1892,1
tooniez,0
Chukwudebelu,0
aaguilerav,0
linesky,0
AmirhoseinHesami,1
adonisdev0403,1
fbiego,0
mrHeinrichh,0
Luidooo,0
itsaslanov,0
priscillasantana,0
antonioclc,0
Aguinaldofs,0
Telemaco98,0
AraSaWCH,0
AlissonMoraesDev,0
rikkigouda,0
FanJups,2
aacassandra,0
yasserbdj96,0
Roaring0202,1
hi-tech-AI,0
Bikmandjuma,0
AtomicSponge,2
Mach-Levi,0
harshit0209,0
light-hat,0
AndriyPapirnyk,0
kaotickj,0
B12Plan,0
ArthurPassos16,0
escudeiro777,0
catarinaSayuri,0
vtnorton,0
GeaneOliveira,0
Daniellyomori,0
nataliawinter,2
renancaldasdev,0
rafaelangical,0
erick-ol,3
Ana-Jacomassi,0
vitorpiovezam,0
JuniorMoura10,0
mmertpolat,2
dioic3,0
rafaelrok,0
capitansec,0
s-r-e-e-r-a-j,0
pushitchaudhary,0
GuilhermeSantos001,0
yasutakatou,0
wabscale,0
uronly14me,0
codeWithMarina,0
liamsmith413,0
mohamedelmougy,1
ryanbalieiro,0
princefr,2
aniketdobriyal,0
theexploiters,0
JuliuszB12,0
Still-Aysan,0
S-Pz,0
VanderSant,0
HODUCVU,0
TonicBoomerKewl,0
devpenzil,0
VictorLimeira,0
hannah-costa,0
cibelediniz,0
iperun,1
lebrancconvas,0
LuanderFarias,0
brunofariasdeo,0
SiddharthaBose30,2
kimi0230,0
mo9a7i,0
ramincsy,0
syed-ghufran-hassan,0
dandelg88,0
thezedwards,0
scopes1337,0
GuilhermeNobrega,0
Kos-M,0
rakib3004,0
jaayperez,0
dalindev,0
goktugkayra,0
mitranaser,3
Geek-Cheth,0
rayder-dev,0
Shark-87,0
juanmadeira,0
Berbardo,0
marcaumdev,0
Wanghley,0
davidcostadev,0
angelicaalbuquerque,0
larsobral,0
pedroaarm,0
WMXPY,0
felipemfp,2
GiuliaCampos,0
zprogram,0
Victor160197,0
CesarHRS,0
Niehaus,1
thteixeirap,0
Odarteifx,0
nataliaBatist,0
danmunteanu,0
EPSOFT,0
laurensius,0
kissy24,0
HeyHamachi,0
silicia-apps,0
lalan21j,0
jsinger67,2
eemr3,0
FikretAkin,0
shikingram,0
vikram-singh9,0
hamzaali81,0
atashfeshan,0
urmybestfriend,0
Fentaniao,0
Rodrigo-Sarmento,1
abdulmazidakash,3
Sanish73,0
Mehdiak1,0
LucasHaug,0
josetvictor,0
littlebru,2
arthurbauer97,0
ieloi,0
deveras-carlos,0
radmilags,0
manuelzzz,0
ThatianeDeboleto,0
Joaovittorsd,0
harshit3011,0
Hamza5,0
EduardoSampaio,2
alexnogueirasilva,0
AvinandanBose,0
MatheusEli,1
rafaelcbrs,0
codingscode,0
CHEGEBB,0
Phoenix-Genius,2
yuredev,0
devjohnsonmwangi,0
Luisa-m17,0
Nathanage3,0
HakaCode,0
rishidhiman,1
Nikolinc,0
Moneemsaadaoui,0
MichaelWayneKM,2
felipee-monteiro,0
bepredrag,0
willgangsta23,0
ideadev01,2
0x0factor,0
deltadash2,2
Azoonex,0
devshazam,0
estevaofon,0
pedro-rodrigues18,0
jenaroaaugusto,0
nandmat,2
arthurmelo777,0
ViniciusMuniz-1,1
Pjeferson,0
ThiagoZardo,0
andrewsitiel,0
rbpolim,0
lucasgsfelix,0
Felifelps,0
JasperZhang121,0
Edward-Roshan,0
DanCQ,0
aemeltsev,0
kubila,2
Abdur-rahmaanJ,0
gjyoung1974,0
m3yevn,0
mrpaziresh,0
fantasy1114,0
simamatin,1
Fernando-Rodrigo,0
jawherr,0
Karan36k,0
developernaimul,0
DevOam,0
Vikranth3140,0
saloskilo,0
Kishankumar1328,0
HENTAIcast,0
vittorioPiotti,0
Eduardo-Barreto,0
laylamonteiro,0
pdaug,0
andreaoquendo,0
apvasconcellos,1
emimuniz,0
leaofelipe,0
amandamelodev,2
NathanOliveiraJF,0
eloisafernandes,0
lrlucena,0
alcides07,0
pelusanchez,0
vitorgaletti,1
matheusgoncalvess,0
marcospsviana,0
matheusAFONSECA,0
MatteoMgr2008,0
rasel-gannicus,1
iLudolf,2
bbjornstad,0
sergioribeiro,0
135yshr,0
thiagorider,0
SiegfriedBz,0
tiago1820,0
tuepon,0
felpfsf,0
Pleiterson,0
varlackc,2
rahman-O,0
itswadesh,0
smartdev5050,1
Arc-Jung,0
biagiola,0
amilamen,0
obinnadaniel,1
gr8monk3ys,0
StefanHritcu,0
jo0707,0
TanmayGharat1505,0
Dornamohtaram,0
PETROUNKNOWN,0
Areeb-7,0
Durfan,0
RaiDeOliveira,0
ni-teixeira,0
ItsVasconcellos,0
ViniciusPorcionato,1
letbueno,2
larissamartinsss,2
erika-porto,0
izaRibeiro,0
paulajardimf,1
davidallysson,0
valentimcanejo,0
gustavovvbs,0
victoraugusto6,0
antonylemos,0
wallaceketler,0
sarsdev,0
Mykonos-x,0
rafinhatrevs,0
Smachoka,1
JBenedicto13,2
kevinwaxi,0
halukyamaner,0
JSv4,0
Kourva,0
Wallace-Karira-Muraya,0
toastkidjp,0
JorgeEduardoFOS,0
Mariede,0
goandreus,2
brandonsoft,0
abuhabban,0
jlsjefferson,1
0bvim,0
k-takeuchi220,0
choiis,0
cedev935,0
Tanay1805,0
niklashenning,2
kayes99,0
NovaLogics,0
rafaelprn,0
eduardacalderan,1
GustavoHenriqueFerreira,0
AmandaGiacometti,0
CarolineKnaip,0
KevsonDoc,0
gahag,0
brunyyta,0
Jessica-gouveia,1
devtaw,0
sosolidkk,0
Vinithecsar,0
Lucas-Veras,0
dlavinia,1
dani7fl7,0
ropoko,0
gaqt,0
bnatalha,0
deborasamara,1
AntoniHub,0
VladimirVieira,0
hebertviana,0
caiodev,2
andredelima92,0
ortegavan,3
ChristoPy,0
sstokic-tgm,0
yihuaxiang,0
pomatechlead,0
muhiqsimui,0
kauer3,0
roannav,2
RenanBorba,0
ibrahimakin,0
Nigel-Moes,2
samuelumutiti,0
foxier25,0
mohammadbb,0
dev-sire,0
smartMinion221,0
samglish,0
liscamarini,0
jardeldyonisio,0
manuuz,0
daianerangel,2
Pablofr10,1
yvesmariano,0
gionogueira,0
emmenezes,0
igorrmon,1
danieldfc,0
victorers1,0
VanessaPacheco,0
andreinaoliveira,0
derektypist,0
mayi0815,0
dienerld,0
Gustavo053,1
victorhugofr,0
esteroliver,0
RDLuisL,0
densmirnov,0
elvis7t,0
muhamadzolfaghari,3
tainguyenbp,0
grandemayta,3
tuxedo7,0
AllTwinkleStars,2
JosiTubaroski,0
WhiteRabbit130,1
hamed6600,0
IceDev528,0
whitehorse21,0
LalithaRamanaV,1
Kubenew,0
CodeDroid999,0
maxcohen31,0
Kimiaiz,0
kant146,0
RichardGrave,0
3th1K,0
jshwi,0
AltintoprakBeyza,1
Teymur-Babayev,0
devmaster116,0
sanal-m-s,0
CodeWithFin,0
antoniobfm,0
CryptoVictor,0
jq2,0
jeziellecunha,0
anapaulabds,1
cassiofb-dev,0
DanielMoreiraPinto,0
Maestrelli9,0
DouglasCandido,0
MatheusCrispim,0
geronimofx,0
adnaolivia,0
joaorceschini,0
Luckx98,0
heronsousa,0
CauaneAndrade,0
luanascardua,1
subash-srk,0
Joaohsd,0
MatheusAndrade23,0
jvsouzx,0
Blacknahil,0
al-sakka,0
0x00000003,0
mehmeteacar,2
thorstensson,0
ConradPB,0
victorfeight,0
mmeents,0
devmonster-tech,0
frankdevhub,0
Nadilson-IFPE,0
davidivkovic,2
mdouaour,0
Bct-crypto,1
guiireal,2
d2alphame,0
helios-yamet,0
HBinhCT,1
ismaely,0
lucasamorimd,0
ThecoderPinar,0
Azimka228,1
galva-developer,1
The-Abhishek1,0
moiseh,1
KevinHock,0
juliofilizzola,2
Wellington-lopes,0
denysmalieiev,0
virtusdevx,2
DavoudMolaei,0
Pro-WebTech,0
rstkey,0
debski-patrick,1
alexfarrerodev,0
punkinloveez,0
Kasra-Abbaszadeh,0
Joice-crypto,0
helenitagurgel,0
LuigiDovera,0
BrizidoAndre,0
gjovs,0
danielxlves,0
aulus97,0
MatheusOlegarioDev,0
1rafahub,0
ejrgeek,0
Am4ral,0
nlogozzo,0
szlima,0
KarlaNunes,1
luisdasilvahenrique,0
Samucation,0
viniciusfer01,0
denissimon,0
TechWithRamaa,2
skurhse,0
oguzoldev,0
marvinrusinek,1
diegogallegof,0
UKVeteran,0
amgauna,0
mozafarimanesh,0
thisisjeffsnow,0
devleo-m,0
MegaDev007,0
nyenza,0
cusspvz,0
Oucema90,0
goliranyan,0
mburakkorkmaz,0
taileduc0404,0
The-Young-Programer,0
amirallami-code,0
sacredAST,0
Daniel-Alvarenga,1
DevStar1016,0
happyguru1215,0
tsurugi3333,0
Abdullah4345,0
scjoaoantonio,0
vitugc1,0
jasbrela,0
albertocavalcante,0
Aruhan-Mathias,0
Skellington,0
Quemia,2
DarknessRdg,0
anabrtorres,1
Breno-Silva1,0
fabiolamfleury,0
cesarionto,0
marcusyoda,0
flaviobergamini,0
Banukaiw,0
tadyPi,0
samyam81,0
sanj2sanj,0
dlanileonardo,1
AndyBowskill,0
llraraujo,0
JBris,0
dennisnderitu254,2
President-Banda,0
noryev,0
mehrankmlf,1
Mahmoud-Italy,0
mahdis24,0
joshpierro,0
TenviLi,0
HectorSpartan,0
carolinabentresca,0
Valentino-Junior,0
iftakhermasum,0
Dereje1,1
nimaaghobadi,0
nermiin,1
piedro404,0
danieljvsa,0
MaryamAustralia,0
dexeril974,0
WhisperNet,0
the-coder-o,0
vitilevi,0
Shahupdates,0
abdorrahmani,0
PuzzleTakX,0
MattNami,1
marceloaguilera94,0
khemssharma,2
eoguvo,0
souza006,1
simeithander,0
gustrpaz,1
anasofia0,0
andreialves,0
caiulucas,0
dalvaniamp,0
JoseaneGrigolo,0
aline0310,0
martinsalinep,0
Dannyelic,0
ttiago12,0
antoniolopesg,0
rrozdoce,0
LukksMatthaus,0
azabraao,1
juniordnts,1
danmarighetti,0
rbqdev,3
apolomoraes,2
cuteolaf,0
JoaoGustavoRogel,0
dangalvao,0
joaohira,0
leveau10,1
mkssantos,0
Couto1411,0
YusufSural,3
19coderpawan,0
edaehn,0
Ajnus,0
TheMorgz,0
KyleKing,0
ispadilha,0
gaoyaqiu,0
soljesty,0
jsanbae,0
fantastic0206,0
moelhaj,0
yirini,0
doguedogue,0
xsa-dev,0
psibot,0
shomnathsomu,0
kimjunsung04,0
nehitha15107,0
0xp3p3x0,0
elhadjx,2
x0xr00t,0
HangeZoe,0
ShaheerAzam,0
AshrafUzzaman04,1
ran-sama,0
niks-nikhil-anand,1
Lanny-MacMillan,0
kimman8,3
MK825,0
Dahsle,0
PremThakareitm,0
VincentIhab,0
CODEMAX666,1
pauloguilhermepp,0
lunarcoffee,0
theo-nejm,0
Leviszinnn,0
GaahDias,0
Vinicius-Vieira-Andrade,0
laryferreira,0
matheusleo,0
luizoux,0
renanbomtempo,0
uriell,0
jefersonmmacedo,0
layanemenezes,0
Lucasffz,0
mrncstt,0
JulianaBasilio,1
LeonardoLuize,0
LauraPivoto,0
damclover,0
naradashen,0
kelvinelove,0
stevsharp,0
savokiss,0
dreamsdesign,0
ahmnouira,0
bungambohlah,0
ALLLANKLEBER1983,0
sbsigur,0
hammadmobin,0
OracleBrain,0
jrohitofficial,0
webscriptmaster,0
Dmytro1991ua,0
Rohit19060,0
bonzum,0
R-R-Freitas,0
FatamaBe,0
Lisprez,0
Saidiislam,0
shakiliitju,0
DanielDaher,1
giisele,0
lianperson,1
sarthidarji128,0
CanoGel,0
Ali-hey-0,0
GitRektify,0
ivasik-k7,0
Vadym-0K,0
walidbosso,0
g0drlc,0
sarasbarros,0
Zappier-Root,0
MaykonMorais,0
Rafaelalmendra,0
vyctoriak,0
FilipeNeiva,0
usuariodebruno,0
Ruan-Franklin,0
jhonatacaiob,0
edumarcal,2
isaiasluc,0
GustavoTxFreitas-zz,0
marialuizasr,0
paulohtobias,0
andrefilho99,1
Maiawen,0
cm-powell,0
wtbxsjy,0
minhbi245,0
randomtoy,0
samisezgin,0
Thumbone1,0
smartluck1125,0
yousifnimah,0
amirsinaa,0
JijoBose,0
vrstanchev,0
adventureandre,0
ClaytonEduard,0
victorFernandezF,0
simonefinelli,0
skyridertk,0
GoldStar0103,1
OlimilO1402,0
JoyceFatima,0
codinghemp,0
JoJoDevAdventure,0
jepbura,0
wisamosman,3
paladinescamila,3
Anjana2k02,0
mashharuki,0
Lucbm99,1
suhelhasan,0
johnsonjh,0
sara8086,0
imlauera,0
bardiademon,0
zaraco,2
vvizardev,0
berenpolat,0
paulopbomfim,0
Crypto-Mikael,0
Zeonnatios,1
limaleonardo,0
nickdev0118,0
wr0110,2
Talent106,0
devddine,0
Legend96106,0
seniordev1180,1
johansitoweb,1
Mansi-indian,0
TRIPH925,0
MeymounB,0
mzherx,1
Lafcadia,0
Lucca-GB,0
lukethebaka,0
PedroLouback,0
Joabesv,0
Guidcampos,0
MrTrotta2010,0
decodificar,1
anacsz,0
mitras25,0
ricardoanchieta,0
Edilsoncostajunior,0
eldinho2,1
GabrielModog,0
eullersantos,0
srgesio,0
fhmunna,0
AldoWa,0
gknpp23,0
joaovicentesouto,0
SrVitinho,0
analeneves,0
guerrals,1
Mahmud-Kandawala,0
AbdeljalilRajli,0
PriDebnath,0
PureJD,0
km0930,0
hirotk,0
travisjupp,0
brettkromkamp,0
trcjr,0
saforem2,0
icolomina,0
huuquyet,0
exezick,0
hirushavinushka99,0
LucasNithael,0
Luferat,0
madu-braga,0
edgardoa91,0
eBetcel,0
jsuisjuan,0
matheuspython,0
Deborars,0
iarlenaquiles,0
janapc,0
schonee,1
MarivoneAraujo,0
Lester016,0
leosoares96,0
longyap,0
sbrunomello,0
jerry612,0
gustavomorinaga,0
kcsarith,0
jbuyu,0
CXL3,2
brian-emarquez,0
jrihan,0
haronsoft,0
Nyakaru,0
guillainbisimwa,0
gabrielmesquita7,0
Gustavo01rb,0
johnnsantos,0
Brunostd,0
ind3p3nd3nt,0
taptorestart,0
fdeniz07,0
ghramcode18,0
VladanStar,0
kingsley-einstein,0
KianEbtekari0,0
mahtamun-hoque-fahim,0
drullandev,0
Forest410,0
schonfinkel,0
avrcoelho,0
alpersarac,0
prajjwalsubedi,0
osamaayub,0
maikvinicius,0
andispeed,0
jacksonpf1,0
le0nklcpp,0
eduardohenriqueassis,0
YanisBenekaa,0
umitakbas82,3
pedro-filho-81,0
chavi362,0
neural-tangjie,0
1MahdiR,0
katchion13,0
adilsongb,0
kaleemullah786,0
hansf14,0
ajfm88,0
savant-cat,0
dotmarn,0
lobophf,0
sasomiddinov1,1
kshivakumar27,0
avanishmani,0
emersonpessoa01,3
Arthur-Ferreira,0
MohamedhanySakr,0
ayelet326,2
kaue,0
tacic,0
jo-angra,0
wvwx,0
nymarya,0
ivmelo,0
cmanfeed,0
gphelipe1,2
rodrigoruan,0
albertoscandido,2
maxwillf,0
LimaLucas96,0
ViniciusRibeiroS,0
anunciado,0
shalaka-deshan0110,0
Reinhardt254,2
gabrielsouza-dev,1
sudhanshu27,0
MiCe-exe,0
wendelloliveiradev,0
Zukhrik,3
Stringls,0
amer2040,0
AngelCruzO,0
mudegiarnold,0
ZIEDSAGGUEM,0
mahfam1212,0
superstar3222,0
camiladuartes,0
Rekklessss,0
mdmasrur,0
mohammadsld,0
LuizAnunciato,0
TadesseDev,0
wambugu71,0
Jenis0619,0
Aria-Dolatabadian,0
volodymyr-klymniuk,0
itzhoman,0
CodeByStella,0
RudushiXplore,0
deliteser112,0
Pavankumar07s,0
Varunbtech9682,1
yusufie,0
alanchrissantony,0
dragon7210,1
danilodelucio,0
MersadHabibi,3
ammahmoudi,0
Williams-J007,0
Eng-saaska,0
mdsomah,1
akillness,0
Kushan2k,0
Quinta0,0
MahanRajabi80,1
SuperDev0514,0
Freonius,0
TerminusDeus,0
dDevAhmed,0
Nikelroid,0
siriuzs,0
Haydens-workshop,0
SummaiyaKhan,1
vacaramin,0
devlancer-lucas,0
jpgold830,0
Anonymous1223334444,0
biancarsouza,0
rfeinberg3,0
aminakbari7,0
SvlElr,0
MrpasswordTz,0
arekusandr,0
outdoorSpirit,0
CODGhost911,0
LivingtonMerello98,0
Adicx,0
pintowinto,0
LuxuryCodingGuru,0
selimozo,0
raggedheart,0
messsimo,2
Origina-sudo,1
MahbubaHaque,0
thiagotpsilva,1
Keveeen13,0
BernardoDetomi,0
was-app,0
AlanJs26,0
ResoluteeDev,0
damarcones,0
ArthurBelli,0
raphaelaferraz,0
gustavoesteves0,0
almeidaleandro28,0
devrafaelsoares,1
andre-albuquerque01,0
Dannyeclisson,0
sathlerhe,0
Vianjus,0
KarineFAL,0
brunoa15,0
luciana-a-oliveira,0
MatheusAL,2
Lakshmikiranmai77,2
FilipeHenrique,0
antonioroddev,1
isadorw,0
paulofreiire,0
RoneyFelipe,0
gustavokv,0
tiagolch,1
lazarobo,0
inocencio5117,0
Alexsandr0s,0
pedrohcavalcante,0
eduardobcoelho,0
kleydson-beckman,0
GermainGirndt,0
VyniciusMartorano,0
AlefeOliveira5,0
MaateusMDS,1
kauekaj,1
lucaassp,0
Brunomestres,2
mateuslourenco,0
cassioaugusto01,0
EduardaDalmas,0
DouglasSouza05,0
gustavosimoes,0
joaopedromsantos,0
gAllves,0
Tulio-CS,0
venantivs,0
macro-mancer,0
Bendelack,0
KaikyPires,0
EddieProgammer24,0
lh-ude,0
eitch,0
samanesayyar,0
eugene-panin,0
NicolasMugnier,0
xamidi,0
ercankertisci,0
robertojunnior,1
RankracerBR,0
CodingBrushUp,0
cmoliv,0
ldamasio,0
majdlatah,0
enutn,0
reall0c,0
i-asimkhan,0
georgealan,0
aoudiamoncef,0
accateo,0
AshrazRashid,0
jjvanzon,0
brunnocostam,0
mayaugusto7,0
puzzithinker,0
hundong2,0
ChoiWheatley,0
tavinlima,0
maatheuss0,0
guuenzo,0
rayanaprata,0
Caaddss,0
juuh42dias,0
rjsamra,1
LuizEduu,0
EvanderInacio,1
drahot,0
juniorti91,0
0o001,2
danjohnson77,0
kubikill,1
joemoceri,1
lccarelli,0
danieltarazona,1
VieiraMeloRoberta,3
RickyC0626,0
denezt,0
gurcangul,0
ugleiton,2
adnanmazhar,0
heliherrera,1
leoallvez,1
NicoFilips,0
lewmas9152,0
cyber0567,1
armandosouza,0
Biellms,1
Loyft,0
samade747,0
zehraseren,1
SAliSH79,0
jeniferGoncalvesDaSilvaDev,0
jmcota,0
harryrf3,0
EduardoNunes,0
Peefy,0
samettek,0
Farica-Kimora,0
TELMAN-CREATOR,0
andrefrancisco94,0
mathrb22,0
ayrtonbsouza,0
LarissaOlimpio,1
saeid1994,1
anna-dm,0
larasimmer,3
kcey-swikriti,0
ZAK91,1
terter21002,2
damianoalves,2
viniciu21,0
caroline-medeiros,0
gabrielpconceicao,0
LuanaVieira95,0
devdrops,0
studTon,0
ErikaSFS,0
adibenc,0
lordvins226,0
cicerothoma,0
lucasazeve17,0
JPSS14,1
pauloalmeidasilva,0
mlg404,0
Xanik,0
Cfoulcard,0
dendisuhubdy,0
LizzardMedeiros,0
miguelf03kai,0
rafinhaa,0
jbrainz,0
ironzombi,0
ridhomr,0
cliftondavies,2
yildizkoray,2
hackerd2020,0
mrpunkdasilva,0
renanxd25,0
itsazzad,0
PatrickSilvaMenezes,0
frankleitelemoscosta,0
gabriel0alvesz,2
paulgureghian,1
jrgriffiniii,0
bradpotts,0
duboviy,0
jaballah-dorsaf,0
Csaba79-coder,0
akash-rajak,0
githubwonder1128,0
AntonRomanenkov,0
nahuelavila4,0
douglasoliveira96,0
gabrielnevess,3
lisr2023,0
wubinary,0
Ahmad-Akel,3
maphstay,1
martiny76,0
Omanshu209,0
ripaelit,2
adonis0302,0
Pouyaexe,0
Ratizux,0
Ricardocp96,0
eyedeekay,0
atillaaydogdu,0
gabrielsouzas,0
abhaydhiman,0
Eduardo-ops,0
hermannKonyar,0
Santosh-Baliarsingh,0
capwan,0
yajun668,0
OliverJoo,0
AhmedAliRezk5050,2
swapnilwakchaure,1
LeoAntunesBrombilla,0
wallace-virginio,0
Denise-Valerio,0
stellarboymihir,0
leandrodalbo,0
GregSithole,0
klstff,0
zoruka,0
suzaneduarte,0
PatrickTaylor-bot,0
CyrineOsorio,0
topstarwebking,0
jessicacosta07,0
ItamarMedeirosDev,1
dfsupcom,0
ProgramCodes,0
mrayanealves,0
luisneto98,0
sebastiaohns,0
renatosbispo,0
aafavelino,2
diegofilbal,0
Mhamad-Raad,0
ogzcode,3
abdurrahmanbulut,0
programmingChiira,0
Sanjaya-Danushka,0
adamjatim,0
dennist12,0
barrytestfl,0
utku-guclu,0
Abinash018,0
appledesire,0
udborets,0
Farnazy4,0
David-Horjet,1
nikohoffren,0
amrahhh,0
Gdi87,0
GulayAdgzl,1
Willarry,1
bilgekosee,3
WellingtonVell,0
mbautin,0
juniorohanyere,1
NelTeano,1
smartCoolDev,0
yeasin72,0
OsmanTunahan,0
Barsaan,0
Marcos-Vitor123,0
sallamy2580,0
noel319,0
Pioxscorpio,1
SanaTameem,0
AdeiltonPereiraAlves,0
Younes-ch,0
Boluwatife2904,0
Jeffersonlima578,0
Anonymous6598,0
ErikDMCosta,0
grogu-oss,0
EmmettJohnson89,0
ahikmah,0
hamedprog,1
ByungKwanLee,0
condongilbert,0
SamMintah,0
lon123456789,0
ParhamPishro,0
itsZORAL1,0
fireman03151,0
n-h-e-z-r-o-n,0
AmitChauhan63390,0
FedotovN,3
panicoro,0
chdepz-dev,0
amirhosseinrashidi1,0
kenjibraun-pro,0
robiul-islam93,0
CrisNakamura,0
Anjasfedo,1
Nastaran-Mz,3
vilipender,0
tvvocold,0
boloto1979,2
JulliaFernandes,0
coldfrxnt,0
mubashir1837,0
CoderTrinh,0
saswasto,0
ranesilva,1
YashGajjar7017,0
baryalaysafi,0
Nimakian0,0
Novaversocl,0
Emogy-reunion,0
Steelpanda-ctrl,0
priya1793,0
Atharvkote,0
sun-shade,0
ask0ldd,0
ShabanAzfar,1
divided099,0
nectariferous,0
Enilll,0
BleedingCannibal,0
Linux-Scratcher,0
goodfloore,0
Erwinex,0
Elyar0,0
Hoomanzoh79,1
Kyle-Schwartz-Yang,0
algo-beast,0
jvneto,0
hott-henrique,0
brun0meira,0
DoodlesEpic,0
Rafael-Rufino,0
Diegovsky,0
mrjonas151,0
opedrvisk,0
fuchsfelipel,0
Pedrohbedin,0
SonngCS,0
CamiBregalda,0
LuanEvander,0
samueltsilva,0
waldirborbajr,0
RamonAPereira,0
correaalves,0
EdsonLuiz,2
SamanthaCavarzzan,0
rvsriller,0
illozzam,0
gbarth,0
otavioachrispim,0
isabellathome,0
JoaoMateus13,0
thalissonjon,0
anapaulaods,2
tomazhca,0
jancyaragao,0
anderson-henriqq,0
joaovictorsaturnino,0
KellysonRN,0
gustavoguerino,0
LeohsPaixao,0
lucasdavi114,0
michelleGomes85,0
CristianoLourenco,0
beckerme,0
AlexandreHiroyuki,0
Vfernandes1,0
GabrielRezes,0
JoaoZati,0
brenolobianco,0
Antonio-AV,0
vonot16,0
liviaceciliags,0
VictoriaRBrito,0
AlexandreTommasi,0
F-Loschi,0
vitorwogel,0
titiomathias,0
Jhoncy6,0
lucasdemartha,0
igu1nho,0
Stenishh,0
guilhermefsh,0
FelipeMarra-zz,0
augusto-ranier,0
Anielly-g,0
Lorenaavila20,0
sxcntqnt,0
cidmiranda,0
ibrahimisad8,2
kumarvimal,0
elmyrockers,0
timbury,0
gianpaolof,0
odeyAbdulrahman,0
jmlweb,0
muratia,2
mmrosadev,0
binjuhor,0
iamtutumo,0
hasanmonsur,0
Maggomann,0
rxaviersantos,2
jonathafernandes,1
ayezabashir,2
ValneyFaria,0
jthomp,0
pedronaves,1
iankang,2
jay-kumogata,0
antoinebou12,0
ivanlafollette,0
WTPENGUIN,0
lisa3907,0
MarginLon,0
lionsol,0
Mow69,0
meiyor,0
nzejoe,0
BOBBYWY,0
gabrielsaints,2
Vinntoo,2
rubanzasilva,0
spedromg,0
ZERO-A-ONE,0
Ivanshamir,2
enfycius,0
LucSilveira,0
AlbatrozPyt,0
dev-mariana,0
deywersonp,2
larirrsouza,0
felipenlunkes,0
hatus,0
wen-dell,0
Hosamov,1
mcdavidsh,0
njokdan,0
elvinlari,0
zubair-saif,0
suhaibaffan,2
94rain,0
dudubass15,1
dracula151997,0
CharleeBrown,0
Meshmi2,0
caglartoklu,0
Reagan27,0
quicknixweb,0
aevilesaguiar,0
whyneedd,0
FreePhoenix888,0
prathimacode-hub,0
Nasirjavaid,0
martins-rafael,0
jainesenna,0
ThiagoRafael-lin,0
carvalholeo,0
lucianesantcs,1
arikarim,0
monte1s,2
OptimisticTrousers,0
EduardoJM,0
lisaalaz,0
devseunggwan,0
adhanif,0
rayros,0
tranthethang,0
Tinram,0
HexaDev-De,0
vuuzleroma,0
sglkc,0
sabbircoder07,1
ahsewm,0
scheehan,0
Djmondoent,0
danielfuentes,0
eltoncampos1,0
airtonfel,0
MarianeBS,0
shubhamkr2,0
smyrduran3535,0
PaolaDuriff,0
jankipmehta,0
viniciusgois711,2
marcomiduri,0
artursantiago,1
MohammadRS,1
miguelretroz,1
joaovitoroliv,0
barretoMarcosPaulo,0
ElizabethRamos,2
marianajo,0
linefmv,3
J0sueTM,2
MuradTcen,0
giverplay,0
Aaditya1978,0
f-nely,0
pamellaazevedo,1
qwexvf,0
Luh09,0
brigida-oliveira,0
gabiponcet,2
neilsonfaria,0
hrsajjad844,0
anizioQ,0
mohammadhb,0
DionneNoellaBarretto,0
Engineercc,3
abasjr,0
1tjunior1,0
danicunhac,0
aocattleya,0
Mystified131,0
ArmageddonKnight,0
EdsonLucasbd,3
VitorMartinsSoares,0
LangZhai,0
sajanki,0
johnjimysom,0
juliafealves,0
davigl,0
ahmedshahriar,0
Kuuuuuuuu,0
Rfontt,0
airtonlimajr,0
Deborah1464,0
lucaspmatos,0
alokrai0607,0
hossein-eshraghi,0
santiagomarcos,0
NyanWhite,0
Devsgeeknerd,0
kinshuk-code-1729,0
raelalves182,1
DaeSeokSong,0
mohadmn03,3
ilymonkey,0
SandhyaKapoor,0
PixelsEngineer,0
milaabl,0
FormCms,0
adimael,0
sepandhaghighi,0
beyhosni,0
FB-5,0
guerbejhamdi,2
Wesley-Sinde,0
rromulos,2
alikhosravidev,1
joaov1ct0r,1
flupynho,0
nickorzha,0
LeonardoMancilha,0
manuelczs,0
KhaldiAmer,2
Luciano-Ferreira,0
abirul3881,0
JoseAlz,0
shahradhdev,0
fspofficial,0
phumoonlight,0
LakshmanKishore,0
NebulaNode0728,2
martinvaldivia,0
DevKob,0
ZakariaAitAli,0
Irina-Smol,0
kehoecj,0
cmariot,0
fahadbingit,2
kevenescovedo,0
govind527,0
MetaverseQuantum,0
hacker-r3volv3r,0
arrudacaio,0
jondo89,0
KravitzMC,0
Campos-Silva,0
matheusz98,0
vitoralvesp,0
Jeferson-Peter,0
Ajay-056,1
Oseiasdfarias,0
mariabarkouzou,2
Larissamrs,0
mkiziltay,0
descholar-ceo,0
ehernandezvilla,0
biohack5079,0
Wesley-Nunes,3
tolgaboroglu,0
mohammed-b-hassan,0
DineiSF,0
Ryan-Menezes,0
MatiasRaulIbarra,0
NicolasLopes7,0
sandipanrakshit34,0
igorrgabr,0
sedir,0
paulorcmendes,0
TiagoEude,0
Murilodospacos,0
iDallek,1
VISH01AL,0
DougAlves,0
vilarjp,0
erneani,0
ItaloGSM,0
arturo32,1
will-lucena,0
zhensherlock,0
JuanAgustinBruno,0
sisonnikolai,0
fcolobe,0
cirejr,0
BearToCode,0
gostjoke,0
Lahoucine-hrird,1
lalabib,1
myon-bioinformatics,0
pnzrkmpfwgn,0
omotomiwa26,0
NerdGuin,0
ohmysaudi,0
Arnaldoeloi,0
abdu11aev-samandar,0
MuhammedShoeib,0
MoeinDeveloper92,0
ashkanm04,0
NyasimiPhilip,2
Amir-Afshar-1,0
arnob-webber,0
joshl26,0
shahriar-rahman,0
Bokza,0
bstar0406,0
kasimoguzz,2
Jide-Muritala,0
tseijp,0
KayllaneGPina,0
fireshark0318,2
arsammojtabaei,0
Tropul,0
MafujShikder,0
code2lives,0
mauricioPReis,0
beinjamin,0
TanmayProgrammer-13,0
KrishnaBishowkarma,0
suchismita004,0
ellen-simonyan,0
alteakapxhiu,0
cryptoforge318,0
XCr-9,0
narciss369,0
phantom-98,0
RohanM333,0
kingsleyesisi,0
Chain-Reactor,0
bogdandratva,1
GOKSEL2022,0
Coder-X15,0
Bleu-Yves-Sopoude,0
tomemme,0
MuchokiDavid,2
alighasemi889,1
its-prithvi-raj,0
IROpany,0
pkounoudis,0
adonistoday,0
Jovanysfive,0
Gubintongxue,0
MedTechHQ,0
SoftwareFixingSoftware,0
RomanK2311,0
XProfessional1130,0
toukir-bd,0
GAMG-94,0
ebetap,0
waldohidalgo,0
Curio5813,0
goldenhand76,0
AhmadReza-G,0
Mohammed-Saeed111,1
shantunparmar,0
AlonsoK28,0
SrWither,0
WonderEagle,0
naeem2000,0
masud-pervez,0
berdfandrade,0
omarashzeinhom,0
MamdMehrabi,0
tigawanna,0
anaseem80,3
Agni133,0
coin96,0
elfgk,0
Athmika-vs,0
abdulrahim-ramadan,0
imraazrally,0
ThomasCeccon,0
analuizataveira,2
30omda,0
Sujan-shrestha7,1
priyanka1144,0
hanzla-sib,2
rajuranjan00,0
victor4rthur,1
EuricoDNJR,0
Draikth,0
whitesnow515,0
Swordmadagascar,0
macseed000,0
SadLiter,0
Bond0010,0
prabinpanta0,0
lantern74,0
codestar3524,0
Vince-arch,2
coolboydev8,0
Hamadabcn,0
liuwei0817,0
Bilal-Aslam-Dev,0
purity111,0
timon-eth,0
MariyamSiddiqui,0
wsjishan,0
MehmetBozkir,1
PouyaniArmin,0
a3108010,0
XiaomingX,0
ViniciosLugli,0
c4mpos-dev,0
lucaoshow,0
LinkedEmpJR,0
theRealCarneiro,0
MateusGildev,0
G4rutti,0
Jelff,0
hugo-leonardo-dev,0
gleitons,0
IsisYasmim,0
RicardoX2X,0
lucascsl11,0
julia-lika,0
Frn-sz,0
michelebazana,0
jonnymariani,0
fabinsz,0
ClaudioBotelhOSB,0
pedro-acviana,0
Gabrimeireles,0
Gabrieel-Santos,0
carolineccorrea,0
rperezibacache,0
karineferreiradeoliveira,1
juliocmalvares,2
noeleguimaraes,0
DarianeLourdes,0
LucasAST,2
carolana,0
vandemberg,0
AryaneLadeira,0
NIkolasMatos,0
matttheus,0
Vicovolan,0
WanndersonOliveira,0
NmMarcoz,1
Rharuow,0
SaraMaria,0
FelipeSousaRocha,0
pedayako,0
deniseicorrea,0
almeidacavalcante,2
DenisWO,0
duardodev,0
elielvisrocha,0
kethellynWend,0
tonalmeidadev,3
lluissf,0
Csouzaf,0
JGA7077,0
annabeatrizpereira,0
matheusvhs,0
zSh3rl0cK,0
NavesEdu,0
tolengvicky,0
lara-conte-gomes,0
Guilherme-souzae,0
EdmundoHPSilva,0
edgardantas,0
F-Quintilhiano,0
Lucas-H-Martins,0
Joao-Dutra,0
AloRay,0
karriz-dev,0
himasz,0
georgie123,0
amirabet,3
actiago,0
KrlitosForever,0
busy-mac,0
dimasmaulana,1
amitdhanani2012,0
fjzeit,0
eric8810,0
rorypeck,0
NCherfaoui,0
WellintonRodrigo,0
Kirstenumali,0
canata09,0
julio-cmdr,0
reinaldoper,0
ldantas-s,3
stuartasiimwe7,0
alakise,0
korbek99,0
ricardobalk,0
brunopetrolini,0
JeanDuarte00,0
affkoul,0
paulovitorguedes,0
beamiter,0
earthtopomaps,0
55382,0
HagarMostafa,0
rizitis,0
gabaugusto,0
dinakajoy,2
mojtabashirkhani,1
LiuCong2017,0
CristovoXDGM,0
haoranD,0
ValdielsonSiqueira,3
Pr3d4dor,0
sherafatpour,0
marcelo3macedo,0
Arcko,0
luqonhas,1
felipe-tneves,0
gabrielvictor0,0
RivnatZille,0
relue271,0
MoisesAbraao,0
WAT36,0
araut1,0
CodeLover254,0
albertofernandezvillan,0
ihackcode,0
soycamis,0
TarcisioCarvalho,0
bilallgunaydin,0
gapolli,0
monopolynomial,0
Christophecs2,0
EduhPereira,0
diogo-alves,0
RedJue,0
marialucis,0
Anyesh,0
rhuanhianc,0
faridprogrammer,2
ishma8789,0
ZapeeoSheikh,0
guilhermez2006,0
mahanta-mayur,0
ItsBenyaamin,0
alancjo,0
C8359Frank,0
octaviareika,0
temirovazat,0
jorgecrodrigues,0
Xornotor,0
luanpanno,1
MariaEduardaDeAzevedo,0
leoszm,0
chebupelka8,0
abbarbosa,0
fernargdev,2
ihsuncloud,0
DevCodeMathias,1
FilosoDev,0
racar,0
AvaAvarai,0
Christiangsn,2
ali4zimi,0
BcanTayiz,0
zharrane,1
acuervoa,1
felipealbuquerq,0
thiagogonk,0
ChappyInnova,0
mary270,0
bccpadge,0
FabianaCampanari,0
JesusGautamah,0
arthurpbarros,0
lucasgmpaiva,0
adrianomonteiroweb,0
tchaguitos,0
luiznasciment0,2
iiizadora,0
RicardoBaltazar,0
leticiamrosa,2
AlineHoshino,2
marianapcorrea,0
jmurowaniecki,0
michaeljymsgutierrez,0
Kodeumeister,0
gloverola,0
edsoncarlosdvp,0
crimanlor,3
collinskoech11,0
FedericoSchonborn,0
JUGG097,0
silviacfreitas,0
justlucdewit,0
lucis,0
camilars,0
mirianfsilva,0
PriscilaCobra,0
vitenorio,2
souzadbr,0
mbemvieira,1
giovannyortegon,0
aerdogan,0
Logstay,2
gabrielgfw,0
xterikatx,0
JacsonF,0
slick-codes,0
gymitoso,2
inyong37,0
Zeynebb,0
AbhishekSRajput,0
Trincazul,0
frapimoneto,0
k4y4k,0
sidinei-silva,0
booscaaa,0
gh0sthx,0
peterirlam,0
RenanTRS,1
veyselaksin,2
prashiln79,0
fabs-silva,0
fabiofrasson,0
YamachitaR,0
paulofreitas-py,0
MiliWerneck,0
tiagofga,0
jvgoncalves935,0
andgomes95,0
coluzziandrea,0
mgurdal,0
jestevez,0
Randagio13,0
Ascii,0
Sankalp679,2
jebitok-dev,0
MohammedRashad,0
bugemarvin,0
geekwolverine,0
wesleyara,2
BillyFrcs,1
GustavoJuvino,1
ahmedopolis,0
hasankemaldemirci,0
Ashish33000,0
codeninja819,0
VitaminJuice,1
davellanedam,2
kamarros,0
arihant-jain-09,1
amirkhodabande,0
1King-coder,0
andreyscott,0
Tumworobere,0
beydah,0
MR-Addict,0
DiegoBelPe,1
sujeetcoder,1
jeffrdev,0
droidhazard,1
CHIdinMaij,0
kidde60,0
GabrielFraga962,2
AlexMuia31,0
marcuwynu23,0
vahan-sahakyan,0
Rangel-Floripa,0
INNOVASE,0
Juniordell,0
ritabradley,0
XorAndre,1
carolinanonato,1
acharkizakaria,1
terrotar,0
Axel-07,0
luizgustavoabreu,0
deniswou,2
Abhis113,0
Devxman007,1
KhanbalaRashidov,2
NeiTDutra,0
jankozik,0
yasemingurbuz,0
iceburgcrm,0
moisesfdasilva,1
IntrovertedFL,0
develhopper,0
ThadeuCesario,1
MARCIOMM-LL,0
fedebayer,1
B-Esmaili,0
SpySioutis,0
lemorage,0
kbmbarreto,0
KhantParthkumarA,0
oddcommit,0
nenadmarinkovic,0
kamuranturun,1
jrbytes,0
CodeStarX,1
Abel5173,0
CauanDZN,0
madfauzy,1
gab-meier,2
martinesgarcia,0
ravikantsinghsta,0
rmneves92,1
Anvi98,0
CelsoUliana,0
leocassiosilva,0
hamzaessaady,0
abdelp,0
bruprado,0
CamilaLibanio,0
ullaskunder3,0
SarahBrandao,0
jonhealy1,0
PawelStepanov,0
webjunkie01,0
WizardSource,0
rodrigondec,0
LeonardoRafaelDev,0
marcoswlrich,0
leoappio,0
MichelPomerantzeff,3
AndreiMuraro,0
joaovictorf01,0
nathaniellane,0
Akshay-Vs,1
ibrahimgurhandev,0
kocheko,0
vinigofr,0
BlueBigThink,0
lamanihani,0
ky-bot,0
chongbenben,0
SylviaAchieng,3
alvarofpp,0
johnazedo,2
duartefq,2
AsmitJoy,0
sunsea705,0
dudursn,0
NataliaSRiber,1
flash898,0
rsbastos,0
pedrotrasfereti,1
gbrsouza,0
joanmdrs,0
JPdeAzevedoLima,0
FelipeTiberio,0
enjelhutasoit,1
mateussantiago,0
emtesoam,0
santanasara,2
adityaadhikari15,0
hiwijaya,0
polatemre,1
RealTheOne,3
MitkuDubale38,1
hamedaskari,1
B-Coomber,0
mfcaicedo,0
obaydullaa,0
tigertv,0
parthi-siva,0
seanwallawalla,0
kelseykm,0
Akif9748,0
joswinemmanuel,0
Francesco601,0
emmaprofemx,0
Francis-Mwaniki,2
MelihKrts,1
amir4976,0
imyasha,0
businessservic,0
GulsenTekeli,0
hurricanehunter0702,0
AvineDev,0
Nurvural,2
felixdev0429,1
evinw,0
FrancescoPaoloL,0
joybiswas007,0
ShahramShakiba,0
dakohhh,0
N3v1,0
olehrab,1
Mavrizik,0
Abd-Elrazek,0
mattnix4,0
freshposh-code,0
viacheslav1019,0
OpolaDiamondTricky01,0
AlizerUncaged,0
lovelyBestDev,0
AshleySato899,0
AbolfazlAbbasiSaeb,0
jayjaangid,0
cmdsnr,0
vhkechichian,0
ankitaa19,0
webcat882,1
AaqibhafeezKhan,0
donniekaham,2
diogocarrola,0
CaptainBawa,0
Baraka-Mulumia,0
AMAN-SHEIKH-GIT,1
europeanplaice,0
mokhtarmramadan,0
aivan2798,0
abolfazlmahdikhanii,1
Islam412,0
yowatanabe,0
dmytrokabanets318,1
abieth,0
uradev0123,1
MITSUHIRO-KURIKI,0
soheilghs,1
vcvvvc,0
kuzkinov,0
negar-karimnejad,1
luizjxcoder,0
maziyar-gerami,0
monicaavagyan,0
Berimor11,0
FehmiCitiloglu,0
zainab0077,0
nashs789,0
kajolvortex,0
tanishq-ctrl,0
hassan7303,1
ArianeCavalcanti,0
darkhorse374,0
ismail786-ui,0
pooyanazad,0
Code-Crazier,0
AhmadrezaHamidi,1
Mohamed3nan,0
N-Laboratory,0
mmujtabah,0
Ghassen-Hizem,2
Phanurat,0
canopyua,0
longphanquangminh,0
ArtemPchela,0
benniematiko,0
Paulo19961944,0
AhmedHoussamBouzine,0
psuarezdev,2
LiuYuancheng,0
sohrabkhanbadr,0
NicosNicolaou16,0
CaiqueSantosOC,0
TalentKingPython,0
wissamdeveloper,0
MehmetErtass,2
cengizeryigit,0
Estate360,0
judeotine,0
awinooliyo,0
rasoulMoafi,0
Lucas-Woibau,0
solitarysurvivalist,0
memeulouus,0
zhenglu0,0
MKRLancer,0
awais-student,0
maksymhu,2
Jeyhun1227,0
Moslihbadr,1
PedroHugoCoura,0
acrenno,0
viniss211,0
Matheus-Emanue123,0
joaopaulocruzdefaria,0
xbucks,0
Mahdi-Shabani,0
arash-salemi,0
moein-bld,1
Flatplanet69,0
zaidod,0
JayFreemandev,0
DmitryTatarintsev,0
Dass23M,0
edelveart,0
MonkDevMast,0
vintagewang,0
luckyfrlife,0
AMANn5153,0
mensahTribeWeb,0
FeynmanDaUSP,0
zakriaalmorissi,0
legendy4141,0
rudushi4,0
leionion,0
abhiradadiya07,2
MISHOW2,0
MostaphaSobhy,0
RichGelinski,2
krobelus1990,0
SACRlFICE,0
AttackOnMyFeelings,0
Sockmyclock,0
Endale2,0
dirambora,0
albindavidc,0
ikanurfitriani,0
ca1ik,0
Nikoo-Asadnejad,1
Kxrma47,0
EgemenErin,0
tubakhxn,0
AnyumbaKE,0
DevMCalderon,0
jagdish97897,0
ahmdsami,0
JVOttoni,0
MuMartins,0
Leoz-v,0
KarinyxD,0
PaulaCCarvalho,0
lrdass,0
marcosmn,0
PatrickMeerssche,0
lag00n,0
denzylegacy,0
Bruno1406,0
fe-lino,0
GabZamba,0
thiagomes07,1
Yuhtin,0
AnaBeatriz-Caiado,0
EduardoNascimento02,0
smmstakes,0
felipetiozo,0
Erick-DAS,0
FelipeBrazM,0
EvaldoSouza,0
erileneoliveira,0
danielcarneirotech,0
alexsfs,0
rodriguezbarreto,2
vcostap,0
meimarcel,0
targino12,0
lukzgois,0
hialves,0
VictorLoures,0
pedrovitorqa,0
DanScherr,0
mcmgeomagic1,3
D-ANIELLUIS,0
Igorhls,0
gabrielftavares,1
alessandraperegrino,0
gustavohigor6,0
almeidajonathan42,0
murilobnt,0
joodavi,0
tccmbr,0
GabrielBarbosaAfo,0
moreiramax,0
gglabreu,1
fabiano1133,0
ThiagoAlmeidaDev,1
LuizGafanhotos,0
thigcampos,2
Maxceleste,1
MelissaBilher,0
IagoCB,1
marceloalckmin,0
JoaumPdr,0
Lilyan-Oliveira,0
lrgsouza,2
jaumg2004,0
IsacJSantos,0
decilio4g,0
LNovaesC,0
allysonflb,0
youssef-19,1
Nemo-0001,0
marianibarbosa,0
schulerj89,2
badiniibrahim,0
datstma,0
iamharshtrivedi,0
007will,0
condatek,0
clsource,2
marcogermani87,0
DwayneSamuels,0
julio101290,0
leemark,0
gustavoneves,0
issavejdani,0
AgungPambudi,0
IAbuElRuzz,0
mathemaphysics,0
Romulo-Reis,0
nathfavour,0
Qinisfighting,0
Ali-0111,0
felipejsm,0
KozielGPC,0
nothingcompare2u,0
PauloBoaventura,0
AlbertHambardzumyan,0
Kgermando,0
timfanda35,0
KirioXX,0
ALICHERIF,0
ArctoosR,0
Mehedi53423,0
onurdabanca94,2
CodeWithNJ,0
yoamzil,0
kucheriavii,0
JohnAnthony,0
enriched-h,0
FelipeMarini,0
ViniciusMirandaDev,0
HugoSVitor,0
Vinicius-Evangelista,0
LimaGustav,0
Miguel-Gu,0
MurilloAssis,0
patricia-faustino,0
kilerhg,1
RichardRichk,0
beatrizaraujoam,0
csorlandi,0
vieiraricardo,0
lidy2374,0
victorbjorklund,0
nathannieg,0
daniloab,0
murillo-nahas,0
arthcc,0
fersilva16,1
vitumenezes,0
renan-augusto3850,0
devIasminSilva,1
zLibrian,0
liverday,0
ErosMLima,0
titusnjuguna,0
freire45,0
ldanielz,0
codecaiine,0
tijko,2
acgoularthub,0
ohmymario,2
davidboerm,0
weidmaster,0
rpairo,2
carlosmolano,0
iamserda,0
muratyaman,0
asmexcaliburwoods,0
prakashbh,0
Salpadding,0
marcostark,0
gokulkrishnann,0
carlos-ssh,0
noogabe,0
welberthenrique,0
MurylloEx,0
HarshalShende,1
ITyouG,0
rajkane,0
0xbalazstoth,0
viniciuscgp,0
stevelorenz,0
AnaBeat,0
Arfaouim,0
messias-code,0
clean128,0
ManishShah120,0
JkDevArg,0
radithvova,0
aleksanderpalamar,2
MatheusAlvarez,0
Clalloures,0
polyanetuag,1
anandaLu,1
LorisJunior,0
4-Leafs-Code,0
zeciljain8197,0
frozen-dev71,0
ribeiro-henrique,0
ghazaleth,0
MehdiPariz,2
renan-siqueira,2
petk,0
JAremko,0
learosema,0
lucianafatino,0
fecampi,1
vedil17,0
Panquesito7,0
martsallan,0
KyleStew402,1
zakarialaouiETU,0
czanalytics,0
punitkatiyar,0
vldmatos,0
Faguiro,1
yusup-maulana,0
cambricorp,0
yuripinheirot,0
michelewtc,0
martinsgabriel1956,1
RashidKisome,0
zbari023,0
sheraadams,2
HumaionKobir1,0
Swati-Tanu,0
Yidnekachew-cmd,0
NathaliaBarreiros,0
mayaratlt23,0
celinatakeda,0
Aldo-Ezequiel-Rodriguez-Mendez,0
leofab,0
yuriy-kulakovskyi,0
lhamadopagode,0
freeman0725,0
hotshinydev,0
Vikash21s,0
liviaaVS,0
Gonzagadavid,1
rafaelafpro,1
lucascprazeres,0
CaioGrossi,0
ravenascampos,3
caue-alves,0
alexlondon07,0
FlaviaLopes,0
techjuliana,0
carlacou,1
oliviamattiazzo,0
victorbxavier,0
tatyquebralayout,0
AlianPro,0
barbaracalderon,0
JeniferAlanaSantos,0
LuSntgo,0
deyvid-dev,0
ElaineMoreira,0
srtapoe,0
dinizmariana,0
JeffTheAggie,0
shoukreytom,0
BILLXZY1215,0
alexlopesbr,0
ferbaco86,0
Keegan-y,0
Gicehajunior,0
FelipeFerreiraSS,0
ELHLAFI-Mohamed,2
nivit,0
herculesgabriel,1
lakithasahan,2
daniel0ferraz,0
kaaneneskpc,0
victorsouza19,1
karenngomes,0
paul0vinicius,0
amberkakkar01,0
LuisMarchio03,0
anapaulafelic,1
luizanevesb,0
Giih97,0
JayeshTiwari03,3
jcbritobr,0
mixin27,0
Ualb,0
hdbeigy,0
marcelosanto,0
jhonataT,0
jgudo,0
Husseinhj,0
jesperancinha,2
rijkerd,0
haticeozdemir,0
bacarPereira,0
JoramWells,0
ekinsuataman,0
arthmalbeck,0
snandasena,0
azdrenymeri,0
melissa-aguiar,0
MustafaSeyrek,2
sn-chege,1
swelencesario,0
amrmuhamedd,0
mdnm,0
elisakalil,0
MikaelaBraga,0
divyesh2123,0
Raiannecaroline,0
vickttor,0
LorranPdS,1
mablue,0
wevdiaz,0
SamGCM,0
siomarapantarotto,0
hu53yin,0
gabrielsimas,0
JonathanRamosNascimento,0
HypertextAssassin0273,0
explcre,0
tttprog,0
felipe-programador-18,0
kamil-kw,0
dabideee13,0
NiranjanNlc,0
chrislusf,0
woogiekim,0
miraclecra,2
Rencist,0
adamansky,0
irvanahmadp,0
mr-dvlpr,0
Wesley-Breno,0
sartimo,0
pfillipi,0
Devkumar2021024,0
with-mahimasingh,0
fab-souza,0
lucasbento,0
laststonedjs,0
anthony-ndegwa-dev,2
wallyson123,0
OybekKayumov,0
omeripek,0
Klowby,0
yasuhei,0
jodfedlet,2
binRick,0
Guilherme2020,0
izhal27,0
EdmilsonFerreiraF,2
yunusemrejr,0
NauhWuun,0
defauth98,0
limaleandro1999,0
AndreDevLopes,0
nancytes,1
anathonic,0
aamirkhan2478,1
PauloVx,0
AllineFranciely,0
vanribeiro,1
Mickaellah,0
ibrahimov13,3
araujodanield,0
Romariorfr,0
jonathanyeh0723,0
isaias30silva,0
coutinhomarco,1
honey-creator-git,0
FrancoMelandri,0
mirshahbazi,1
ehduardu,0
MahdiZandi,0
ClaytonCassi,0
eduardomecchia,1
alemandira,0
EwertonDaniel,0
iamdeepak199,0
aurora-mm,0
uwenayoallain,0
Otherwa,0
camila-github,3
nitria,3
amzotelli,2
wsasouza,0
felipeholanda2077,0
Ammon21,0
PreciousNyasulu,0
melekdogan,0
hezronkimutai,0
MehdiMst00,1
DevashishPathrabe,0
Jardel-Gregorio,0
emreuyguc,2
danielsobral,0
DerrickML,0
ProjectPannonia,0
ralvescosta,0
sinamoraddar,3
alt-jams,0
fritssasia,0
AndersonSilva94,0
allanfsgarcia,0
ismenialeao,0
juliathemelo,0
TiagoSSGaspar,0
ViniciusBPereira,0
Mudit1234Sinha,0
GeoZac,0
Aidoni0797,0
NiesciorMichal,0
bounceru,0
raki77,0
WANDEX,0
BrunaHosken,1
emys-alb,0
guilhermeassuncao,0
skapkun,0
thiagothree,0
hna11,0
Bobmaintain,0
opsimata,0
MessiasnovaesTI,0
LeandroMatosSoares,0
everythinguwannatobe,1
aadhyag5115,0
Vinealius,0
noghartt,0
dev-alexandre17,0
EmersonJahn,0
anderrf,0
roniets,0
reinaldo-silva,0
mdaniliauskas,0
iwilldev,0
blockwizard777,0
BrunaCarla23,0
plh97,0
BrunoLTads,0
deliminha,2
igorrfc,0
jonaselan,0
gabrielmds222,0
felipersteles,0
VictorSilvaaa,0
jovijovi-john,0
thiagowallass,0
robertrdas,0
LauraGusmao,1
gabrielanebbia,2
marcoglnd,0
Gabriel-sys-hub,1
SamroodAli,2
lucasmedeiros,0
natanfernandes,2
cleiton-lima,0
DanielLeiros,0
Jhon3,0
medson,2
carvalheirafc,0
erickos,0
AndressaStefany,0
jotaves,0
pentalpha,0
marianefelix,0
Hamedmostafavi,0
kubrafelek,2
CompetitiveLin,0
figonzal1,0
Zamuhrishka,0
devpro,0
b-sullender,0
FurkanEdizkan,0
lssarao,0
KhunKyawTunwin,1
adhil-bit,0
coolidev,0
AndreyGermanov,1
kennydop,2
SammyLeths,0
raselldev,0
SylarLong,0
Benmuriuki,0
DebugJO,0
sepehrfx,0
merndev1101,1
fun-loving-otter,0
andreyvdl,0
travinhbuonlam1,0
bobbyray1005,1
Poriadvin1,0
mouadchahid1,1
Suprememajor,0
Nova0222,0
awaismohammad23,0
Olivianik,0
omersaritemur3056,1
JihadHamdy35,1
penguin011,1
blaze0330,2
prabhattopi,0
MahinMuhammad,0
echo724,0
elqessouartariq,0
DorisFriesen,0
Coyolx,0
